date,stock_id,pct_1000,pct_400
2026-07-09,1101,50.83,54.98
2026-07-09,1102,79.72,81.85
2026-07-09,1103,76.7,80.3
2026-07-09,1104,67.05,72.83
2026-07-09,1107,99.7,99.7
2026-07-09,1108,75.32,80.21
2026-07-09,1109,72.84,79.33
2026-07-09,1110,91.46,93.9
2026-07-09,1201,59.49,63.5
2026-07-09,1203,86.72,91.08
2026-07-09,1204,31.77,45.74
2026-07-09,1207,75.26,77.24
2026-07-09,1210,61.18,65.48
2026-07-09,1212,35.58,44.23
2026-07-09,1213,75.28,81.6
2026-07-09,1215,54.39,59.15
2026-07-09,1216,85.82,89.39
2026-07-09,1217,53.22,60.6
2026-07-09,1218,63.56,67.88
2026-07-09,1219,57.57,62.64
2026-07-09,1220,60.42,67.57
2026-07-09,1221,25.82,34.14
2026-07-09,1224,82.37,88.35
2026-07-09,1225,87.46,89.83
2026-07-09,1227,64.26,67.3
2026-07-09,1228,12.17,37.93
2026-07-09,1229,62.45,65.29
2026-07-09,1231,62.83,64.61
2026-07-09,1232,72.12,73.57
2026-07-09,1233,67.85,75.28
2026-07-09,1234,74.27,83.17
2026-07-09,1235,95.23,96.41
2026-07-09,1236,77.96,82.87
2026-07-09,1238,8.56,11.73
2026-07-09,1240,49.12,69.65
2026-07-09,1256,47.12,59.91
2026-07-09,1259,71.31,76.89
2026-07-09,1260,70.63,75.9
2026-07-09,1264,24.84,47.27
2026-07-09,1268,72.16,78.11
2026-07-09,1269,72.74,77.74
2026-07-09,1271,55.45,66.93
2026-07-09,1293,42.36,74.29
2026-07-09,1294,41.28,56.74
2026-07-09,1295,44.93,56.48
2026-07-09,1301,71.62,74.22
2026-07-09,1303,84.5,86.87
2026-07-09,1304,58.38,61.57
2026-07-09,1305,47.81,51.77
2026-07-09,1306,19.38,21.31
2026-07-09,1307,78.23,81.59
2026-07-09,1308,49.33,52.69
2026-07-09,1309,42.84,46.63
2026-07-09,1310,24.03,29.92
2026-07-09,1312,45.94,50.98
2026-07-09,1313,63.78,67.98
2026-07-09,1314,34.0,42.19
2026-07-09,1315,70.24,80.7
2026-07-09,1316,28.12,38.94
2026-07-09,1319,76.07,80.06
2026-07-09,1321,53.85,70.13
2026-07-09,1323,60.99,70.41
2026-07-09,1324,59.28,66.66
2026-07-09,1325,44.79,47.72
2026-07-09,1326,80.1,82.54
2026-07-09,1333,43.03,51.19
2026-07-09,1336,38.21,51.08
2026-07-09,1337,39.84,48.06
2026-07-09,1338,31.35,42.49
2026-07-09,1339,72.42,74.54
2026-07-09,1340,28.99,34.86
2026-07-09,1341,75.97,83.7
2026-07-09,1342,51.58,59.73
2026-07-09,1343,42.13,66.04
2026-07-09,1402,86.67,88.7
2026-07-09,1407,28.84,35.25
2026-07-09,1408,12.51,20.66
2026-07-09,1409,62.47,65.93
2026-07-09,1410,68.23,76.25
2026-07-09,1413,69.31,75.83
2026-07-09,1414,82.71,88.11
2026-07-09,1416,49.07,54.25
2026-07-09,1417,48.19,58.24
2026-07-09,1418,58.96,71.46
2026-07-09,1419,85.54,90.75
2026-07-09,1423,76.27,83.04
2026-07-09,1432,53.37,54.86
2026-07-09,1434,68.46,72.06
2026-07-09,1435,93.06,94.87
2026-07-09,1436,73.42,76.93
2026-07-09,1437,66.83,79.58
2026-07-09,1438,76.37,83.1
2026-07-09,1439,74.68,84.77
2026-07-09,1440,73.12,77.93
2026-07-09,1441,58.35,65.0
2026-07-09,1442,78.43,86.53
2026-07-09,1443,81.1,89.9
2026-07-09,1444,59.84,63.94
2026-07-09,1445,59.09,68.83
2026-07-09,1446,62.61,65.66
2026-07-09,1447,65.82,69.88
2026-07-09,1449,31.46,38.35
2026-07-09,1450,20.94,25.71
2026-07-09,1451,56.63,63.19
2026-07-09,1452,37.7,48.55
2026-07-09,1453,73.67,75.59
2026-07-09,1454,77.54,81.72
2026-07-09,1455,62.89,66.45
2026-07-09,1456,80.56,85.48
2026-07-09,1457,68.1,74.53
2026-07-09,1458,51.01,59.73
2026-07-09,1459,79.48,85.74
2026-07-09,1460,65.11,71.96
2026-07-09,1462,34.36,46.47
2026-07-09,1463,74.63,81.15
2026-07-09,1464,54.37,61.59
2026-07-09,1465,62.37,72.78
2026-07-09,1466,61.77,69.19
2026-07-09,1467,59.3,66.13
2026-07-09,1468,96.81,97.56
2026-07-09,1469,87.63,92.35
2026-07-09,1470,70.24,87.27
2026-07-09,1471,16.86,22.8
2026-07-09,1472,69.81,81.01
2026-07-09,1473,69.23,71.64
2026-07-09,1474,52.89,59.38
2026-07-09,1475,68.99,76.28
2026-07-09,1476,74.04,80.44
2026-07-09,1477,52.88,63.43
2026-07-09,1480,94.46,98.22
2026-07-09,1491,44.24,59.65
2026-07-09,1498,0.0,48.56
2026-07-09,1503,71.09,73.59
2026-07-09,1504,66.76,69.65
2026-07-09,1506,71.33,77.15
2026-07-09,1507,100.0,100.0
2026-07-09,1512,47.81,53.89
2026-07-09,1513,38.98,43.17
2026-07-09,1514,37.55,44.76
2026-07-09,1515,42.29,52.07
2026-07-09,1516,58.69,64.74
2026-07-09,1517,44.11,48.82
2026-07-09,1519,66.23,72.63
2026-07-09,1521,66.46,68.08
2026-07-09,1522,52.39,57.72
2026-07-09,1524,35.27,38.55
2026-07-09,1525,86.25,88.19
2026-07-09,1526,29.94,37.02
2026-07-09,1527,27.89,32.04
2026-07-09,1528,27.74,29.3
2026-07-09,1529,41.96,47.1
2026-07-09,1530,70.06,75.93
2026-07-09,1531,54.04,64.09
2026-07-09,1532,58.77,66.33
2026-07-09,1533,52.11,63.28
2026-07-09,1534,35.29,46.91
2026-07-09,1535,75.07,75.48
2026-07-09,1536,27.12,32.34
2026-07-09,1537,42.7,52.25
2026-07-09,1538,70.77,78.45
2026-07-09,1539,58.44,61.19
2026-07-09,1540,23.47,35.61
2026-07-09,1541,79.45,83.75
2026-07-09,1553,0.0,0.0
2026-07-09,1557,0.0,30.38
2026-07-09,1558,10.2,34.7
2026-07-09,1560,48.78,66.19
2026-07-09,1563,34.86,48.13
2026-07-09,1565,8.33,18.16
2026-07-09,1568,56.52,65.37
2026-07-09,1569,43.53,51.61
2026-07-09,1570,42.94,55.78
2026-07-09,1571,0.0,67.23
2026-07-09,1573,0.0,0.0
2026-07-09,1575,0.0,0.0
2026-07-09,1577,0.0,0.0
2026-07-09,1580,29.88,40.17
2026-07-09,1582,26.3,30.4
2026-07-09,1583,89.51,91.25
2026-07-09,1584,36.53,41.08
2026-07-09,1585,45.66,65.29
2026-07-09,1586,60.25,71.59
2026-07-09,1587,37.81,46.51
2026-07-09,1589,21.01,28.36
2026-07-09,1590,53.32,72.99
2026-07-09,1591,8.54,21.76
2026-07-09,1592,18.1,26.43
2026-07-09,1593,35.42,50.04
2026-07-09,1594,75.4,82.82
2026-07-09,1595,33.75,45.55
2026-07-09,1597,38.32,51.41
2026-07-09,1598,53.0,59.84
2026-07-09,1599,57.22,64.74
2026-07-09,1601,6.24,11.51
2026-07-09,1602,9.55,12.14
2026-07-09,1603,69.15,72.8
2026-07-09,1604,52.82,58.26
2026-07-09,1605,70.49,72.88
2026-07-09,1606,9.43,15.82
2026-07-09,1608,60.43,64.28
2026-07-09,1609,29.06,32.46
2026-07-09,1611,45.77,53.8
2026-07-09,1612,54.41,60.54
2026-07-09,1613,47.37,57.73
2026-07-09,1614,75.35,82.75
2026-07-09,1615,76.84,80.27
2026-07-09,1616,55.77,60.52
2026-07-09,1617,70.1,76.48
2026-07-09,1618,53.74,57.71
2026-07-09,1623,72.6,76.3
2026-07-09,1626,60.09,69.72
2026-07-09,1702,53.76,57.03
2026-07-09,1707,41.48,53.41
2026-07-09,1708,38.03,42.8
2026-07-09,1709,54.86,63.96
2026-07-09,1710,57.46,62.69
2026-07-09,1711,38.65,43.44
2026-07-09,1712,47.18,57.28
2026-07-09,1713,66.6,73.95
2026-07-09,1714,50.84,55.86
2026-07-09,1717,60.67,66.53
2026-07-09,1718,48.68,53.0
2026-07-09,1720,59.52,65.83
2026-07-09,1721,31.57,38.24
2026-07-09,1722,60.22,65.74
2026-07-09,1723,46.24,51.69
2026-07-09,1725,93.07,94.18
2026-07-09,1726,83.87,85.7
2026-07-09,1727,52.03,56.43
2026-07-09,1729,85.84,91.39
2026-07-09,1730,53.73,57.3
2026-07-09,1731,51.39,55.99
2026-07-09,1732,44.13,46.4
2026-07-09,1733,32.43,40.75
2026-07-09,1734,41.3,50.18
2026-07-09,1735,77.79,78.39
2026-07-09,1736,83.26,88.21
2026-07-09,1737,59.32,63.81
2026-07-09,1742,71.96,80.84
2026-07-09,1748,36.13,39.26
2026-07-09,1752,57.63,64.03
2026-07-09,1760,33.86,42.29
2026-07-09,1762,36.1,46.24
2026-07-09,1763,100.0,100.0
2026-07-09,1764,100.0,100.0
2026-07-09,1765,100.0,100.0
2026-07-09,1766,100.0,100.0
2026-07-09,1773,68.86,75.25
2026-07-09,1775,100.0,100.0
2026-07-09,1776,44.12,65.78
2026-07-09,1777,51.64,59.59
2026-07-09,1780,61.8,76.18
2026-07-09,1781,25.75,44.44
2026-07-09,1783,55.61,63.97
2026-07-09,1784,18.13,29.18
2026-07-09,1785,40.91,46.85
2026-07-09,1786,43.73,51.88
2026-07-09,1788,40.1,50.04
2026-07-09,1789,74.49,76.94
2026-07-09,1794,0.0,0.0
2026-07-09,1795,53.24,58.2
2026-07-09,1796,45.18,55.75
2026-07-09,1799,66.48,68.13
2026-07-09,1802,75.61,77.44
2026-07-09,1805,70.34,77.4
2026-07-09,1806,70.67,74.49
2026-07-09,1807,38.19,47.35
2026-07-09,1808,77.59,79.66
2026-07-09,1809,42.5,47.43
2026-07-09,1810,62.41,67.31
2026-07-09,1813,33.67,47.72
2026-07-09,1814,57.36,74.93
2026-07-09,1815,30.92,34.08
2026-07-09,1816,91.94,94.8
2026-07-09,1817,58.41,65.17
2026-07-09,1818,63.87,75.49
2026-07-09,1819,65.69,84.42
2026-07-09,1903,74.87,81.01
2026-07-09,1904,62.31,66.72
2026-07-09,1905,68.99,71.47
2026-07-09,1906,70.25,74.49
2026-07-09,1907,80.95,84.57
2026-07-09,1909,63.06,67.41
2026-07-09,1918,17.59,20.57
2026-07-09,2002,47.94,51.72
2026-07-09,2006,73.89,79.34
2026-07-09,2007,75.66,76.66
2026-07-09,2008,91.07,92.4
2026-07-09,2009,55.25,56.58
2026-07-09,2010,64.21,68.42
2026-07-09,2012,74.59,84.07
2026-07-09,2013,76.59,79.48
2026-07-09,2014,46.63,49.47
2026-07-09,2015,81.73,88.03
2026-07-09,2017,57.89,62.17
2026-07-09,2020,44.75,50.28
2026-07-09,2022,36.74,39.97
2026-07-09,2023,77.34,78.89
2026-07-09,2024,80.77,83.0
2026-07-09,2025,59.09,62.49
2026-07-09,2027,69.84,73.95
2026-07-09,2028,81.21,83.5
2026-07-09,2029,68.39,71.2
2026-07-09,2030,44.17,47.95
2026-07-09,2031,50.66,55.69
2026-07-09,2032,48.49,58.99
2026-07-09,2033,61.4,74.13
2026-07-09,2034,42.73,48.92
2026-07-09,2035,96.23,96.7
2026-07-09,2038,49.48,53.76
2026-07-09,2049,60.68,68.56
2026-07-09,2056,86.08,94.01
2026-07-09,2058,18.38,25.86
2026-07-09,2059,56.35,66.44
2026-07-09,2060,87.22,87.22
2026-07-09,2061,31.73,54.07
2026-07-09,2062,55.49,61.98
2026-07-09,2063,37.47,53.45
2026-07-09,2064,72.44,83.04
2026-07-09,2065,42.11,52.7
2026-07-09,2066,53.56,69.7
2026-07-09,2067,49.07,56.5
2026-07-09,2068,100.0,100.0
2026-07-09,2069,52.2,61.95
2026-07-09,2070,47.35,56.92
2026-07-09,2071,72.61,83.66
2026-07-09,2072,72.09,75.28
2026-07-09,2073,51.57,75.18
2026-07-09,2101,59.0,65.27
2026-07-09,2102,76.45,80.77
2026-07-09,2103,51.8,56.54
2026-07-09,2104,36.58,45.04
2026-07-09,2105,78.24,80.84
2026-07-09,2106,75.17,79.79
2026-07-09,2107,57.36,63.08
2026-07-09,2108,64.5,69.96
2026-07-09,2109,66.65,74.57
2026-07-09,2113,0.0,0.0
2026-07-09,2114,58.9,65.74
2026-07-09,2115,58.7,70.39
2026-07-09,2201,59.94,63.96
2026-07-09,2204,72.18,74.97
2026-07-09,2206,80.7,84.36
2026-07-09,2207,82.81,89.23
2026-07-09,2208,50.62,55.58
2026-07-09,2211,79.13,82.47
2026-07-09,2221,64.71,64.71
2026-07-09,2226,100.0,100.0
2026-07-09,2227,93.27,93.51
2026-07-09,2228,53.88,56.79
2026-07-09,2229,0.0,41.04
2026-07-09,2230,29.65,46.09
2026-07-09,2231,62.62,65.84
2026-07-09,2233,34.18,49.75
2026-07-09,2235,76.02,83.81
2026-07-09,2236,62.6,72.64
2026-07-09,2237,74.82,80.84
2026-07-09,2239,77.26,80.07
2026-07-09,2241,32.42,45.11
2026-07-09,2243,53.72,69.27
2026-07-09,2245,66.91,77.75
2026-07-09,2246,65.07,68.53
2026-07-09,2247,72.7,76.68
2026-07-09,2248,71.79,79.34
2026-07-09,2249,54.36,71.37
2026-07-09,2250,48.97,51.12
2026-07-09,2252,74.25,80.0
2026-07-09,2254,87.89,92.89
2026-07-09,2255,73.38,79.17
2026-07-09,2256,42.62,57.76
2026-07-09,2258,92.62,93.8
2026-07-09,2301,73.46,78.28
2026-07-09,2302,56.69,60.7
2026-07-09,2303,74.15,76.78
2026-07-09,2305,64.17,68.77
2026-07-09,2308,74.63,81.62
2026-07-09,2312,42.83,47.22
2026-07-09,2313,50.69,56.2
2026-07-09,2314,3.31,9.72
2026-07-09,2316,59.78,67.25
2026-07-09,2317,66.11,68.81
2026-07-09,2318,22.74,26.94
2026-07-09,2321,67.91,71.01
2026-07-09,2323,39.84,46.3
2026-07-09,2324,58.58,62.38
2026-07-09,2326,6.45,12.63
2026-07-09,2327,68.63,73.38
2026-07-09,2328,36.24,40.2
2026-07-09,2329,47.85,51.83
2026-07-09,2330,85.01,87.74
2026-07-09,2331,54.17,58.18
2026-07-09,2332,38.89,44.68
2026-07-09,2333,20.28,28.95
2026-07-09,2335,25.37,35.56
2026-07-09,2337,41.04,45.64
2026-07-09,2338,43.76,48.79
2026-07-09,2340,33.86,38.53
2026-07-09,2341,86.94,86.94
2026-07-09,2342,34.45,39.38
2026-07-09,2344,66.93,69.89
2026-07-09,2345,57.2,71.19
2026-07-09,2347,85.42,89.15
2026-07-09,2348,65.52,68.84
2026-07-09,2349,22.6,29.25
2026-07-09,2351,60.51,72.64
2026-07-09,2352,44.24,49.3
2026-07-09,2353,33.88,37.89
2026-07-09,2354,42.32,44.92
2026-07-09,2355,31.08,39.16
2026-07-09,2356,70.25,73.39
2026-07-09,2357,62.5,72.44
2026-07-09,2358,23.45,27.69
2026-07-09,2359,39.01,45.92
2026-07-09,2360,53.9,70.93
2026-07-09,2361,47.2,52.93
2026-07-09,2362,75.6,79.35
2026-07-09,2363,32.7,37.49
2026-07-09,2364,51.35,55.02
2026-07-09,2365,18.5,23.73
2026-07-09,2367,23.61,27.12
2026-07-09,2368,70.05,78.54
2026-07-09,2369,33.97,38.13
2026-07-09,2371,42.02,46.85
2026-07-09,2373,86.13,87.25
2026-07-09,2374,23.02,27.74
2026-07-09,2375,21.44,29.94
2026-07-09,2376,62.11,69.31
2026-07-09,2377,57.2,63.27
2026-07-09,2378,26.89,33.7
2026-07-09,2379,59.53,74.31
2026-07-09,2380,32.74,36.41
2026-07-09,2381,0.0,0.0
2026-07-09,2382,81.8,85.66
2026-07-09,2383,57.16,69.13
2026-07-09,2384,20.95,28.01
2026-07-09,2385,68.65,74.89
2026-07-09,2387,51.88,58.19
2026-07-09,2388,64.56,68.41
2026-07-09,2390,33.54,39.84
2026-07-09,2392,43.96,48.16
2026-07-09,2393,60.62,68.64
2026-07-09,2395,77.94,85.49
2026-07-09,2396,37.06,45.5
2026-07-09,2397,66.51,69.67
2026-07-09,2398,32.59,36.51
2026-07-09,2399,25.8,33.85
2026-07-09,2401,37.45,42.96
2026-07-09,2402,33.86,37.92
2026-07-09,2404,39.19,53.11
2026-07-09,2405,19.0,23.65
2026-07-09,2406,28.64,34.17
2026-07-09,2407,27.81,37.8
2026-07-09,2408,80.24,82.32
2026-07-09,2409,43.91,48.45
2026-07-09,2410,23.68,36.32
2026-07-09,2412,77.89,79.66
2026-07-09,2413,51.45,58.94
2026-07-09,2414,48.53,59.96
2026-07-09,2415,58.55,63.4
2026-07-09,2417,39.59,42.46
2026-07-09,2418,42.1,47.75
2026-07-09,2419,63.0,64.88
2026-07-09,2420,41.25,50.63
2026-07-09,2421,46.14,57.24
2026-07-09,2423,69.51,75.43
2026-07-09,2424,79.34,81.01
2026-07-09,2425,37.36,49.46
2026-07-09,2426,40.65,45.4
2026-07-09,2427,49.81,53.82
2026-07-09,2428,50.83,64.22
2026-07-09,2429,43.4,52.44
2026-07-09,2430,55.81,63.32
2026-07-09,2431,34.92,42.26
2026-07-09,2432,72.89,76.66
2026-07-09,2433,77.84,79.0
2026-07-09,2434,77.32,79.84
2026-07-09,2435,28.37,32.29
2026-07-09,2436,20.84,28.78
2026-07-09,2438,49.4,58.41
2026-07-09,2439,26.57,34.32
2026-07-09,2440,66.87,70.35
2026-07-09,2441,64.5,69.59
2026-07-09,2442,49.99,57.42
2026-07-09,2443,45.96,55.24
2026-07-09,2444,18.06,28.3
2026-07-09,2445,12.44,15.69
2026-07-09,2449,60.47,67.02
2026-07-09,2450,75.97,77.21
2026-07-09,2451,67.8,72.44
2026-07-09,2453,40.29,45.87
2026-07-09,2454,64.61,74.71
2026-07-09,2455,34.9,49.43
2026-07-09,2457,26.16,30.78
2026-07-09,2458,50.54,60.8
2026-07-09,2459,42.01,52.99
2026-07-09,2460,54.73,59.61
2026-07-09,2461,35.59,46.01
2026-07-09,2462,50.3,55.96
2026-07-09,2464,34.13,41.03
2026-07-09,2465,30.71,36.46
2026-07-09,2466,83.87,89.93
2026-07-09,2467,59.93,68.44
2026-07-09,2468,50.02,50.64
2026-07-09,2471,6.74,25.13
2026-07-09,2472,47.88,59.31
2026-07-09,2474,64.03,68.48
2026-07-09,2475,64.54,71.12
2026-07-09,2476,58.13,66.28
2026-07-09,2477,66.97,73.19
2026-07-09,2478,56.01,64.21
2026-07-09,2479,25.58,32.36
2026-07-09,2480,18.24,30.72
2026-07-09,2481,60.82,67.22
2026-07-09,2482,35.02,41.27
2026-07-09,2483,60.95,64.66
2026-07-09,2484,21.88,29.41
2026-07-09,2485,16.83,20.24
2026-07-09,2486,33.7,39.29
2026-07-09,2488,45.53,52.89
2026-07-09,2489,26.88,30.62
2026-07-09,2490,15.32,21.31
2026-07-09,2491,66.45,74.34
2026-07-09,2492,69.45,73.57
2026-07-09,2493,45.16,55.67
2026-07-09,2494,73.05,81.47
2026-07-09,2495,44.94,50.25
2026-07-09,2496,35.07,49.57
2026-07-09,2497,58.96,70.17
2026-07-09,2498,33.82,39.33
2026-07-09,2499,37.93,44.14
2026-07-09,2501,72.96,77.64
2026-07-09,2504,70.07,75.27
2026-07-09,2505,75.67,79.66
2026-07-09,2506,71.86,76.89
2026-07-09,2509,63.87,69.79
2026-07-09,2511,74.58,80.19
2026-07-09,2512,25.03,34.19
2026-07-09,2514,84.58,87.98
2026-07-09,2515,54.36,61.52
2026-07-09,2516,63.37,71.93
2026-07-09,2520,67.96,71.91
2026-07-09,2521,25.83,35.24
2026-07-09,2523,35.94,44.65
2026-07-09,2524,91.73,93.04
2026-07-09,2525,20.25,31.69
2026-07-09,2527,75.28,80.24
2026-07-09,2528,79.36,84.03
2026-07-09,2530,81.72,85.67
2026-07-09,2533,26.07,38.27
2026-07-09,2534,64.62,71.81
2026-07-09,2535,55.67,61.89
2026-07-09,2536,68.31,76.87
2026-07-09,2537,51.62,58.75
2026-07-09,2538,66.66,75.19
2026-07-09,2539,84.36,86.92
2026-07-09,2540,89.09,91.11
2026-07-09,2542,59.13,62.81
2026-07-09,2543,66.86,71.13
2026-07-09,2545,73.57,76.37
2026-07-09,2546,58.78,62.45
2026-07-09,2547,63.87,70.38
2026-07-09,2548,38.61,50.87
2026-07-09,2553,10.95,18.71
2026-07-09,2566,0.0,0.0
2026-07-09,2569,74.73,83.38
2026-07-09,2572,57.57,83.39
2026-07-09,2591,0.0,0.0
2026-07-09,2592,82.1,90.43
2026-07-09,2596,61.79,72.36
2026-07-09,2597,78.18,81.46
2026-07-09,2599,51.71,65.95
2026-07-09,2601,27.62,33.01
2026-07-09,2603,65.26,70.17
2026-07-09,2605,48.67,52.79
2026-07-09,2606,71.95,74.69
2026-07-09,2607,70.39,76.92
2026-07-09,2608,71.75,76.79
2026-07-09,2609,52.79,55.67
2026-07-09,2610,69.89,72.61
2026-07-09,2611,43.24,46.95
2026-07-09,2612,68.35,73.54
2026-07-09,2613,49.46,56.27
2026-07-09,2614,43.14,47.36
2026-07-09,2615,82.57,85.1
2026-07-09,2616,41.0,44.82
2026-07-09,2617,58.21,62.61
2026-07-09,2618,76.33,79.5
2026-07-09,2622,0.0,0.0
2026-07-09,2626,0.0,0.0
2026-07-09,2630,62.04,65.4
2026-07-09,2633,84.49,86.34
2026-07-09,2634,48.96,51.22
2026-07-09,2636,34.8,41.39
2026-07-09,2637,76.9,81.83
2026-07-09,2639,99.01,99.01
2026-07-09,2640,58.31,73.53
2026-07-09,2641,23.6,28.66
2026-07-09,2642,60.38,60.38
2026-07-09,2643,58.64,65.24
2026-07-09,2644,75.4,79.61
2026-07-09,2645,82.46,86.57
2026-07-09,2646,63.33,65.08
2026-07-09,2701,84.45,86.27
2026-07-09,2702,72.53,73.69
2026-07-09,2704,83.36,88.48
2026-07-09,2705,59.75,66.31
2026-07-09,2706,81.54,85.23
2026-07-09,2707,54.75,61.58
2026-07-09,2712,86.86,90.8
2026-07-09,2714,0.0,0.0
2026-07-09,2717,0.0,0.0
2026-07-09,2718,88.24,88.24
2026-07-09,2719,89.53,91.02
2026-07-09,2720,48.9,61.03
2026-07-09,2722,82.36,87.43
2026-07-09,2723,60.84,68.61
2026-07-09,2724,79.45,83.61
2026-07-09,2726,49.52,65.26
2026-07-09,2727,17.98,36.24
2026-07-09,2729,57.11,66.38
2026-07-09,2730,86.67,86.67
2026-07-09,2731,33.73,41.94
2026-07-09,2732,53.51,58.72
2026-07-09,2733,75.11,77.26
2026-07-09,2734,31.34,37.34
2026-07-09,2735,0.0,0.0
2026-07-09,2736,46.33,55.95
2026-07-09,2738,94.86,97.88
2026-07-09,2739,67.94,73.48
2026-07-09,2740,72.53,72.53
2026-07-09,2741,53.92,65.08
2026-07-09,2743,50.27,52.86
2026-07-09,2745,51.29,53.0
2026-07-09,2748,58.44,61.31
2026-07-09,2749,33.27,75.15
2026-07-09,2750,88.06,98.53
2026-07-09,2751,60.38,60.38
2026-07-09,2752,40.7,63.69
2026-07-09,2753,43.66,54.68
2026-07-09,2754,66.51,73.08
2026-07-09,2755,59.36,63.52
2026-07-09,2756,53.58,73.25
2026-07-09,2758,46.27,73.57
2026-07-09,2759,100.0,100.0
2026-07-09,2760,84.01,88.34
2026-07-09,2761,46.15,57.71
2026-07-09,2762,80.91,85.92
2026-07-09,2801,73.72,77.43
2026-07-09,2807,0.0,0.0
2026-07-09,2811,26.29,34.41
2026-07-09,2812,54.03,59.15
2026-07-09,2816,74.81,80.08
2026-07-09,2820,62.49,66.35
2026-07-09,2825,0.0,5.68
2026-07-09,2827,29.69,36.74
2026-07-09,2831,57.15,62.01
2026-07-09,2832,62.88,69.13
2026-07-09,2834,55.75,61.34
2026-07-09,2836,82.31,85.31
2026-07-09,2838,89.08,90.77
2026-07-09,2841,50.11,57.39
2026-07-09,2845,69.82,74.66
2026-07-09,2849,97.98,98.48
2026-07-09,2850,57.44,67.81
2026-07-09,2851,66.35,71.09
2026-07-09,2852,53.18,65.49
2026-07-09,2855,70.79,76.01
2026-07-09,2867,82.26,85.63
2026-07-09,2880,79.0,81.43
2026-07-09,2881,84.17,86.33
2026-07-09,2882,83.19,85.54
2026-07-09,2883,63.82,67.7
2026-07-09,2884,68.07,72.51
2026-07-09,2885,80.56,83.12
2026-07-09,2886,81.56,83.04
2026-07-09,2887,70.68,74.82
2026-07-09,2889,71.2,73.84
2026-07-09,2890,77.67,80.89
2026-07-09,2891,79.47,82.24
2026-07-09,2892,67.39,71.32
2026-07-09,2897,81.41,85.62
2026-07-09,2901,71.64,79.19
2026-07-09,2902,35.95,47.66
2026-07-09,2903,76.6,79.91
2026-07-09,2904,50.17,54.26
2026-07-09,2905,80.37,84.02
2026-07-09,2906,59.53,64.76
2026-07-09,2908,89.69,92.06
2026-07-09,2910,93.17,96.77
2026-07-09,2911,40.9,46.03
2026-07-09,2912,80.21,84.72
2026-07-09,2913,50.4,57.33
2026-07-09,2915,62.39,68.42
2026-07-09,2916,50.93,58.17
2026-07-09,2920,35.74,35.74
2026-07-09,2923,99.4,99.51
2026-07-09,2924,84.08,89.58
2026-07-09,2926,64.85,74.48
2026-07-09,2929,24.92,30.99
2026-07-09,2936,98.55,99.51
2026-07-09,2937,71.58,84.54
2026-07-09,2938,78.56,80.64
2026-07-09,2939,58.1,75.94
2026-07-09,2940,12.88,56.4
2026-07-09,2941,20.62,66.47
2026-07-09,2942,88.06,90.71
2026-07-09,2945,83.48,83.48
2026-07-09,2947,55.2,63.28
2026-07-09,2948,69.03,80.36
2026-07-09,2949,67.67,82.72
2026-07-09,3001,10.7,19.44
2026-07-09,3002,59.21,64.73
2026-07-09,3003,51.22,58.36
2026-07-09,3004,48.02,59.72
2026-07-09,3005,65.85,70.86
2026-07-09,3006,42.34,51.84
2026-07-09,3008,37.61,53.69
2026-07-09,3010,52.72,62.73
2026-07-09,3011,28.58,37.1
2026-07-09,3013,40.61,45.86
2026-07-09,3014,23.95,34.32
2026-07-09,3015,55.1,64.13
2026-07-09,3016,67.22,71.54
2026-07-09,3017,52.18,65.29
2026-07-09,3018,62.19,64.28
2026-07-09,3019,32.3,38.93
2026-07-09,3020,99.45,99.45
2026-07-09,3021,65.24,70.47
2026-07-09,3022,55.63,63.53
2026-07-09,3023,55.4,68.54
2026-07-09,3024,36.21,48.28
2026-07-09,3025,12.38,23.62
2026-07-09,3026,41.28,56.78
2026-07-09,3027,33.93,42.85
2026-07-09,3028,40.95,45.85
2026-07-09,3029,34.29,40.63
2026-07-09,3030,50.67,56.86
2026-07-09,3031,58.04,60.6
2026-07-09,3032,43.9,51.42
2026-07-09,3033,36.2,42.47
2026-07-09,3034,59.34,70.46
2026-07-09,3035,24.8,31.06
2026-07-09,3036,81.0,85.87
2026-07-09,3037,67.08,74.34
2026-07-09,3038,33.27,42.66
2026-07-09,3039,17.62,33.19
2026-07-09,3040,64.56,69.06
2026-07-09,3041,22.35,27.19
2026-07-09,3042,48.61,57.27
2026-07-09,3043,14.41,19.06
2026-07-09,3044,69.73,80.01
2026-07-09,3045,90.35,92.62
2026-07-09,3046,45.4,53.24
2026-07-09,3047,15.45,20.57
2026-07-09,3048,45.1,50.7
2026-07-09,3049,43.05,46.87
2026-07-09,3050,43.72,52.53
2026-07-09,3051,25.02,34.57
2026-07-09,3052,48.17,57.05
2026-07-09,3053,27.94,54.35
2026-07-09,3054,85.16,87.84
2026-07-09,3055,63.19,70.0
2026-07-09,3056,26.82,32.97
2026-07-09,3057,30.99,33.94
2026-07-09,3058,16.72,22.57
2026-07-09,3059,19.87,24.52
2026-07-09,3060,19.2,25.62
2026-07-09,3062,16.82,24.27
2026-07-09,3064,60.15,63.47
2026-07-09,3065,78.84,83.6
2026-07-09,3066,67.79,71.76
2026-07-09,3067,63.63,71.34
2026-07-09,3069,35.56,35.56
2026-07-09,3070,18.25,51.25
2026-07-09,3071,56.08,58.95
2026-07-09,3072,0.0,0.0
2026-07-09,3073,37.71,55.14
2026-07-09,3075,70.68,70.68
2026-07-09,3076,53.02,53.02
2026-07-09,3077,0.0,0.0
2026-07-09,3078,29.59,38.53
2026-07-09,3079,19.24,32.01
2026-07-09,3081,35.33,47.27
2026-07-09,3082,0.0,0.0
2026-07-09,3083,53.1,56.24
2026-07-09,3084,0.0,0.0
2026-07-09,3085,87.92,89.64
2026-07-09,3086,83.2,85.77
2026-07-09,3087,97.94,97.94
2026-07-09,3088,40.22,50.53
2026-07-09,3090,62.28,69.19
2026-07-09,3091,0.0,0.0
2026-07-09,3092,29.22,37.69
2026-07-09,3093,72.08,77.64
2026-07-09,3094,13.16,19.47
2026-07-09,3095,14.01,33.06
2026-07-09,3096,38.06,49.48
2026-07-09,3097,81.35,86.93
2026-07-09,3098,0.0,0.0
2026-07-09,3099,23.15,37.56
2026-07-09,3105,46.67,51.78
2026-07-09,3114,43.23,51.83
2026-07-09,3115,85.38,86.25
2026-07-09,3116,83.52,83.52
2026-07-09,3117,42.59,55.96
2026-07-09,3118,15.06,36.96
2026-07-09,3122,15.9,26.76
2026-07-09,3126,31.82,44.04
2026-07-09,3128,23.78,30.05
2026-07-09,3130,55.29,60.03
2026-07-09,3131,36.92,47.76
2026-07-09,3133,46.91,63.27
2026-07-09,3135,43.09,50.52
2026-07-09,3137,0.0,0.0
2026-07-09,3138,18.99,27.82
2026-07-09,3141,5.21,15.55
2026-07-09,3142,38.71,51.24
2026-07-09,3146,0.0,0.0
2026-07-09,3147,49.95,57.0
2026-07-09,3149,16.93,23.56
2026-07-09,3150,46.27,55.12
2026-07-09,3151,26.17,45.63
2026-07-09,3152,28.02,43.54
2026-07-09,3158,23.39,37.41
2026-07-09,3159,20.39,28.6
2026-07-09,3161,82.62,94.26
2026-07-09,3162,57.75,61.75
2026-07-09,3163,21.48,33.35
2026-07-09,3164,39.97,55.08
2026-07-09,3166,94.66,96.38
2026-07-09,3167,49.43,60.68
2026-07-09,3168,66.82,75.29
2026-07-09,3169,30.19,35.2
2026-07-09,3171,71.98,76.93
2026-07-09,3176,28.56,35.12
2026-07-09,3177,60.61,75.01
2026-07-09,3178,61.31,65.75
2026-07-09,3179,16.07,30.35
2026-07-09,3184,50.15,58.15
2026-07-09,3185,0.0,0.0
2026-07-09,3186,77.49,77.49
2026-07-09,3188,68.44,75.61
2026-07-09,3189,66.66,72.95
2026-07-09,3190,71.03,74.69
2026-07-09,3191,46.8,53.54
2026-07-09,3192,0.0,0.0
2026-07-09,3193,0.0,0.0
2026-07-09,3194,100.0,100.0
2026-07-09,3196,0.0,0.0
2026-07-09,3202,19.46,24.59
2026-07-09,3205,61.71,66.33
2026-07-09,3206,42.4,54.04
2026-07-09,3207,23.94,41.15
2026-07-09,3208,46.49,46.49
2026-07-09,3209,38.44,47.23
2026-07-09,3211,42.46,53.45
2026-07-09,3212,0.0,0.0
2026-07-09,3213,16.7,30.79
2026-07-09,3216,0.0,0.0
2026-07-09,3217,30.28,47.09
2026-07-09,3218,50.39,56.64
2026-07-09,3219,77.36,81.42
2026-07-09,3221,10.58,26.48
2026-07-09,3222,0.0,0.0
2026-07-09,3223,0.0,0.0
2026-07-09,3224,63.34,71.73
2026-07-09,3226,70.05,86.59
2026-07-09,3227,31.27,44.31
2026-07-09,3228,19.71,24.44
2026-07-09,3229,69.02,70.03
2026-07-09,3230,45.31,53.77
2026-07-09,3231,57.3,61.51
2026-07-09,3232,43.66,58.24
2026-07-09,3233,0.0,0.0
2026-07-09,3234,23.61,33.03
2026-07-09,3236,26.44,30.97
2026-07-09,3237,0.0,0.0
2026-07-09,3239,0.0,94.47
2026-07-09,3240,99.94,99.94
2026-07-09,3252,68.52,78.62
2026-07-09,3257,37.1,44.16
2026-07-09,3258,7.57,10.18
2026-07-09,3259,62.76,70.42
2026-07-09,3260,25.01,29.84
2026-07-09,3264,65.07,71.64
2026-07-09,3265,57.53,64.73
2026-07-09,3266,89.14,90.33
2026-07-09,3267,26.87,29.55
2026-07-09,3268,28.18,32.59
2026-07-09,3272,45.96,50.79
2026-07-09,3274,0.0,74.43
2026-07-09,3276,52.05,58.81
2026-07-09,3278,0.0,0.0
2026-07-09,3279,0.0,0.0
2026-07-09,3280,100.0,100.0
2026-07-09,3283,15.08,49.5
2026-07-09,3284,67.63,70.23
2026-07-09,3285,51.24,64.64
2026-07-09,3286,0.0,0.0
2026-07-09,3287,48.76,58.35
2026-07-09,3288,36.75,48.2
2026-07-09,3289,12.59,26.29
2026-07-09,3290,45.46,57.99
2026-07-09,3293,44.9,53.78
2026-07-09,3294,47.87,53.2
2026-07-09,3295,0.0,0.0
2026-07-09,3296,71.51,76.96
2026-07-09,3297,36.6,50.44
2026-07-09,3301,70.3,79.23
2026-07-09,3302,0.0,0.0
2026-07-09,3303,36.8,48.09
2026-07-09,3304,9.88,33.55
2026-07-09,3305,38.62,47.85
2026-07-09,3306,43.14,48.23
2026-07-09,3308,58.86,61.62
2026-07-09,3309,53.91,77.1
2026-07-09,3310,69.86,82.17
2026-07-09,3311,50.3,56.7
2026-07-09,3312,42.57,45.35
2026-07-09,3313,74.23,75.96
2026-07-09,3317,24.35,30.17
2026-07-09,3318,41.84,56.8
2026-07-09,3320,0.0,0.0
2026-07-09,3321,37.36,47.38
2026-07-09,3322,31.51,36.9
2026-07-09,3323,15.46,22.08
2026-07-09,3324,27.02,43.7
2026-07-09,3325,14.71,30.35
2026-07-09,3328,0.0,74.71
2026-07-09,3330,0.0,0.0
2026-07-09,3332,77.9,86.89
2026-07-09,3333,0.0,0.0
2026-07-09,3334,89.35,91.54
2026-07-09,3338,23.78,30.91
2026-07-09,3339,16.56,24.16
2026-07-09,3342,33.08,53.13
2026-07-09,3343,39.28,44.65
2026-07-09,3344,0.0,32.65
2026-07-09,3345,93.93,95.55
2026-07-09,3346,20.5,25.89
2026-07-09,3348,0.0,19.86
2026-07-09,3349,22.25,47.38
2026-07-09,3350,0.0,13.98
2026-07-09,3353,0.0,0.0
2026-07-09,3354,70.67,72.4
2026-07-09,3355,0.0,0.0
2026-07-09,3356,26.27,32.44
2026-07-09,3357,41.65,58.08
2026-07-09,3360,17.76,25.89
2026-07-09,3361,68.18,81.55
2026-07-09,3362,49.45,59.43
2026-07-09,3363,31.08,41.16
2026-07-09,3364,0.0,0.0
2026-07-09,3366,0.0,0.0
2026-07-09,3369,54.38,56.18
2026-07-09,3370,0.0,0.0
2026-07-09,3371,78.3,78.3
2026-07-09,3372,44.34,47.71
2026-07-09,3373,24.87,26.25
2026-07-09,3374,60.31,63.57
2026-07-09,3376,34.39,44.2
2026-07-09,3377,35.71,64.25
2026-07-09,3379,24.78,28.49
2026-07-09,3380,64.55,67.08
2026-07-09,3381,0.0,0.0
2026-07-09,3383,38.5,48.43
2026-07-09,3386,100.0,100.0
2026-07-09,3388,30.79,40.89
2026-07-09,3390,19.49,31.1
2026-07-09,3391,51.03,66.03
2026-07-09,3394,0.0,0.0
2026-07-09,3397,0.0,0.0
2026-07-09,3401,0.0,0.0
2026-07-09,3402,25.97,31.65
2026-07-09,3404,0.0,0.0
2026-07-09,3406,36.91,55.91
2026-07-09,3408,0.0,0.0
2026-07-09,3412,84.95,84.95
2026-07-09,3413,43.05,49.09
2026-07-09,3414,0.0,0.0
2026-07-09,3416,51.5,56.63
2026-07-09,3419,23.47,32.27
2026-07-09,3426,48.61,63.05
2026-07-09,3430,33.44,33.44
2026-07-09,3431,46.69,51.29
2026-07-09,3432,58.48,66.5
2026-07-09,3434,30.2,44.28
2026-07-09,3437,20.19,24.77
2026-07-09,3438,43.53,45.12
2026-07-09,3441,14.62,27.77
2026-07-09,3443,53.2,64.68
2026-07-09,3444,38.12,48.8
2026-07-09,3447,51.2,58.92
2026-07-09,3450,36.76,47.63
2026-07-09,3455,12.9,29.3
2026-07-09,3462,100.0,100.0
2026-07-09,3463,100.0,100.0
2026-07-09,3465,54.67,67.4
2026-07-09,3466,34.43,46.65
2026-07-09,3467,55.71,61.15
2026-07-09,3469,42.15,63.92
2026-07-09,3471,25.6,45.04
2026-07-09,3472,43.84,57.36
2026-07-09,3473,68.92,77.32
2026-07-09,3475,0.0,0.0
2026-07-09,3479,32.76,42.64
2026-07-09,3481,36.66,41.25
2026-07-09,3482,16.87,44.4
2026-07-09,3483,13.03,21.88
2026-07-09,3484,21.87,30.75
2026-07-09,3485,33.53,52.21
2026-07-09,3489,66.59,73.32
2026-07-09,3490,12.07,16.27
2026-07-09,3491,14.68,33.63
2026-07-09,3492,44.69,48.45
2026-07-09,3494,56.39,61.33
2026-07-09,3496,68.76,77.75
2026-07-09,3497,23.86,33.29
2026-07-09,3498,43.94,49.16
2026-07-09,3499,41.67,43.24
2026-07-09,3501,43.47,48.17
2026-07-09,3502,12.4,34.17
2026-07-09,3504,60.02,64.59
2026-07-09,3505,87.89,87.89
2026-07-09,3506,0.0,19.83
2026-07-09,3507,75.26,87.08
2026-07-09,3508,34.21,44.05
2026-07-09,3511,51.13,54.19
2026-07-09,3512,63.84,71.57
2026-07-09,3513,51.88,97.03
2026-07-09,3515,65.61,71.09
2026-07-09,3516,68.12,76.92
2026-07-09,3517,0.0,13.87
2026-07-09,3518,26.45,37.51
2026-07-09,3519,46.34,50.72
2026-07-09,3520,28.63,37.49
2026-07-09,3521,78.11,81.46
2026-07-09,3522,51.16,57.36
2026-07-09,3523,78.36,83.37
2026-07-09,3524,39.39,66.46
2026-07-09,3526,33.72,48.38
2026-07-09,3527,20.06,26.73
2026-07-09,3528,62.68,68.32
2026-07-09,3529,32.55,50.43
2026-07-09,3530,53.68,57.34
2026-07-09,3531,60.76,80.32
2026-07-09,3532,88.06,90.97
2026-07-09,3533,46.64,64.16
2026-07-09,3535,22.23,25.01
2026-07-09,3536,65.11,67.89
2026-07-09,3537,23.54,30.21
2026-07-09,3540,21.58,22.17
2026-07-09,3541,24.78,35.74
2026-07-09,3542,0.0,0.0
2026-07-09,3543,32.31,47.85
2026-07-09,3544,0.0,0.0
2026-07-09,3545,19.24,25.2
2026-07-09,3546,23.07,33.2
2026-07-09,3548,22.91,33.25
2026-07-09,3549,0.0,0.0
2026-07-09,3550,33.88,44.51
2026-07-09,3551,34.24,50.45
2026-07-09,3552,32.42,37.28
2026-07-09,3554,87.29,87.29
2026-07-09,3555,77.74,79.4
2026-07-09,3556,13.67,15.82
2026-07-09,3557,53.32,60.55
2026-07-09,3558,47.07,51.03
2026-07-09,3560,59.92,74.02
2026-07-09,3563,36.83,50.98
2026-07-09,3564,60.06,60.06
2026-07-09,3566,60.69,73.96
2026-07-09,3567,7.93,18.83
2026-07-09,3568,46.7,72.35
2026-07-09,3570,45.21,53.9
2026-07-09,3571,0.0,0.0
2026-07-09,3572,25.66,40.53
2026-07-09,3574,0.0,67.92
2026-07-09,3576,31.07,35.38
2026-07-09,3577,50.03,67.36
2026-07-09,3579,65.74,74.12
2026-07-09,3580,7.1,12.02
2026-07-09,3581,45.35,57.9
2026-07-09,3583,50.98,60.7
2026-07-09,3584,18.19,25.22
2026-07-09,3585,34.96,40.4
2026-07-09,3586,0.0,51.29
2026-07-09,3587,21.81,33.67
2026-07-09,3588,18.42,29.48
2026-07-09,3591,49.81,54.58
2026-07-09,3592,22.29,37.11
2026-07-09,3593,50.01,64.09
2026-07-09,3594,43.11,54.82
2026-07-09,3595,23.33,31.79
2026-07-09,3596,61.96,74.47
2026-07-09,3597,56.92,64.32
2026-07-09,3601,40.76,52.62
2026-07-09,3603,64.91,70.84
2026-07-09,3604,0.0,0.0
2026-07-09,3605,48.45,55.8
2026-07-09,3606,43.23,77.4
2026-07-09,3607,21.25,32.85
2026-07-09,3609,31.57,52.73
2026-07-09,3610,76.71,79.65
2026-07-09,3611,46.79,58.21
2026-07-09,3613,50.87,66.67
2026-07-09,3615,24.59,29.58
2026-07-09,3616,26.06,42.55
2026-07-09,3617,52.62,68.3
2026-07-09,3619,15.73,27.79
2026-07-09,3622,53.67,59.33
2026-07-09,3623,48.24,51.89
2026-07-09,3624,56.97,61.35
2026-07-09,3625,37.41,44.53
2026-07-09,3627,50.03,56.06
2026-07-09,3628,56.02,59.15
2026-07-09,3629,84.01,86.89
2026-07-09,3630,51.09,53.92
2026-07-09,3631,74.99,80.43
2026-07-09,3632,15.58,17.2
2026-07-09,3633,46.15,60.72
2026-07-09,3634,72.48,82.97
2026-07-09,3635,0.0,0.0
2026-07-09,3636,87.18,87.18
2026-07-09,3637,71.3,77.46
2026-07-09,3642,49.5,63.39
2026-07-09,3643,97.95,97.95
2026-07-09,3644,70.0,79.25
2026-07-09,3645,35.89,45.03
2026-07-09,3646,19.91,48.98
2026-07-09,3647,0.0,0.0
2026-07-09,3649,0.0,36.51
2026-07-09,3651,89.61,95.9
2026-07-09,3652,67.58,71.57
2026-07-09,3653,59.7,69.0
2026-07-09,3656,75.19,77.46
2026-07-09,3657,86.89,97.29
2026-07-09,3659,80.8,87.48
2026-07-09,3661,13.22,39.02
2026-07-09,3662,48.89,53.41
2026-07-09,3663,64.27,65.02
2026-07-09,3664,65.15,67.02
2026-07-09,3665,42.61,58.76
2026-07-09,3666,79.83,82.96
2026-07-09,3669,54.68,59.62
2026-07-09,3671,72.48,87.86
2026-07-09,3672,37.58,55.45
2026-07-09,3673,36.84,42.66
2026-07-09,3674,65.86,71.06
2026-07-09,3675,55.16,60.62
2026-07-09,3678,35.23,51.84
2026-07-09,3679,54.01,65.87
2026-07-09,3680,43.01,56.73
2026-07-09,3681,94.38,95.07
2026-07-09,3683,100.0,100.0
2026-07-09,3684,53.11,61.44
2026-07-09,3685,44.86,59.81
2026-07-09,3686,16.57,21.65
2026-07-09,3687,32.52,37.33
2026-07-09,3688,65.63,67.87
2026-07-09,3689,17.09,30.52
2026-07-09,3690,83.95,89.17
2026-07-09,3691,53.5,57.85
2026-07-09,3693,33.58,43.92
2026-07-09,3694,55.35,59.9
2026-07-09,3701,70.71,73.2
2026-07-09,3702,78.96,83.99
2026-07-09,3703,68.07,72.44
2026-07-09,3704,59.51,65.86
2026-07-09,3705,60.91,68.71
2026-07-09,3706,49.6,52.95
2026-07-09,3707,44.66,47.28
2026-07-09,3708,40.34,51.02
2026-07-09,3709,66.83,72.97
2026-07-09,3710,21.83,31.93
2026-07-09,3711,81.72,86.96
2026-07-09,3712,53.76,55.98
2026-07-09,3713,43.77,56.19
2026-07-09,3714,35.28,41.08
2026-07-09,3715,23.24,31.82
2026-07-09,3716,46.69,53.96
2026-07-09,3717,31.63,40.79
2026-07-09,4102,33.12,45.86
2026-07-09,4104,40.06,45.35
2026-07-09,4105,39.04,48.92
2026-07-09,4106,46.22,50.94
2026-07-09,4107,51.98,61.81
2026-07-09,4108,23.57,30.13
2026-07-09,4109,35.95,43.21
2026-07-09,4111,32.19,43.45
2026-07-09,4113,63.47,74.75
2026-07-09,4114,36.99,43.24
2026-07-09,4115,69.44,75.66
2026-07-09,4116,54.95,54.95
2026-07-09,4117,37.83,53.47
2026-07-09,4118,90.11,90.11
2026-07-09,4119,43.94,46.85
2026-07-09,4120,63.8,70.69
2026-07-09,4121,44.27,50.07
2026-07-09,4123,50.65,57.83
2026-07-09,4125,0.0,0.0
2026-07-09,4126,53.74,63.07
2026-07-09,4127,58.58,73.7
2026-07-09,4128,39.89,43.88
2026-07-09,4129,46.93,59.47
2026-07-09,4130,61.97,65.15
2026-07-09,4131,72.24,76.11
2026-07-09,4132,38.33,46.63
2026-07-09,4133,18.53,22.84
2026-07-09,4135,44.13,65.43
2026-07-09,4136,97.87,99.3
2026-07-09,4137,45.46,53.32
2026-07-09,4138,51.42,51.42
2026-07-09,4139,48.01,67.91
2026-07-09,4140,0.0,0.0
2026-07-09,4142,33.29,40.23
2026-07-09,4147,43.98,52.99
2026-07-09,4148,78.16,79.56
2026-07-09,4150,27.14,42.09
2026-07-09,4151,71.12,78.35
2026-07-09,4153,71.91,76.43
2026-07-09,4154,65.87,76.98
2026-07-09,4155,34.75,44.67
2026-07-09,4156,67.51,71.87
2026-07-09,4157,52.43,58.87
2026-07-09,4160,25.36,29.63
2026-07-09,4161,26.76,44.91
2026-07-09,4162,40.84,45.63
2026-07-09,4163,62.54,70.39
2026-07-09,4164,41.71,51.09
2026-07-09,4166,79.18,82.5
2026-07-09,4167,34.05,41.75
2026-07-09,4168,20.1,26.85
2026-07-09,4169,45.97,53.87
2026-07-09,4170,42.63,58.1
2026-07-09,4171,27.71,32.91
2026-07-09,4172,30.01,39.32
2026-07-09,4173,40.0,43.53
2026-07-09,4174,35.57,41.59
2026-07-09,4175,54.98,56.05
2026-07-09,4177,48.19,59.03
2026-07-09,4178,72.42,77.95
2026-07-09,4181,0.0,0.0
2026-07-09,4183,42.78,62.19
2026-07-09,4184,92.03,92.03
2026-07-09,4186,25.95,45.83
2026-07-09,4188,47.92,54.3
2026-07-09,4190,62.33,66.04
2026-07-09,4191,48.78,63.05
2026-07-09,4192,66.6,68.1
2026-07-09,4193,33.69,49.22
2026-07-09,4194,73.12,77.0
2026-07-09,4195,30.37,37.84
2026-07-09,4197,40.26,65.7
2026-07-09,4198,77.02,81.08
2026-07-09,4205,58.94,65.93
2026-07-09,4207,63.57,72.28
2026-07-09,4303,13.76,18.97
2026-07-09,4304,74.64,81.92
2026-07-09,4305,74.81,84.73
2026-07-09,4306,51.94,57.5
2026-07-09,4401,46.89,62.15
2026-07-09,4402,60.67,66.35
2026-07-09,4404,26.89,35.72
2026-07-09,4406,60.35,75.67
2026-07-09,4408,30.37,35.74
2026-07-09,4413,52.59,69.29
2026-07-09,4414,56.62,63.78
2026-07-09,4415,76.68,85.04
2026-07-09,4416,62.2,75.01
2026-07-09,4417,37.07,46.21
2026-07-09,4419,95.08,96.84
2026-07-09,4420,54.11,59.14
2026-07-09,4424,62.31,66.58
2026-07-09,4426,54.1,61.44
2026-07-09,4427,78.71,87.41
2026-07-09,4430,53.29,63.3
2026-07-09,4431,62.21,67.6
2026-07-09,4432,45.45,55.24
2026-07-09,4433,52.24,57.06
2026-07-09,4438,50.12,66.37
2026-07-09,4439,69.76,78.47
2026-07-09,4440,28.48,56.45
2026-07-09,4441,58.9,73.23
2026-07-09,4442,42.79,77.13
2026-07-09,4502,56.32,69.48
2026-07-09,4503,59.81,64.29
2026-07-09,4506,74.77,80.21
2026-07-09,4510,30.61,36.99
2026-07-09,4513,53.35,56.9
2026-07-09,4522,100.0,100.0
2026-07-09,4523,51.82,59.63
2026-07-09,4526,43.82,51.48
2026-07-09,4527,61.69,66.64
2026-07-09,4528,60.34,62.84
2026-07-09,4529,52.78,58.72
2026-07-09,4530,64.46,71.65
2026-07-09,4532,65.96,70.58
2026-07-09,4533,23.99,30.02
2026-07-09,4534,31.57,41.99
2026-07-09,4535,69.66,77.42
2026-07-09,4536,37.17,56.0
2026-07-09,4537,76.98,82.0
2026-07-09,4538,71.63,80.42
2026-07-09,4540,26.44,32.07
2026-07-09,4541,31.68,40.34
2026-07-09,4542,20.95,54.23
2026-07-09,4543,42.25,47.3
2026-07-09,4544,49.87,67.46
2026-07-09,4545,70.61,72.88
2026-07-09,4546,48.74,59.23
2026-07-09,4547,72.34,84.76
2026-07-09,4548,100.0,100.0
2026-07-09,4549,58.74,61.64
2026-07-09,4550,49.01,55.76
2026-07-09,4551,77.04,82.73
2026-07-09,4552,44.47,50.85
2026-07-09,4553,76.83,86.87
2026-07-09,4554,50.62,52.18
2026-07-09,4555,65.67,71.04
2026-07-09,4556,72.9,74.96
2026-07-09,4557,28.53,43.09
2026-07-09,4558,50.06,73.96
2026-07-09,4559,79.9,87.91
2026-07-09,4560,83.6,86.19
2026-07-09,4561,52.04,58.19
2026-07-09,4562,50.01,52.3
2026-07-09,4563,49.6,54.26
2026-07-09,4564,35.19,41.88
2026-07-09,4565,66.05,79.92
2026-07-09,4566,50.64,53.07
2026-07-09,4568,59.34,68.94
2026-07-09,4569,52.36,66.34
2026-07-09,4570,87.52,95.01
2026-07-09,4571,55.56,66.2
2026-07-09,4572,61.89,64.17
2026-07-09,4573,28.38,41.83
2026-07-09,4575,53.7,68.69
2026-07-09,4576,59.32,65.32
2026-07-09,4577,56.0,60.57
2026-07-09,4578,92.28,97.0
2026-07-09,4580,37.61,49.19
2026-07-09,4581,46.35,62.95
2026-07-09,4582,45.32,56.48
2026-07-09,4583,81.83,86.98
2026-07-09,4584,69.26,80.09
2026-07-09,4585,76.14,76.7
2026-07-09,4587,88.23,88.23
2026-07-09,4588,37.45,50.28
2026-07-09,4589,45.36,70.5
2026-07-09,4590,36.41,49.75
2026-07-09,4609,63.41,75.94
2026-07-09,4702,46.49,51.12
2026-07-09,4703,22.54,26.09
2026-07-09,4706,77.15,82.63
2026-07-09,4707,66.07,71.24
2026-07-09,4711,53.42,60.0
2026-07-09,4712,43.69,45.99
2026-07-09,4714,15.78,21.21
2026-07-09,4716,24.42,35.88
2026-07-09,4717,0.0,0.0
2026-07-09,4720,35.41,39.51
2026-07-09,4721,28.03,37.35
2026-07-09,4722,47.19,61.5
2026-07-09,4724,46.34,59.01
2026-07-09,4726,50.29,57.87
2026-07-09,4727,0.0,18.79
2026-07-09,4728,64.13,84.5
2026-07-09,4729,46.46,50.96
2026-07-09,4730,57.91,69.84
2026-07-09,4732,46.51,66.48
2026-07-09,4734,0.0,14.95
2026-07-09,4735,42.93,53.36
2026-07-09,4736,44.87,50.8
2026-07-09,4737,48.83,61.75
2026-07-09,4738,54.05,58.39
2026-07-09,4739,31.71,42.71
2026-07-09,4741,40.07,45.9
2026-07-09,4743,42.58,46.91
2026-07-09,4744,35.21,51.53
2026-07-09,4745,57.13,64.85
2026-07-09,4746,32.3,43.08
2026-07-09,4747,50.19,66.03
2026-07-09,4749,23.92,35.55
2026-07-09,4752,86.99,89.58
2026-07-09,4754,28.46,36.69
2026-07-09,4755,64.77,69.81
2026-07-09,4758,84.79,92.13
2026-07-09,4760,34.77,39.47
2026-07-09,4762,97.29,99.67
2026-07-09,4763,55.74,59.77
2026-07-09,4764,63.96,75.99
2026-07-09,4765,39.21,55.11
2026-07-09,4766,61.85,69.94
2026-07-09,4767,46.88,64.05
2026-07-09,4768,19.49,34.13
2026-07-09,4769,100.0,100.0
2026-07-09,4770,59.51,62.89
2026-07-09,4771,45.5,59.58
2026-07-09,4772,41.86,49.67
2026-07-09,4773,92.29,94.99
2026-07-09,4801,97.82,98.7
2026-07-09,4802,85.36,87.92
2026-07-09,4803,55.13,57.43
2026-07-09,4804,54.88,62.0
2026-07-09,4805,0.0,0.0
2026-07-09,4806,85.88,88.89
2026-07-09,4807,63.34,68.72
2026-07-09,4903,36.69,42.55
2026-07-09,4904,90.64,93.24
2026-07-09,4905,63.71,81.67
2026-07-09,4906,24.02,29.53
2026-07-09,4907,83.76,84.95
2026-07-09,4908,44.3,52.78
2026-07-09,4909,22.09,26.61
2026-07-09,4911,46.73,57.57
2026-07-09,4912,36.97,51.31
2026-07-09,4913,0.0,25.75
2026-07-09,4914,61.66,77.04
2026-07-09,4915,55.2,63.48
2026-07-09,4916,26.61,30.75
2026-07-09,4917,93.2,97.57
2026-07-09,4919,58.77,62.61
2026-07-09,4920,86.74,93.69
2026-07-09,4922,11.8,25.44
2026-07-09,4923,23.44,35.99
2026-07-09,4924,56.64,70.95
2026-07-09,4925,30.88,48.35
2026-07-09,4927,14.99,23.94
2026-07-09,4929,0.0,0.0
2026-07-09,4930,58.75,63.63
2026-07-09,4931,21.12,36.02
2026-07-09,4932,0.0,0.0
2026-07-09,4933,59.63,63.74
2026-07-09,4934,30.44,35.34
2026-07-09,4935,56.84,62.63
2026-07-09,4938,73.11,77.6
2026-07-09,4939,24.62,31.89
2026-07-09,4942,54.52,62.56
2026-07-09,4943,53.36,63.97
2026-07-09,4946,42.58,42.58
2026-07-09,4949,41.06,52.16
2026-07-09,4950,68.13,72.65
2026-07-09,4951,4.48,19.41
2026-07-09,4952,48.76,52.85
2026-07-09,4953,37.67,47.52
2026-07-09,4956,32.39,38.11
2026-07-09,4958,66.36,72.7
2026-07-09,4960,57.02,61.86
2026-07-09,4961,33.41,44.57
2026-07-09,4962,99.89,99.89
2026-07-09,4963,82.03,83.64
2026-07-09,4965,100.0,100.0
2026-07-09,4966,23.07,38.45
2026-07-09,4967,11.69,20.41
2026-07-09,4968,10.55,20.33
2026-07-09,4969,44.91,55.64
2026-07-09,4971,7.02,34.04
2026-07-09,4972,36.39,49.5
2026-07-09,4973,15.98,23.59
2026-07-09,4974,39.73,41.71
2026-07-09,4975,95.92,96.31
2026-07-09,4976,25.16,29.24
2026-07-09,4977,10.73,19.01
2026-07-09,4978,82.32,82.32
2026-07-09,4979,27.81,38.01
2026-07-09,4980,50.4,58.12
2026-07-09,4985,100.0,100.0
2026-07-09,4989,29.03,33.85
2026-07-09,4990,43.96,53.4
2026-07-09,4991,41.31,53.58
2026-07-09,4992,76.89,82.08
2026-07-09,4994,79.0,86.06
2026-07-09,4995,51.55,66.66
2026-07-09,4996,65.91,77.8
2026-07-09,4997,17.41,42.96
2026-07-09,4999,27.29,41.11
2026-07-09,5006,7.79,10.2
2026-07-09,5007,84.72,87.8
2026-07-09,5009,43.9,48.36
2026-07-09,5011,37.3,49.47
2026-07-09,5013,80.89,86.98
2026-07-09,5014,27.38,37.43
2026-07-09,5015,42.13,51.92
2026-07-09,5016,59.95,65.97
2026-07-09,5017,0.0,0.0
2026-07-09,5201,33.72,56.68
2026-07-09,5202,48.76,53.15
2026-07-09,5203,34.82,46.16
2026-07-09,5204,18.46,18.46
2026-07-09,5205,71.26,74.44
2026-07-09,5206,80.21,85.31
2026-07-09,5207,14.82,38.6
2026-07-09,5209,53.48,55.53
2026-07-09,5210,36.03,44.13
2026-07-09,5211,40.85,47.93
2026-07-09,5212,67.03,79.71
2026-07-09,5213,84.23,86.15
2026-07-09,5215,42.71,53.13
2026-07-09,5216,57.64,82.4
2026-07-09,5220,19.61,43.55
2026-07-09,5221,0.0,11.3
2026-07-09,5222,22.67,32.21
2026-07-09,5223,54.12,62.08
2026-07-09,5225,39.3,46.74
2026-07-09,5226,31.51,52.74
2026-07-09,5227,12.78,16.26
2026-07-09,5228,44.94,53.85
2026-07-09,5229,89.33,96.46
2026-07-09,5230,10.27,24.67
2026-07-09,5232,99.99,99.99
2026-07-09,5233,82.42,85.35
2026-07-09,5234,59.53,65.24
2026-07-09,5236,60.89,63.64
2026-07-09,5238,78.59,83.45
2026-07-09,5239,16.98,30.08
2026-07-09,5240,30.32,53.83
2026-07-09,5242,58.6,72.3
2026-07-09,5243,50.05,56.87
2026-07-09,5244,28.99,46.44
2026-07-09,5245,40.73,57.84
2026-07-09,5246,27.04,35.25
2026-07-09,5247,68.74,75.92
2026-07-09,5248,56.84,58.73
2026-07-09,5250,97.08,97.08
2026-07-09,5251,29.21,33.43
2026-07-09,5253,58.2,81.05
2026-07-09,5254,70.42,75.77
2026-07-09,5256,61.23,69.68
2026-07-09,5257,73.71,79.64
2026-07-09,5258,37.16,50.7
2026-07-09,5259,74.45,82.06
2026-07-09,5262,31.97,54.3
2026-07-09,5263,43.85,56.19
2026-07-09,5265,0.0,0.0
2026-07-09,5267,46.59,62.14
2026-07-09,5269,54.24,58.82
2026-07-09,5271,20.52,29.47
2026-07-09,5272,10.26,23.88
2026-07-09,5274,18.74,33.72
2026-07-09,5275,0.0,30.86
2026-07-09,5276,85.29,88.18
2026-07-09,5278,77.49,82.52
2026-07-09,5279,91.86,94.52
2026-07-09,5282,59.25,85.81
2026-07-09,5283,52.56,61.08
2026-07-09,5284,49.46,58.19
2026-07-09,5285,49.58,62.61
2026-07-09,5286,69.95,79.97
2026-07-09,5287,47.07,59.22
2026-07-09,5288,59.84,69.19
2026-07-09,5289,23.29,36.11
2026-07-09,5291,16.39,47.59
2026-07-09,5292,39.96,51.7
2026-07-09,5294,0.0,0.0
2026-07-09,5295,71.08,86.34
2026-07-09,5296,27.24,35.92
2026-07-09,5297,10.71,19.39
2026-07-09,5299,44.98,51.17
2026-07-09,5301,73.56,80.71
2026-07-09,5302,47.22,52.02
2026-07-09,5304,86.33,88.1
2026-07-09,5306,64.41,69.59
2026-07-09,5307,32.17,41.16
2026-07-09,5309,29.8,37.38
2026-07-09,5310,38.38,58.56
2026-07-09,5312,50.71,55.62
2026-07-09,5314,37.45,41.27
2026-07-09,5315,22.5,32.22
2026-07-09,5321,42.01,58.01
2026-07-09,5324,73.5,79.7
2026-07-09,5325,27.52,33.46
2026-07-09,5328,36.93,41.79
2026-07-09,5336,0.0,0.0
2026-07-09,5340,53.43,60.9
2026-07-09,5344,73.54,75.59
2026-07-09,5345,78.88,78.88
2026-07-09,5346,27.96,37.67
2026-07-09,5347,81.94,85.53
2026-07-09,5348,40.79,56.32
2026-07-09,5351,28.66,34.8
2026-07-09,5353,37.82,54.87
2026-07-09,5355,62.63,70.37
2026-07-09,5356,39.58,44.04
2026-07-09,5364,61.31,70.15
2026-07-09,5371,42.15,45.16
2026-07-09,5372,12.39,23.55
2026-07-09,5376,23.82,33.69
2026-07-09,5381,48.1,55.3
2026-07-09,5385,18.19,23.82
2026-07-09,5386,28.28,36.98
2026-07-09,5387,90.18,91.32
2026-07-09,5388,40.04,50.83
2026-07-09,5392,29.88,35.57
2026-07-09,5395,0.0,0.0
2026-07-09,5398,43.77,57.79
2026-07-09,5403,31.07,47.8
2026-07-09,5410,29.27,37.64
2026-07-09,5414,48.1,59.71
2026-07-09,5425,40.22,44.99
2026-07-09,5426,52.77,56.23
2026-07-09,5432,51.4,54.1
2026-07-09,5434,38.48,54.17
2026-07-09,5438,74.25,75.44
2026-07-09,5439,37.07,46.32
2026-07-09,5442,14.59,20.62
2026-07-09,5443,34.68,40.24
2026-07-09,5450,78.42,80.82
2026-07-09,5452,38.55,42.52
2026-07-09,5455,89.0,93.99
2026-07-09,5457,48.84,53.29
2026-07-09,5460,37.33,56.25
2026-07-09,5464,59.18,72.46
2026-07-09,5465,68.79,71.92
2026-07-09,5467,82.8,86.4
2026-07-09,5468,59.13,64.88
2026-07-09,5469,67.16,72.64
2026-07-09,5471,22.01,30.54
2026-07-09,5473,0.0,0.0
2026-07-09,5474,48.5,56.66
2026-07-09,5475,33.94,40.42
2026-07-09,5478,73.09,79.58
2026-07-09,5481,54.74,65.36
2026-07-09,5483,55.37,63.03
2026-07-09,5484,34.09,37.96
2026-07-09,5487,47.68,71.12
2026-07-09,5488,36.62,44.45
2026-07-09,5489,82.63,84.99
2026-07-09,5490,26.83,34.69
2026-07-09,5492,98.66,98.66
2026-07-09,5493,24.88,43.84
2026-07-09,5497,15.5,26.12
2026-07-09,5498,29.67,33.2
2026-07-09,5501,24.3,28.1
2026-07-09,5505,50.89,65.6
2026-07-09,5506,58.45,66.77
2026-07-09,5508,65.91,68.98
2026-07-09,5511,55.17,65.5
2026-07-09,5512,54.49,61.56
2026-07-09,5514,87.52,92.42
2026-07-09,5515,62.15,69.68
2026-07-09,5516,60.51,69.45
2026-07-09,5519,51.35,57.69
2026-07-09,5520,73.58,83.75
2026-07-09,5521,51.93,57.82
2026-07-09,5522,86.75,88.76
2026-07-09,5523,88.82,92.08
2026-07-09,5524,11.6,30.77
2026-07-09,5525,84.12,88.3
2026-07-09,5529,68.33,73.85
2026-07-09,5530,79.43,82.55
2026-07-09,5531,83.36,86.09
2026-07-09,5532,5.88,31.03
2026-07-09,5533,71.18,80.14
2026-07-09,5534,60.48,69.46
2026-07-09,5536,37.53,58.22
2026-07-09,5538,93.06,94.08
2026-07-09,5541,76.05,82.05
2026-07-09,5543,46.24,72.77
2026-07-09,5546,77.98,84.71
2026-07-09,5547,54.69,65.82
2026-07-09,5548,58.65,64.61
2026-07-09,5601,47.23,79.47
2026-07-09,5603,49.65,54.7
2026-07-09,5604,53.81,67.08
2026-07-09,5607,68.83,75.41
2026-07-09,5608,22.95,28.6
2026-07-09,5609,46.71,52.38
2026-07-09,5701,48.98,53.55
2026-07-09,5702,0.0,0.0
2026-07-09,5703,83.83,88.29
2026-07-09,5704,79.45,83.83
2026-07-09,5706,35.26,38.75
2026-07-09,5810,68.98,72.87
2026-07-09,5848,100.0,100.0
2026-07-09,5859,96.14,96.81
2026-07-09,5863,77.09,81.44
2026-07-09,5864,59.38,68.34
2026-07-09,5867,100.0,100.0
2026-07-09,5871,63.41,69.3
2026-07-09,5876,81.21,86.85
2026-07-09,5878,59.78,71.87
2026-07-09,5880,69.74,73.75
2026-07-09,5901,77.87,77.87
2026-07-09,5902,81.33,85.24
2026-07-09,5903,88.64,91.42
2026-07-09,5904,51.74,69.18
2026-07-09,5905,40.7,46.93
2026-07-09,5906,82.48,86.27
2026-07-09,5907,65.0,69.43
2026-07-09,6005,69.35,72.74
2026-07-09,6015,43.41,50.3
2026-07-09,6016,44.33,51.69
2026-07-09,6020,95.97,96.62
2026-07-09,6021,86.45,90.38
2026-07-09,6023,84.31,86.49
2026-07-09,6024,64.8,68.83
2026-07-09,6026,41.2,49.79
2026-07-09,6027,93.8,95.28
2026-07-09,6028,50.64,64.45
2026-07-09,6030,100.0,100.0
2026-07-09,6031,100.0,100.0
2026-07-09,6035,83.88,93.92
2026-07-09,6038,100.0,100.0
2026-07-09,6039,100.0,100.0
2026-07-09,6040,100.0,100.0
2026-07-09,6101,77.88,87.12
2026-07-09,6103,83.83,91.1
2026-07-09,6104,13.6,20.76
2026-07-09,6107,34.59,40.85
2026-07-09,6108,41.71,52.52
2026-07-09,6109,38.45,50.29
2026-07-09,6110,7.18,18.41
2026-07-09,6111,40.24,44.51
2026-07-09,6112,56.3,58.88
2026-07-09,6113,52.17,52.17
2026-07-09,6114,65.48,74.05
2026-07-09,6115,56.68,61.39
2026-07-09,6116,39.8,42.18
2026-07-09,6117,49.06,53.37
2026-07-09,6118,51.7,56.93
2026-07-09,6120,56.57,60.83
2026-07-09,6121,50.87,68.71
2026-07-09,6122,20.52,30.79
2026-07-09,6123,33.39,43.16
2026-07-09,6124,92.3,93.71
2026-07-09,6125,31.67,36.2
2026-07-09,6126,31.82,37.17
2026-07-09,6127,16.85,22.17
2026-07-09,6128,54.36,59.36
2026-07-09,6129,14.44,17.18
2026-07-09,6130,49.8,61.94
2026-07-09,6131,29.61,41.17
2026-07-09,6132,15.59,35.3
2026-07-09,6133,42.92,46.45
2026-07-09,6134,47.89,55.12
2026-07-09,6135,34.23,38.41
2026-07-09,6136,33.94,44.89
2026-07-09,6137,26.62,38.74
2026-07-09,6138,30.67,47.64
2026-07-09,6139,57.63,69.04
2026-07-09,6140,34.47,46.54
2026-07-09,6141,42.01,51.7
2026-07-09,6142,51.26,58.88
2026-07-09,6143,18.88,30.35
2026-07-09,6144,89.55,89.55
2026-07-09,6146,42.55,56.48
2026-07-09,6147,60.06,65.39
2026-07-09,6148,33.68,37.08
2026-07-09,6149,35.09,39.03
2026-07-09,6150,11.78,17.04
2026-07-09,6151,20.53,35.66
2026-07-09,6152,16.85,24.56
2026-07-09,6153,42.67,48.48
2026-07-09,6154,54.44,63.27
2026-07-09,6155,49.4,54.86
2026-07-09,6156,31.99,40.34
2026-07-09,6158,34.34,42.59
2026-07-09,6160,29.69,38.5
2026-07-09,6161,35.28,39.38
2026-07-09,6162,43.88,51.98
2026-07-09,6163,37.27,44.47
2026-07-09,6164,15.3,26.14
2026-07-09,6165,35.95,48.29
2026-07-09,6166,69.25,77.54
2026-07-09,6167,35.74,43.32
2026-07-09,6168,45.4,47.97
2026-07-09,6169,26.44,30.58
2026-07-09,6170,52.58,56.29
2026-07-09,6171,79.36,87.64
2026-07-09,6172,85.37,91.42
2026-07-09,6173,59.61,66.19
2026-07-09,6174,56.79,62.51
2026-07-09,6175,55.94,60.39
2026-07-09,6176,38.89,48.49
2026-07-09,6177,66.51,75.1
2026-07-09,6179,32.8,42.16
2026-07-09,6180,45.86,49.61
2026-07-09,6181,6.89,11.86
2026-07-09,6182,38.02,43.19
2026-07-09,6183,71.06,77.43
2026-07-09,6184,67.84,72.4
2026-07-09,6185,39.94,52.85
2026-07-09,6186,46.54,52.46
2026-07-09,6187,33.08,50.93
2026-07-09,6188,36.42,42.9
2026-07-09,6189,23.5,34.22
2026-07-09,6190,29.41,36.89
2026-07-09,6191,56.19,59.58
2026-07-09,6192,45.57,57.22
2026-07-09,6193,56.66,61.36
2026-07-09,6194,38.45,54.9
2026-07-09,6195,52.4,53.24
2026-07-09,6196,66.31,71.94
2026-07-09,6197,39.44,46.31
2026-07-09,6198,92.89,94.21
2026-07-09,6199,77.01,83.29
2026-07-09,6201,61.43,69.11
2026-07-09,6202,33.1,40.19
2026-07-09,6203,52.21,59.2
2026-07-09,6204,25.64,29.71
2026-07-09,6205,40.78,45.71
2026-07-09,6206,43.21,52.58
2026-07-09,6207,12.17,19.8
2026-07-09,6208,50.94,63.56
2026-07-09,6209,33.33,40.37
2026-07-09,6210,36.44,54.11
2026-07-09,6212,86.12,91.79
2026-07-09,6213,58.55,65.25
2026-07-09,6214,45.51,55.12
2026-07-09,6215,30.51,33.39
2026-07-09,6216,29.91,39.67
2026-07-09,6217,19.79,29.9
2026-07-09,6218,37.46,47.75
2026-07-09,6219,66.41,69.23
2026-07-09,6220,52.92,63.39
2026-07-09,6221,71.82,74.97
2026-07-09,6222,84.51,90.09
2026-07-09,6223,38.94,49.64
2026-07-09,6224,25.73,38.58
2026-07-09,6225,55.2,65.08
2026-07-09,6226,23.18,31.87
2026-07-09,6227,69.06,72.89
2026-07-09,6228,75.5,80.44
2026-07-09,6229,32.8,36.44
2026-07-09,6230,87.81,87.81
2026-07-09,6231,26.2,32.89
2026-07-09,6232,13.34,18.66
2026-07-09,6233,18.43,28.4
2026-07-09,6234,49.62,54.67
2026-07-09,6235,36.41,40.52
2026-07-09,6236,87.98,92.69
2026-07-09,6237,13.97,19.16
2026-07-09,6239,60.35,66.95
2026-07-09,6240,70.93,82.71
2026-07-09,6241,38.75,46.68
2026-07-09,6242,55.47,63.68
2026-07-09,6243,17.67,23.2
2026-07-09,6244,27.8,33.38
2026-07-09,6245,39.56,44.96
2026-07-09,6246,53.99,62.99
2026-07-09,6248,43.68,48.97
2026-07-09,6249,0.0,14.82
2026-07-09,6250,67.95,70.88
2026-07-09,6252,0.0,40.34
2026-07-09,6253,0.0,0.0
2026-07-09,6254,36.43,49.51
2026-07-09,6256,0.0,0.0
2026-07-09,6257,42.12,52.38
2026-07-09,6258,0.0,0.0
2026-07-09,6259,41.09,44.94
2026-07-09,6261,29.72,37.88
2026-07-09,6262,16.81,28.67
2026-07-09,6263,40.96,43.35
2026-07-09,6264,67.3,71.67
2026-07-09,6265,40.1,44.65
2026-07-09,6266,31.0,38.39
2026-07-09,6267,0.0,0.0
2026-07-09,6268,0.0,0.0
2026-07-09,6269,24.21,31.19
2026-07-09,6270,36.56,41.72
2026-07-09,6271,45.03,53.27
2026-07-09,6272,36.1,51.36
2026-07-09,6274,55.0,66.28
2026-07-09,6275,23.41,29.73
2026-07-09,6276,48.91,48.91
2026-07-09,6277,43.67,55.56
2026-07-09,6278,53.57,63.04
2026-07-09,6279,35.55,44.99
2026-07-09,6280,99.95,99.95
2026-07-09,6281,43.58,55.82
2026-07-09,6282,42.29,45.88
2026-07-09,6283,57.78,63.05
2026-07-09,6284,43.53,49.52
2026-07-09,6285,56.96,63.31
2026-07-09,6287,93.08,94.0
2026-07-09,6289,0.0,0.0
2026-07-09,6290,29.31,39.97
2026-07-09,6291,62.85,64.04
2026-07-09,6292,39.7,45.71
2026-07-09,6293,0.0,0.0
2026-07-09,6294,33.46,37.16
2026-07-09,6295,0.0,22.01
2026-07-09,6296,0.0,0.0
2026-07-09,6297,99.9,99.9
2026-07-09,6299,98.35,98.35
2026-07-09,6402,48.87,63.97
2026-07-09,6403,41.54,41.54
2026-07-09,6404,63.48,67.09
2026-07-09,6405,38.13,52.31
2026-07-09,6406,53.35,58.18
2026-07-09,6407,28.07,35.97
2026-07-09,6409,50.7,66.59
2026-07-09,6411,21.93,35.67
2026-07-09,6412,75.82,79.51
2026-07-09,6414,50.89,65.57
2026-07-09,6415,66.01,78.93
2026-07-09,6416,35.61,46.45
2026-07-09,6417,52.17,66.82
2026-07-09,6418,52.17,56.94
2026-07-09,6419,32.17,38.82
2026-07-09,6423,21.94,39.54
2026-07-09,6425,34.09,42.86
2026-07-09,6426,34.93,41.64
2026-07-09,6427,100.0,100.0
2026-07-09,6428,89.36,91.64
2026-07-09,6429,11.76,37.74
2026-07-09,6431,65.31,70.09
2026-07-09,6432,16.84,33.89
2026-07-09,6434,83.61,84.95
2026-07-09,6435,48.38,55.59
2026-07-09,6436,98.56,98.56
2026-07-09,6437,40.87,65.0
2026-07-09,6438,24.22,33.25
2026-07-09,6441,41.86,45.26
2026-07-09,6442,36.33,56.31
2026-07-09,6443,14.1,16.79
2026-07-09,6446,43.64,57.64
2026-07-09,6449,64.58,73.84
2026-07-09,6451,64.41,70.56
2026-07-09,6452,30.44,39.16
2026-07-09,6453,0.0,0.0
2026-07-09,6455,51.47,68.47
2026-07-09,6456,44.36,47.53
2026-07-09,6458,63.74,65.25
2026-07-09,6461,53.95,63.32
2026-07-09,6462,21.12,30.04
2026-07-09,6464,77.76,85.52
2026-07-09,6465,65.09,68.61
2026-07-09,6467,21.73,36.41
2026-07-09,6468,98.62,98.62
2026-07-09,6469,41.5,47.5
2026-07-09,6470,40.01,40.01
2026-07-09,6471,0.0,0.0
2026-07-09,6472,45.04,55.33
2026-07-09,6473,51.73,69.21
2026-07-09,6474,44.6,67.62
2026-07-09,6475,56.66,73.13
2026-07-09,6477,37.88,44.67
2026-07-09,6479,79.32,86.32
2026-07-09,6481,91.6,96.01
2026-07-09,6482,65.78,67.6
2026-07-09,6483,18.76,45.83
2026-07-09,6484,100.0,100.0
2026-07-09,6485,19.1,25.36
2026-07-09,6486,40.3,42.92
2026-07-09,6488,72.7,80.92
2026-07-09,6489,36.92,62.98
2026-07-09,6490,64.16,70.62
2026-07-09,6491,53.85,64.13
2026-07-09,6492,26.31,30.68
2026-07-09,6493,80.37,80.37
2026-07-09,6494,5.22,14.96
2026-07-09,6495,43.12,52.59
2026-07-09,6496,62.53,65.96
2026-07-09,6497,96.46,97.19
2026-07-09,6498,56.59,69.91
2026-07-09,6499,36.23,42.46
2026-07-09,6502,90.96,90.96
2026-07-09,6503,80.41,80.41
2026-07-09,6504,64.34,69.83
2026-07-09,6505,94.56,95.01
2026-07-09,6506,45.64,61.17
2026-07-09,6508,59.66,61.0
2026-07-09,6509,29.39,38.5
2026-07-09,6510,37.38,52.18
2026-07-09,6511,57.36,72.03
2026-07-09,6512,17.69,36.06
2026-07-09,6515,36.85,49.38
2026-07-09,6516,43.35,53.8
2026-07-09,6517,17.96,19.8
2026-07-09,6518,74.1,84.41
2026-07-09,6523,61.69,63.08
2026-07-09,6525,57.09,69.57
2026-07-09,6526,76.11,78.36
2026-07-09,6527,27.99,42.3
2026-07-09,6529,41.45,71.81
2026-07-09,6530,8.93,16.93
2026-07-09,6531,52.92,64.71
2026-07-09,6532,18.46,33.11
2026-07-09,6533,16.37,21.94
2026-07-09,6534,75.23,82.91
2026-07-09,6535,57.33,64.66
2026-07-09,6536,58.26,74.24
2026-07-09,6538,10.83,32.99
2026-07-09,6539,75.51,85.23
2026-07-09,6540,98.57,99.05
2026-07-09,6541,65.23,71.68
2026-07-09,6542,77.61,84.7
2026-07-09,6543,49.52,66.59
2026-07-09,6545,37.79,44.15
2026-07-09,6546,29.91,41.19
2026-07-09,6547,28.33,35.48
2026-07-09,6548,85.5,87.88
2026-07-09,6549,16.14,29.64
2026-07-09,6550,73.91,77.11
2026-07-09,6551,79.32,83.69
2026-07-09,6552,55.76,58.38
2026-07-09,6555,64.58,69.48
2026-07-09,6556,67.5,78.62
2026-07-09,6558,38.61,40.8
2026-07-09,6559,31.62,52.92
2026-07-09,6560,32.29,39.39
2026-07-09,6561,70.23,73.09
2026-07-09,6562,50.33,52.76
2026-07-09,6563,10.33,30.51
2026-07-09,6564,59.48,64.39
2026-07-09,6565,28.36,41.27
2026-07-09,6566,79.36,84.51
2026-07-09,6567,80.22,88.54
2026-07-09,6568,29.94,40.46
2026-07-09,6569,61.23,67.64
2026-07-09,6570,29.74,43.41
2026-07-09,6572,64.92,69.18
2026-07-09,6573,59.34,62.95
2026-07-09,6574,75.53,78.57
2026-07-09,6575,51.02,54.36
2026-07-09,6576,58.89,66.57
2026-07-09,6577,70.03,74.85
2026-07-09,6578,55.73,63.04
2026-07-09,6579,83.34,85.95
2026-07-09,6580,45.71,58.11
2026-07-09,6581,86.86,90.19
2026-07-09,6582,71.21,74.26
2026-07-09,6583,53.46,82.44
2026-07-09,6584,64.15,76.36
2026-07-09,6585,72.67,79.05
2026-07-09,6586,55.64,61.68
2026-07-09,6587,100.0,100.0
2026-07-09,6588,18.13,25.48
2026-07-09,6589,49.18,57.42
2026-07-09,6590,30.04,56.98
2026-07-09,6591,20.08,26.75
2026-07-09,6592,75.77,79.55
2026-07-09,6593,29.79,43.15
2026-07-09,6595,64.12,80.21
2026-07-09,6596,22.73,26.8
2026-07-09,6597,72.45,80.64
2026-07-09,6598,39.98,52.05
2026-07-09,6599,71.03,76.44
2026-07-09,6601,84.46,86.87
2026-07-09,6602,0.0,0.0
2026-07-09,6603,39.55,51.23
2026-07-09,6604,79.79,86.2
2026-07-09,6605,59.16,66.28
2026-07-09,6606,60.43,71.05
2026-07-09,6607,76.22,81.0
2026-07-09,6608,93.72,96.78
2026-07-09,6609,55.52,56.97
2026-07-09,6610,81.18,83.56
2026-07-09,6611,91.68,91.68
2026-07-09,6612,44.47,63.8
2026-07-09,6613,56.92,60.23
2026-07-09,6614,73.84,74.42
2026-07-09,6615,35.88,51.5
2026-07-09,6616,53.85,62.52
2026-07-09,6617,59.79,67.57
2026-07-09,6618,21.57,30.87
2026-07-09,6620,48.64,60.27
2026-07-09,6621,23.52,36.73
2026-07-09,6622,52.95,63.56
2026-07-09,6624,59.54,76.5
2026-07-09,6625,44.07,48.87
2026-07-09,6626,59.56,77.35
2026-07-09,6627,65.81,77.55
2026-07-09,6629,79.92,85.09
2026-07-09,6633,95.66,95.66
2026-07-09,6634,51.45,66.45
2026-07-09,6635,100.0,100.0
2026-07-09,6637,53.8,60.83
2026-07-09,6638,56.74,70.18
2026-07-09,6639,62.43,72.9
2026-07-09,6640,63.77,65.67
2026-07-09,6641,49.83,59.33
2026-07-09,6642,46.24,54.87
2026-07-09,6643,33.83,36.33
2026-07-09,6645,26.17,43.57
2026-07-09,6648,49.42,64.71
2026-07-09,6649,32.85,52.47
2026-07-09,6650,61.87,80.17
2026-07-09,6651,32.57,52.19
2026-07-09,6652,69.5,79.07
2026-07-09,6653,95.45,95.45
2026-07-09,6654,71.18,78.2
2026-07-09,6655,76.47,86.16
2026-07-09,6656,82.4,90.33
2026-07-09,6657,20.92,34.75
2026-07-09,6658,31.38,42.8
2026-07-09,6659,72.83,81.92
2026-07-09,6660,100.0,100.0
2026-07-09,6661,61.68,65.87
2026-07-09,6662,40.13,47.62
2026-07-09,6664,36.54,55.66
2026-07-09,6665,59.39,65.84
2026-07-09,6666,78.02,78.88
2026-07-09,6667,43.57,50.32
2026-07-09,6668,51.67,53.85
2026-07-09,6669,53.44,63.5
2026-07-09,6670,64.21,78.33
2026-07-09,6671,56.63,75.0
2026-07-09,6672,20.63,34.04
2026-07-09,6673,25.43,30.6
2026-07-09,6674,81.38,84.74
2026-07-09,6676,55.39,62.54
2026-07-09,6677,57.04,64.02
2026-07-09,6679,48.64,58.08
2026-07-09,6680,64.51,72.75
2026-07-09,6681,0.0,0.0
2026-07-09,6682,47.34,52.76
2026-07-09,6683,11.24,23.78
2026-07-09,6684,31.51,33.89
2026-07-09,6688,49.8,73.88
2026-07-09,6689,35.56,48.11
2026-07-09,6690,59.89,59.89
2026-07-09,6691,55.5,70.1
2026-07-09,6692,61.58,71.45
2026-07-09,6693,31.39,48.45
2026-07-09,6695,45.15,50.76
2026-07-09,6696,28.65,42.65
2026-07-09,6697,61.11,66.79
2026-07-09,6698,31.08,39.24
2026-07-09,6699,75.24,85.49
2026-07-09,6701,97.98,97.98
2026-07-09,6702,75.42,79.69
2026-07-09,6703,39.15,51.56
2026-07-09,6704,26.85,39.65
2026-07-09,6705,54.99,74.4
2026-07-09,6706,18.27,28.58
2026-07-09,6707,71.31,80.15
2026-07-09,6708,42.81,52.06
2026-07-09,6709,45.7,59.6
2026-07-09,6712,33.26,43.29
2026-07-09,6713,37.76,60.25
2026-07-09,6715,69.73,80.27
2026-07-09,6716,22.07,35.85
2026-07-09,6717,56.28,75.04
2026-07-09,6719,44.41,52.22
2026-07-09,6720,28.86,57.87
2026-07-09,6721,35.65,49.83
2026-07-09,6722,74.08,76.31
2026-07-09,6723,42.18,58.67
2026-07-09,6724,62.32,62.32
2026-07-09,6725,58.66,64.52
2026-07-09,6726,100.0,100.0
2026-07-09,6727,9.4,26.32
2026-07-09,6728,59.01,63.32
2026-07-09,6729,31.18,47.91
2026-07-09,6730,60.59,73.99
2026-07-09,6731,99.44,99.44
2026-07-09,6732,46.31,50.42
2026-07-09,6733,40.25,48.73
2026-07-09,6734,46.08,59.39
2026-07-09,6735,35.59,48.66
2026-07-09,6736,93.39,93.39
2026-07-09,6737,74.71,80.63
2026-07-09,6738,41.42,64.4
2026-07-09,6739,48.11,59.32
2026-07-09,6741,58.56,70.36
2026-07-09,6742,25.92,34.81
2026-07-09,6743,57.08,63.13
2026-07-09,6744,52.96,64.26
2026-07-09,6746,97.59,99.59
2026-07-09,6748,29.72,36.97
2026-07-09,6749,100.0,100.0
2026-07-09,6750,40.28,58.01
2026-07-09,6751,56.93,62.5
2026-07-09,6752,21.04,47.6
2026-07-09,6753,54.8,62.69
2026-07-09,6754,81.35,83.1
2026-07-09,6755,40.84,53.61
2026-07-09,6756,57.45,61.62
2026-07-09,6757,73.97,76.21
2026-07-09,6758,74.89,81.83
2026-07-09,6760,100.0,100.0
2026-07-09,6761,26.98,39.76
2026-07-09,6762,61.88,77.86
2026-07-09,6763,57.3,61.58
2026-07-09,6764,97.22,97.22
2026-07-09,6767,51.86,59.27
2026-07-09,6768,79.49,83.29
2026-07-09,6770,43.94,47.86
2026-07-09,6771,18.13,40.86
2026-07-09,6772,96.66,98.74
2026-07-09,6775,57.09,62.44
2026-07-09,6776,61.35,66.19
2026-07-09,6778,100.0,100.0
2026-07-09,6779,100.0,100.0
2026-07-09,6780,52.7,83.75
2026-07-09,6781,67.73,70.05
2026-07-09,6782,31.18,47.37
2026-07-09,6784,30.2,49.24
2026-07-09,6785,54.88,61.96
2026-07-09,6786,0.0,9.02
2026-07-09,6787,9.58,24.67
2026-07-09,6788,14.22,24.14
2026-07-09,6789,69.46,73.41
2026-07-09,6790,75.36,78.48
2026-07-09,6791,56.02,74.21
2026-07-09,6792,48.08,53.89
2026-07-09,6793,22.4,38.04
2026-07-09,6794,66.41,79.12
2026-07-09,6796,35.45,47.32
2026-07-09,6797,29.99,48.5
2026-07-09,6798,55.15,70.49
2026-07-09,6799,21.04,33.62
2026-07-09,6803,54.28,55.72
2026-07-09,6804,47.15,62.44
2026-07-09,6805,45.22,59.33
2026-07-09,6806,58.14,59.93
2026-07-09,6807,73.55,83.42
2026-07-09,6808,38.78,51.39
2026-07-09,6810,21.41,36.08
2026-07-09,6811,61.99,65.22
2026-07-09,6812,26.32,40.94
2026-07-09,6813,48.86,61.22
2026-07-09,6814,73.54,82.55
2026-07-09,6815,49.84,67.21
2026-07-09,6816,61.98,70.99
2026-07-09,6817,54.89,54.89
2026-07-09,6818,59.85,66.75
2026-07-09,6819,45.72,57.08
2026-07-09,6820,73.6,73.6
2026-07-09,6821,38.75,48.76
2026-07-09,6822,100.0,100.0
2026-07-09,6823,51.98,56.04
2026-07-09,6824,100.0,100.0
2026-07-09,6825,61.71,73.37
2026-07-09,6826,68.09,75.19
2026-07-09,6827,49.17,62.4
2026-07-09,6829,63.0,67.39
2026-07-09,6830,15.59,33.42
2026-07-09,6831,43.26,62.56
2026-07-09,6832,82.86,84.52
2026-07-09,6833,79.9,84.96
2026-07-09,6834,45.34,61.49
2026-07-09,6835,68.44,78.37
2026-07-09,6837,41.11,59.15
2026-07-09,6838,55.34,61.44
2026-07-09,6839,73.85,80.2
2026-07-09,6840,38.83,53.64
2026-07-09,6841,37.04,47.7
2026-07-09,6842,24.83,40.29
2026-07-09,6843,55.83,76.67
2026-07-09,6844,55.96,63.45
2026-07-09,6846,64.12,66.71
2026-07-09,6847,19.6,55.82
2026-07-09,6848,29.84,52.95
2026-07-09,6849,42.34,51.73
2026-07-09,6850,41.05,60.27
2026-07-09,6851,100.0,100.0
2026-07-09,6854,53.73,64.91
2026-07-09,6855,41.79,61.35
2026-07-09,6856,74.28,82.93
2026-07-09,6857,94.62,94.62
2026-07-09,6858,82.2,89.89
2026-07-09,6859,56.08,64.54
2026-07-09,6861,52.16,56.82
2026-07-09,6862,68.8,69.72
2026-07-09,6863,72.27,75.48
2026-07-09,6864,12.23,36.71
2026-07-09,6865,36.04,50.46
2026-07-09,6866,99.73,99.73
2026-07-09,6867,82.29,87.48
2026-07-09,6868,31.27,55.36
2026-07-09,6869,44.59,54.5
2026-07-09,6870,57.88,71.36
2026-07-09,6872,43.48,58.04
2026-07-09,6873,52.45,61.86
2026-07-09,6874,39.58,53.53
2026-07-09,6875,52.59,61.42
2026-07-09,6876,17.19,32.98
2026-07-09,6877,56.55,73.33
2026-07-09,6878,84.38,88.7
2026-07-09,6879,80.25,89.17
2026-07-09,6881,49.96,57.92
2026-07-09,6882,31.49,58.85
2026-07-09,6883,79.92,87.58
2026-07-09,6884,69.39,73.19
2026-07-09,6885,22.52,36.68
2026-07-09,6886,84.94,90.03
2026-07-09,6887,82.11,91.87
2026-07-09,6890,91.89,92.97
2026-07-09,6891,73.93,77.17
2026-07-09,6892,37.95,57.89
2026-07-09,6894,55.13,61.05
2026-07-09,6895,51.16,61.24
2026-07-09,6897,100.0,100.0
2026-07-09,6898,45.85,59.2
2026-07-09,6899,65.96,80.1
2026-07-09,6901,81.58,83.79
2026-07-09,6902,58.03,71.24
2026-07-09,6903,64.17,70.28
2026-07-09,6904,64.36,79.9
2026-07-09,6905,100.0,100.0
2026-07-09,6906,47.64,57.74
2026-07-09,6907,64.14,70.36
2026-07-09,6908,86.39,86.39
2026-07-09,6909,21.53,38.63
2026-07-09,6910,49.38,56.88
2026-07-09,6911,44.33,60.04
2026-07-09,6912,68.61,76.97
2026-07-09,6913,42.3,54.08
2026-07-09,6914,66.66,71.75
2026-07-09,6915,84.81,88.45
2026-07-09,6916,72.69,78.96
2026-07-09,6917,29.11,45.2
2026-07-09,6918,27.83,49.97
2026-07-09,6919,67.28,74.3
2026-07-09,6920,57.52,63.97
2026-07-09,6921,75.24,78.09
2026-07-09,6922,56.75,62.97
2026-07-09,6923,54.92,69.68
2026-07-09,6924,73.08,80.24
2026-07-09,6925,41.69,60.37
2026-07-09,6926,60.93,80.71
2026-07-09,6927,52.89,68.09
2026-07-09,6928,76.07,79.2
2026-07-09,6929,86.91,89.53
2026-07-09,6930,100.0,100.0
2026-07-09,6931,49.96,69.72
2026-07-09,6932,75.17,80.93
2026-07-09,6933,61.51,61.51
2026-07-09,6934,55.26,65.85
2026-07-09,6935,73.19,84.95
2026-07-09,6936,64.74,75.99
2026-07-09,6937,54.38,62.08
2026-07-09,6938,54.14,67.47
2026-07-09,6939,56.05,64.33
2026-07-09,6940,37.94,53.88
2026-07-09,6942,100.0,100.0
2026-07-09,6943,100.0,100.0
2026-07-09,6944,34.38,50.94
2026-07-09,6945,53.57,62.84
2026-07-09,6946,90.92,93.86
2026-07-09,6947,63.47,73.42
2026-07-09,6949,61.71,73.26
2026-07-09,6951,63.9,66.21
2026-07-09,6952,79.75,86.68
2026-07-09,6953,56.2,63.56
2026-07-09,6954,100.0,100.0
2026-07-09,6955,49.64,60.3
2026-07-09,6957,55.66,71.34
2026-07-09,6958,92.75,94.13
2026-07-09,6959,33.17,40.62
2026-07-09,6961,33.34,42.79
2026-07-09,6962,48.01,53.49
2026-07-09,6963,84.68,87.28
2026-07-09,6965,90.85,92.33
2026-07-09,6967,47.92,75.65
2026-07-09,6968,44.18,58.75
2026-07-09,6969,47.46,59.52
2026-07-09,6971,61.37,73.78
2026-07-09,6972,63.73,83.82
2026-07-09,6973,41.35,67.33
2026-07-09,6976,74.53,80.54
2026-07-09,6977,15.91,42.79
2026-07-09,6978,98.31,98.31
2026-07-09,6979,39.6,59.53
2026-07-09,6980,72.41,77.66
2026-07-09,6982,53.38,64.98
2026-07-09,6983,16.01,44.17
2026-07-09,6984,27.7,56.61
2026-07-09,6985,100.0,100.0
2026-07-09,6986,34.07,48.92
2026-07-09,6987,85.96,90.06
2026-07-09,6988,66.53,78.27
2026-07-09,6990,86.71,90.35
2026-07-09,6991,100.0,100.0
2026-07-09,6992,100.0,100.0
2026-07-09,6993,100.0,100.0
2026-07-09,6994,37.9,48.64
2026-07-09,6995,21.07,44.06
2026-07-09,6996,55.8,59.59
2026-07-09,6997,77.74,82.26
2026-07-09,6999,57.39,77.52
2026-07-09,7402,26.96,37.79
2026-07-09,7415,36.97,60.57
2026-07-09,7418,85.31,96.1
2026-07-09,7419,39.16,49.55
2026-07-09,7421,0.0,0.0
2026-07-09,7426,100.0,100.0
2026-07-09,7427,19.64,30.77
2026-07-09,7443,69.57,82.43
2026-07-09,7452,87.89,87.89
2026-07-09,7455,73.6,82.5
2026-07-09,7507,70.25,77.84
2026-07-09,7516,14.81,36.67
2026-07-09,7530,45.69,55.14
2026-07-09,7547,66.13,73.12
2026-07-09,7551,42.93,56.55
2026-07-09,7555,86.14,87.67
2026-07-09,7556,54.79,64.63
2026-07-09,7558,22.96,52.8
2026-07-09,7561,55.15,60.63
2026-07-09,7562,63.64,78.98
2026-07-09,7566,51.84,62.32
2026-07-09,7570,100.0,100.0
2026-07-09,7575,26.04,55.69
2026-07-09,7578,44.4,64.51
2026-07-09,7583,73.03,88.81
2026-07-09,7584,53.0,71.67
2026-07-09,7590,78.27,82.63
2026-07-09,7595,45.91,71.22
2026-07-09,7607,61.38,71.15
2026-07-09,7610,36.93,48.33
2026-07-09,7631,53.94,74.59
2026-07-09,7642,78.35,80.03
2026-07-09,7660,100.0,100.0
2026-07-09,7669,4.94,32.65
2026-07-09,7689,88.39,91.8
2026-07-09,7702,86.38,92.48
2026-07-09,7703,46.66,57.75
2026-07-09,7704,43.12,59.37
2026-07-09,7705,61.81,68.85
2026-07-09,7706,91.29,91.29
2026-07-09,7707,40.04,45.78
2026-07-09,7708,61.96,63.59
2026-07-09,7709,77.41,79.45
2026-07-09,7710,99.26,99.26
2026-07-09,7711,54.67,61.79
2026-07-09,7712,35.55,52.54
2026-07-09,7713,78.12,84.6
2026-07-09,7714,47.95,66.65
2026-07-09,7715,39.76,56.17
2026-07-09,7716,65.93,82.74
2026-07-09,7717,35.38,55.7
2026-07-09,7718,67.85,78.55
2026-07-09,7719,11.27,21.02
2026-07-09,7720,100.0,100.0
2026-07-09,7721,52.04,60.69
2026-07-09,7722,83.93,84.95
2026-07-09,7723,48.43,56.5
2026-07-09,7724,68.11,84.25
2026-07-09,7725,79.13,83.72
2026-07-09,7726,80.26,87.13
2026-07-09,7728,47.18,57.12
2026-07-09,7729,44.17,57.01
2026-07-09,7730,60.92,70.22
2026-07-09,7731,67.66,72.42
2026-07-09,7732,85.01,87.31
2026-07-09,7734,67.13,74.7
2026-07-09,7735,88.44,94.33
2026-07-09,7736,76.73,83.94
2026-07-09,7737,60.14,78.31
2026-07-09,7738,32.18,57.82
2026-07-09,7740,54.76,65.46
2026-07-09,7742,65.07,69.06
2026-07-09,7743,57.39,74.73
2026-07-09,7744,58.61,78.71
2026-07-09,7745,56.76,71.23
2026-07-09,7746,92.41,95.51
2026-07-09,7747,70.7,77.82
2026-07-09,7748,58.43,70.44
2026-07-09,7749,29.01,49.19
2026-07-09,7750,61.59,76.93
2026-07-09,7751,36.95,47.15
2026-07-09,7752,81.68,86.12
2026-07-09,7753,65.34,74.15
2026-07-09,7754,59.54,72.08
2026-07-09,7756,59.42,70.86
2026-07-09,7757,43.47,57.91
2026-07-09,7758,79.99,83.23
2026-07-09,7759,73.99,81.46
2026-07-09,7760,46.74,62.58
2026-07-09,7761,33.99,51.49
2026-07-09,7762,39.56,54.67
2026-07-09,7763,76.51,81.43
2026-07-09,7764,70.54,81.16
2026-07-09,7765,59.66,60.77
2026-07-09,7767,54.77,72.04
2026-07-09,7768,55.15,64.4
2026-07-09,7769,57.37,67.55
2026-07-09,7770,62.44,74.47
2026-07-09,7771,75.77,82.23
2026-07-09,7772,52.82,56.09
2026-07-09,7773,43.08,56.8
2026-07-09,7775,100.0,100.0
2026-07-09,7776,63.72,75.12
2026-07-09,7777,63.67,69.28
2026-07-09,7779,56.73,66.15
2026-07-09,7780,73.7,75.6
2026-07-09,7781,71.82,74.2
2026-07-09,7782,65.8,75.87
2026-07-09,7783,89.6,91.19
2026-07-09,7784,84.17,88.71
2026-07-09,7785,72.06,85.59
2026-07-09,7786,76.23,82.17
2026-07-09,7788,57.12,69.74
2026-07-09,7789,42.6,71.39
2026-07-09,7790,32.02,70.24
2026-07-09,7791,70.07,80.21
2026-07-09,7792,62.1,70.95
2026-07-09,7793,100.0,100.0
2026-07-09,7794,71.58,81.49
2026-07-09,7795,66.55,77.81
2026-07-09,7796,46.92,59.52
2026-07-09,7797,62.26,78.88
2026-07-09,7798,89.41,94.51
2026-07-09,7799,71.57,79.26
2026-07-09,7801,67.37,70.43
2026-07-09,7803,70.37,78.25
2026-07-09,7805,65.33,70.56
2026-07-09,7806,58.33,74.62
2026-07-09,7808,76.94,77.96
2026-07-09,7810,36.34,46.8
2026-07-09,7811,65.17,71.79
2026-07-09,7812,53.92,61.37
2026-07-09,7813,27.44,42.76
2026-07-09,7814,80.62,85.23
2026-07-09,7815,50.32,60.89
2026-07-09,7816,71.26,78.9
2026-07-09,7817,100.0,100.0
2026-07-09,7818,88.17,89.4
2026-07-09,7819,55.4,59.09
2026-07-09,7820,65.32,76.15
2026-07-09,7821,75.15,80.96
2026-07-09,7822,63.73,68.19
2026-07-09,7823,58.6,73.43
2026-07-09,7824,67.03,79.71
2026-07-09,7825,27.49,45.97
2026-07-09,7826,60.74,84.38
2026-07-09,7827,70.16,77.04
2026-07-09,7828,53.85,63.35
2026-07-09,7829,71.18,83.1
2026-07-09,7830,100.0,100.0
2026-07-09,7831,55.97,77.45
2026-07-09,7832,87.58,92.95
2026-07-09,7833,57.5,73.67
2026-07-09,7834,60.54,74.62
2026-07-09,7835,83.86,87.15
2026-07-09,7836,63.44,72.09
2026-07-09,7837,67.76,75.04
2026-07-09,7839,55.95,75.46
2026-07-09,7840,76.24,89.63
2026-07-09,7841,66.49,77.77
2026-07-09,7842,62.3,64.66
2026-07-09,7843,61.47,67.65
2026-07-09,7844,100.0,100.0
2026-07-09,7846,75.12,85.57
2026-07-09,7847,43.49,63.07
2026-07-09,7848,51.52,67.2
2026-07-09,7849,95.78,95.78
2026-07-09,7850,55.68,71.76
2026-07-09,7851,74.41,83.79
2026-07-09,7853,17.95,25.97
2026-07-09,7854,79.77,89.47
2026-07-09,7855,99.3,99.3
2026-07-09,7856,61.1,67.97
2026-07-09,7857,76.07,83.66
2026-07-09,7858,30.41,45.7
2026-07-09,7859,100.0,100.0
2026-07-09,7860,89.26,94.54
2026-07-09,7861,66.91,77.38
2026-07-09,7862,84.22,87.07
2026-07-09,7863,96.02,98.53
2026-07-09,7864,100.0,100.0
2026-07-09,7865,47.85,73.14
2026-07-09,7866,48.45,61.74
2026-07-09,7867,85.57,95.52
2026-07-09,7868,40.66,60.11
2026-07-09,7869,86.5,88.9
2026-07-09,7870,49.01,78.39
2026-07-09,7871,59.45,65.2
2026-07-09,7872,61.59,65.36
2026-07-09,7873,76.24,86.2
2026-07-09,7875,96.46,96.46
2026-07-09,7876,77.38,86.03
2026-07-09,7877,61.47,73.73
2026-07-09,7878,31.35,46.96
2026-07-09,7879,45.79,62.06
2026-07-09,7880,38.23,70.23
2026-07-09,7881,82.57,84.44
2026-07-09,7882,77.99,83.47
2026-07-09,7883,59.54,71.32
2026-07-09,7884,100.0,100.0
2026-07-09,7885,57.49,76.7
2026-07-09,7886,43.6,65.77
2026-07-09,7887,27.47,43.02
2026-07-09,7888,62.13,80.69
2026-07-09,7889,45.73,83.94
2026-07-09,7890,65.96,86.06
2026-07-09,7891,53.45,56.3
2026-07-09,7892,63.51,75.39
2026-07-09,7893,80.01,86.36
2026-07-09,7894,48.89,65.94
2026-07-09,7895,65.6,74.1
2026-07-09,7896,83.02,90.9
2026-07-09,7897,98.33,98.33
2026-07-09,7898,64.19,69.34
2026-07-09,7899,23.98,43.03
2026-07-09,7901,75.49,84.66
2026-07-09,7902,85.79,90.44
2026-07-09,7904,89.32,92.35
2026-07-09,7906,100.0,100.0
2026-07-09,7907,67.16,74.4
2026-07-09,7909,76.12,83.84
2026-07-09,7911,50.31,68.22
2026-07-09,7912,72.33,79.32
2026-07-09,7913,86.43,90.48
2026-07-09,7915,70.81,86.18
2026-07-09,7916,100.0,100.0
2026-07-09,7917,100.0,100.0
2026-07-09,7918,77.07,79.1
2026-07-09,7919,42.07,50.06
2026-07-09,7920,81.9,90.34
2026-07-09,7921,75.24,84.78
2026-07-09,7922,93.94,95.42
2026-07-09,7924,76.85,84.02
2026-07-09,7926,59.45,73.49
2026-07-09,7927,48.87,72.92
2026-07-09,7928,59.24,74.9
2026-07-09,7929,62.59,83.01
2026-07-09,7931,84.9,96.7
2026-07-09,7932,100.0,100.0
2026-07-09,7934,100.0,100.0
2026-07-09,8002,0.0,0.0
2026-07-09,8009,0.0,0.0
2026-07-09,8010,20.25,46.01
2026-07-09,8011,24.77,31.0
2026-07-09,8012,93.02,93.02
2026-07-09,8014,37.85,37.85
2026-07-09,8015,0.0,29.54
2026-07-09,8016,28.25,46.56
2026-07-09,8018,0.0,21.62
2026-07-09,8019,90.33,93.81
2026-07-09,8020,32.36,59.32
2026-07-09,8021,37.85,48.03
2026-07-09,8022,70.18,70.18
2026-07-09,8023,0.0,0.0
2026-07-09,8024,18.86,29.94
2026-07-09,8026,0.0,0.0
2026-07-09,8027,15.71,27.39
2026-07-09,8028,38.5,51.65
2026-07-09,8029,62.69,75.2
2026-07-09,8030,0.0,0.0
2026-07-09,8031,25.57,25.57
2026-07-09,8032,74.32,76.07
2026-07-09,8033,33.45,41.55
2026-07-09,8034,8.72,18.76
2026-07-09,8035,17.63,43.5
2026-07-09,8036,20.61,20.61
2026-07-09,8037,0.0,0.0
2026-07-09,8038,15.0,20.76
2026-07-09,8039,50.2,58.29
2026-07-09,8040,44.6,51.09
2026-07-09,8042,59.48,68.07
2026-07-09,8043,41.34,43.41
2026-07-09,8044,54.79,61.34
2026-07-09,8045,55.62,66.96
2026-07-09,8046,81.35,85.59
2026-07-09,8047,73.89,80.72
2026-07-09,8048,28.0,41.39
2026-07-09,8049,27.15,33.31
2026-07-09,8050,36.57,42.92
2026-07-09,8051,0.0,0.0
2026-07-09,8052,0.0,0.0
2026-07-09,8053,80.37,85.44
2026-07-09,8054,30.09,36.96
2026-07-09,8055,0.0,0.0
2026-07-09,8056,53.9,60.57
2026-07-09,8057,67.07,67.07
2026-07-09,8058,52.28,69.7
2026-07-09,8059,69.36,72.97
2026-07-09,8060,34.06,49.67
2026-07-09,8061,0.0,25.89
2026-07-09,8062,0.0,0.0
2026-07-09,8064,37.38,44.26
2026-07-09,8065,0.0,37.58
2026-07-09,8066,21.76,38.74
2026-07-09,8067,56.73,81.35
2026-07-09,8068,58.06,62.13
2026-07-09,8069,68.81,77.32
2026-07-09,8070,70.27,74.03
2026-07-09,8071,24.53,32.84
2026-07-09,8072,57.87,60.52
2026-07-09,8073,0.0,0.0
2026-07-09,8074,29.46,38.78
2026-07-09,8076,25.33,34.49
2026-07-09,8077,76.98,82.25
2026-07-09,8080,82.53,84.11
2026-07-09,8081,25.9,40.24
2026-07-09,8082,62.88,71.69
2026-07-09,8083,43.69,55.39
2026-07-09,8084,55.41,64.78
2026-07-09,8085,30.93,40.67
2026-07-09,8086,47.37,54.33
2026-07-09,8087,43.94,57.7
2026-07-09,8088,18.05,19.98
2026-07-09,8089,37.87,41.1
2026-07-09,8091,32.18,47.35
2026-07-09,8092,41.1,60.41
2026-07-09,8093,64.0,67.55
2026-07-09,8094,11.96,43.02
2026-07-09,8095,18.09,51.28
2026-07-09,8096,52.71,56.96
2026-07-09,8097,60.5,72.59
2026-07-09,8098,33.15,57.75
2026-07-09,8099,75.39,82.69
2026-07-09,8101,80.45,82.32
2026-07-09,8102,25.15,39.62
2026-07-09,8103,29.18,46.74
2026-07-09,8104,30.38,34.88
2026-07-09,8105,58.62,61.48
2026-07-09,8106,27.88,60.82
2026-07-09,8107,45.64,53.79
2026-07-09,8108,0.0,0.0
2026-07-09,8109,34.87,54.07
2026-07-09,8110,49.64,52.45
2026-07-09,8111,25.38,36.04
2026-07-09,8112,31.36,35.67
2026-07-09,8114,33.78,47.77
2026-07-09,8115,78.23,86.41
2026-07-09,8119,26.96,46.07
2026-07-09,8121,55.61,61.29
2026-07-09,8122,92.23,93.1
2026-07-09,8127,0.0,7.67
2026-07-09,8130,59.07,70.92
2026-07-09,8131,71.3,73.62
2026-07-09,8143,0.0,0.0
2026-07-09,8147,32.87,46.41
2026-07-09,8150,66.28,72.27
2026-07-09,8152,100.0,100.0
2026-07-09,8155,37.49,47.45
2026-07-09,8157,78.64,78.64
2026-07-09,8162,62.05,74.56
2026-07-09,8163,41.09,46.5
2026-07-09,8171,52.22,61.02
2026-07-09,8172,0.0,0.0
2026-07-09,8176,21.73,32.49
2026-07-09,8182,64.97,67.07
2026-07-09,8183,43.46,47.49
2026-07-09,8197,83.38,84.91
2026-07-09,8201,45.88,57.77
2026-07-09,8204,0.0,0.0
2026-07-09,8210,62.61,70.35
2026-07-09,8213,41.22,50.85
2026-07-09,8215,50.76,53.25
2026-07-09,8218,0.0,0.0
2026-07-09,8219,0.0,0.0
2026-07-09,8221,0.0,0.0
2026-07-09,8222,31.52,39.67
2026-07-09,8225,73.02,79.65
2026-07-09,8227,18.22,28.15
2026-07-09,8234,46.74,54.24
2026-07-09,8240,47.02,53.69
2026-07-09,8249,53.54,57.65
2026-07-09,8255,47.62,52.6
2026-07-09,8259,0.0,0.0
2026-07-09,8261,43.96,53.04
2026-07-09,8264,0.0,0.0
2026-07-09,8271,36.32,42.41
2026-07-09,8272,25.15,38.05
2026-07-09,8276,33.56,47.96
2026-07-09,8277,13.48,19.65
2026-07-09,8279,52.51,62.22
2026-07-09,8281,34.88,44.49
2026-07-09,8284,44.64,62.87
2026-07-09,8286,0.0,0.0
2026-07-09,8287,70.24,70.24
2026-07-09,8289,33.82,42.99
2026-07-09,8291,71.9,71.9
2026-07-09,8297,92.95,92.95
2026-07-09,8298,81.25,81.25
2026-07-09,8299,33.98,45.05
2026-07-09,8307,97.93,99.42
2026-07-09,8325,0.0,0.0
2026-07-09,8329,87.17,90.78
2026-07-09,8341,46.48,48.97
2026-07-09,8342,65.61,72.9
2026-07-09,8345,71.53,82.22
2026-07-09,8349,66.9,71.09
2026-07-09,8351,70.91,80.5
2026-07-09,8354,46.74,64.56
2026-07-09,8358,44.25,52.65
2026-07-09,8359,79.54,83.39
2026-07-09,8361,0.0,0.0
2026-07-09,8367,61.38,70.63
2026-07-09,8374,68.57,71.69
2026-07-09,8375,40.34,77.08
2026-07-09,8380,0.0,19.38
2026-07-09,8382,56.89,65.98
2026-07-09,8383,44.86,51.82
2026-07-09,8390,43.11,49.86
2026-07-09,8401,54.31,62.79
2026-07-09,8403,32.25,38.51
2026-07-09,8404,73.47,78.68
2026-07-09,8409,38.58,48.52
2026-07-09,8410,51.12,59.11
2026-07-09,8411,79.09,81.69
2026-07-09,8415,89.34,92.59
2026-07-09,8416,77.11,77.11
2026-07-09,8419,40.55,53.22
2026-07-09,8421,59.0,63.55
2026-07-09,8422,34.07,37.44
2026-07-09,8423,54.89,63.05
2026-07-09,8424,50.7,60.57
2026-07-09,8426,70.26,73.53
2026-07-09,8427,0.0,0.0
2026-07-09,8429,37.99,41.86
2026-07-09,8431,15.38,23.48
2026-07-09,8432,56.47,61.5
2026-07-09,8433,60.42,66.77
2026-07-09,8435,20.64,41.13
2026-07-09,8436,28.76,38.81
2026-07-09,8437,28.02,40.83
2026-07-09,8438,71.28,83.63
2026-07-09,8440,29.05,31.76
2026-07-09,8442,61.4,71.45
2026-07-09,8443,59.39,69.84
2026-07-09,8444,74.8,84.19
2026-07-09,8446,42.86,50.19
2026-07-09,8450,56.66,58.33
2026-07-09,8452,100.0,100.0
2026-07-09,8454,79.83,81.11
2026-07-09,8455,87.77,89.9
2026-07-09,8458,48.85,72.45
2026-07-09,8462,58.78,65.79
2026-07-09,8463,76.69,81.81
2026-07-09,8464,77.82,87.08
2026-07-09,8465,41.56,58.22
2026-07-09,8466,67.17,77.29
2026-07-09,8467,73.88,82.01
2026-07-09,8472,55.75,63.04
2026-07-09,8473,66.23,69.13
2026-07-09,8475,100.0,100.0
2026-07-09,8476,63.12,71.69
2026-07-09,8477,75.87,78.19
2026-07-09,8478,75.66,76.66
2026-07-09,8479,41.51,62.09
2026-07-09,8481,53.61,66.43
2026-07-09,8482,90.26,95.18
2026-07-09,8485,0.0,96.18
2026-07-09,8487,45.91,55.76
2026-07-09,8488,80.3,87.1
2026-07-09,8489,46.05,57.02
2026-07-09,8490,29.07,45.34
2026-07-09,8491,0.0,9.23
2026-07-09,8492,88.34,92.97
2026-07-09,8495,89.76,92.0
2026-07-09,8496,84.71,87.43
2026-07-09,8499,72.65,79.8
2026-07-09,8707,0.0,0.0
2026-07-09,8708,36.62,43.66
2026-07-09,8710,18.1,28.87
2026-07-09,8712,63.73,76.09
2026-07-09,8718,27.19,35.25
2026-07-09,8719,79.45,86.77
2026-07-09,8720,47.24,56.82
2026-07-09,8721,0.0,0.0
2026-07-09,8722,56.86,62.69
2026-07-09,8723,41.3,50.61
2026-07-09,8724,33.55,40.57
2026-07-09,8725,25.06,32.14
2026-07-09,8905,88.78,92.47
2026-07-09,8906,49.92,55.46
2026-07-09,8908,85.98,88.95
2026-07-09,8916,60.87,66.96
2026-07-09,8917,65.81,82.82
2026-07-09,8921,63.01,85.56
2026-07-09,8923,74.55,82.29
2026-07-09,8924,29.85,38.36
2026-07-09,8925,27.42,41.2
2026-07-09,8926,54.9,60.39
2026-07-09,8927,74.09,83.31
2026-07-09,8928,35.67,49.13
2026-07-09,8929,39.18,45.67
2026-07-09,8930,56.78,67.72
2026-07-09,8931,77.51,81.23
2026-07-09,8932,75.55,80.4
2026-07-09,8933,47.56,52.82
2026-07-09,8934,94.77,94.77
2026-07-09,8935,42.52,51.81
2026-07-09,8936,23.4,32.37
2026-07-09,8937,87.98,90.74
2026-07-09,8938,45.08,56.66
2026-07-09,8940,62.74,70.88
2026-07-09,8941,46.44,67.13
2026-07-09,8942,41.71,51.02
2026-07-09,8945,0.0,0.0
2026-07-09,8977,94.48,96.97
2026-07-09,8996,33.32,51.47
2026-07-09,8999,20.5,62.99
2026-07-09,9103,3.29,11.46
2026-07-09,9105,13.9,23.41
2026-07-09,9110,21.72,43.95
2026-07-09,9136,62.23,67.52
2026-07-09,9801,66.03,69.3
2026-07-09,9802,56.03,64.58
2026-07-09,9902,50.3,56.19
2026-07-09,9904,65.2,69.5
2026-07-09,9905,72.27,73.69
2026-07-09,9906,74.88,78.67
2026-07-09,9907,70.61,75.01
2026-07-09,9908,74.23,80.58
2026-07-09,9910,86.57,88.71
2026-07-09,9911,61.71,68.38
2026-07-09,9912,55.39,62.34
2026-07-09,9914,56.33,66.01
2026-07-09,9917,71.11,76.98
2026-07-09,9918,77.04,84.58
2026-07-09,9919,43.11,46.16
2026-07-09,9921,55.62,64.98
2026-07-09,9922,59.02,69.32
2026-07-09,9924,53.62,62.08
2026-07-09,9925,61.67,68.72
2026-07-09,9926,73.65,83.86
2026-07-09,9927,52.67,58.88
2026-07-09,9928,67.16,74.46
2026-07-09,9929,83.97,88.08
2026-07-09,9930,77.09,77.85
2026-07-09,9931,72.99,77.98
2026-07-09,9933,55.62,61.86
2026-07-09,9934,58.56,66.69
2026-07-09,9935,49.53,61.99
2026-07-09,9936,20.0,28.94
2026-07-09,9937,82.55,89.26
2026-07-09,9938,45.3,53.83
2026-07-09,9939,50.96,61.11
2026-07-09,9940,77.93,81.37
2026-07-09,9941,67.26,70.5
2026-07-09,9942,38.57,51.79
2026-07-09,9943,69.48,71.09
2026-07-09,9944,66.14,78.73
2026-07-09,9945,60.44,64.53
2026-07-09,9946,78.46,81.73
2026-07-09,9947,0.0,0.0
2026-07-09,9948,0.0,0.0
2026-07-09,9949,51.67,73.09
2026-07-09,9950,79.53,83.3
2026-07-09,9951,39.55,46.8
2026-07-09,9952,0.0,0.0
2026-07-09,9953,0.0,0.0
2026-07-09,9955,55.3,61.69
2026-07-09,9956,0.0,0.0
2026-07-09,9957,95.48,96.03
2026-07-09,9958,43.85,53.15
2026-07-09,9959,0.0,0.0
2026-07-09,9960,60.11,76.23
2026-07-09,9961,89.73,93.39
2026-07-09,9962,39.97,47.07
2026-07-09,9963,100.0,100.0
2026-07-09,9964,100.0,100.0
2026-07-09,9965,0.0,0.0
2026-07-17,1101,50.88,54.93
2026-07-17,1102,78.98,81.13
2026-07-17,1103,76.47,80.27
2026-07-17,1104,67.37,72.92
2026-07-17,1107,99.7,99.7
2026-07-17,1108,74.82,79.59
2026-07-17,1109,72.87,79.36
2026-07-17,1110,91.26,94.06
2026-07-17,1201,59.35,63.57
2026-07-17,1203,86.74,90.93
2026-07-17,1204,31.77,45.74
2026-07-17,1207,75.27,77.25
2026-07-17,1210,61.65,65.73
2026-07-17,1212,35.58,44.23
2026-07-17,1213,77.05,81.62
2026-07-17,1215,54.07,58.6
2026-07-17,1216,86.01,89.55
2026-07-17,1217,53.22,60.57
2026-07-17,1218,63.52,67.71
2026-07-17,1219,57.89,63.1
2026-07-17,1220,60.42,67.57
2026-07-17,1221,25.85,34.18
2026-07-17,1224,82.37,88.35
2026-07-17,1225,87.46,89.83
2026-07-17,1227,64.29,67.5
2026-07-17,1228,12.17,37.93
2026-07-17,1229,62.7,65.44
2026-07-17,1231,62.81,64.68
2026-07-17,1232,72.1,73.8
2026-07-17,1233,67.9,75.33
2026-07-17,1234,74.27,83.01
2026-07-17,1235,95.22,96.4
2026-07-17,1236,78.04,82.95
2026-07-17,1238,8.56,11.73
2026-07-17,1240,49.08,69.61
2026-07-17,1256,47.12,59.91
2026-07-17,1259,71.38,77.1
2026-07-17,1260,70.63,75.9
2026-07-17,1264,24.84,47.27
2026-07-17,1268,72.16,78.11
2026-07-17,1269,72.74,77.74
2026-07-17,1271,55.47,66.95
2026-07-17,1293,42.36,74.29
2026-07-17,1294,40.78,56.24
2026-07-17,1295,44.94,56.49
2026-07-17,1301,72.32,74.9
2026-07-17,1303,84.35,86.83
2026-07-17,1304,57.83,61.11
2026-07-17,1305,48.16,51.41
2026-07-17,1306,19.39,21.32
2026-07-17,1307,78.09,81.47
2026-07-17,1308,48.82,52.48
2026-07-17,1309,42.88,46.42
2026-07-17,1310,23.91,29.71
2026-07-17,1312,56.12,60.02
2026-07-17,1313,63.78,67.8
2026-07-17,1314,33.39,41.53
2026-07-17,1315,70.24,80.7
2026-07-17,1316,32.68,42.89
2026-07-17,1319,75.98,79.91
2026-07-17,1321,53.41,70.31
2026-07-17,1323,61.03,70.45
2026-07-17,1324,59.28,66.66
2026-07-17,1325,44.85,47.81
2026-07-17,1326,79.89,82.32
2026-07-17,1333,43.03,51.19
2026-07-17,1336,38.11,49.84
2026-07-17,1337,39.79,48.11
2026-07-17,1338,31.35,42.73
2026-07-17,1339,72.44,74.56
2026-07-17,1340,28.96,34.55
2026-07-17,1341,75.97,83.7
2026-07-17,1342,51.58,60.01
2026-07-17,1343,42.1,66.01
2026-07-17,1402,86.49,88.46
2026-07-17,1407,28.84,35.25
2026-07-17,1408,12.51,20.66
2026-07-17,1409,60.13,63.76
2026-07-17,1410,68.23,76.25
2026-07-17,1413,69.32,75.84
2026-07-17,1414,83.26,88.19
2026-07-17,1416,49.04,54.34
2026-07-17,1417,48.19,58.46
2026-07-17,1418,58.96,71.46
2026-07-17,1419,85.61,90.81
2026-07-17,1423,76.15,83.35
2026-07-17,1432,53.36,54.85
2026-07-17,1434,68.93,72.12
2026-07-17,1435,93.06,94.87
2026-07-17,1436,73.42,76.8
2026-07-17,1437,66.76,79.23
2026-07-17,1438,76.4,83.11
2026-07-17,1439,74.68,84.3
2026-07-17,1440,73.11,77.77
2026-07-17,1441,58.35,65.0
2026-07-17,1442,78.39,86.65
2026-07-17,1443,81.1,89.9
2026-07-17,1444,59.77,63.76
2026-07-17,1445,59.0,68.74
2026-07-17,1446,61.86,65.6
2026-07-17,1447,65.81,69.88
2026-07-17,1449,31.45,38.33
2026-07-17,1450,20.95,25.72
2026-07-17,1451,56.63,63.19
2026-07-17,1452,37.72,48.88
2026-07-17,1453,73.67,75.6
2026-07-17,1454,77.54,81.72
2026-07-17,1455,62.62,66.69
2026-07-17,1456,80.56,85.41
2026-07-17,1457,68.1,74.53
2026-07-17,1458,51.03,59.75
2026-07-17,1459,79.68,85.75
2026-07-17,1460,64.95,71.84
2026-07-17,1462,34.36,46.47
2026-07-17,1463,74.67,81.19
2026-07-17,1464,54.06,61.25
2026-07-17,1465,62.37,72.8
2026-07-17,1466,61.73,68.08
2026-07-17,1467,59.31,66.41
2026-07-17,1468,96.81,97.56
2026-07-17,1469,87.63,92.35
2026-07-17,1470,70.23,87.25
2026-07-17,1471,16.87,22.21
2026-07-17,1472,69.81,81.11
2026-07-17,1473,69.22,71.63
2026-07-17,1474,52.94,59.42
2026-07-17,1475,68.99,76.28
2026-07-17,1476,73.24,80.03
2026-07-17,1477,52.64,62.57
2026-07-17,1480,94.46,98.22
2026-07-17,1491,44.24,59.65
2026-07-17,1498,0.0,48.56
2026-07-17,1503,70.57,73.16
2026-07-17,1504,66.84,69.6
2026-07-17,1506,71.33,77.28
2026-07-17,1507,100.0,100.0
2026-07-17,1512,47.81,53.89
2026-07-17,1513,38.95,43.37
2026-07-17,1514,33.53,41.69
2026-07-17,1515,42.64,51.96
2026-07-17,1516,58.69,64.74
2026-07-17,1517,44.67,49.01
2026-07-17,1519,65.37,72.48
2026-07-17,1521,66.46,68.08
2026-07-17,1522,52.39,57.57
2026-07-17,1524,35.27,38.2
2026-07-17,1525,86.25,88.19
2026-07-17,1526,29.94,37.07
2026-07-17,1527,27.77,32.36
2026-07-17,1528,27.74,29.82
2026-07-17,1529,41.65,46.9
2026-07-17,1530,70.06,75.94
2026-07-17,1531,54.12,64.22
2026-07-17,1532,58.82,66.41
2026-07-17,1533,52.11,63.28
2026-07-17,1534,35.3,46.92
2026-07-17,1535,75.1,75.51
2026-07-17,1536,28.44,34.26
2026-07-17,1537,42.7,52.25
2026-07-17,1538,70.77,78.45
2026-07-17,1539,60.13,60.13
2026-07-17,1540,23.69,36.89
2026-07-17,1541,79.45,83.75
2026-07-17,1553,0.0,0.0
2026-07-17,1557,0.0,30.38
2026-07-17,1558,10.35,35.0
2026-07-17,1560,50.72,66.57
2026-07-17,1563,35.66,47.93
2026-07-17,1565,8.33,18.16
2026-07-17,1568,55.03,64.87
2026-07-17,1569,43.52,52.42
2026-07-17,1570,42.94,55.86
2026-07-17,1571,0.0,67.23
2026-07-17,1573,0.0,0.0
2026-07-17,1575,0.0,0.0
2026-07-17,1577,0.0,0.0
2026-07-17,1580,29.88,40.17
2026-07-17,1582,26.35,30.47
2026-07-17,1583,89.51,91.25
2026-07-17,1584,36.08,41.23
2026-07-17,1585,45.88,65.6
2026-07-17,1586,67.35,76.58
2026-07-17,1587,37.85,46.44
2026-07-17,1589,21.01,28.36
2026-07-17,1590,53.29,72.68
2026-07-17,1591,8.54,21.76
2026-07-17,1592,18.1,26.43
2026-07-17,1593,35.42,50.04
2026-07-17,1594,75.4,82.82
2026-07-17,1595,31.9,45.67
2026-07-17,1597,38.25,51.16
2026-07-17,1598,53.0,59.84
2026-07-17,1599,57.17,64.7
2026-07-17,1601,6.25,11.52
2026-07-17,1602,9.55,12.14
2026-07-17,1603,69.02,72.39
2026-07-17,1604,52.73,58.02
2026-07-17,1605,70.4,72.81
2026-07-17,1606,9.45,15.84
2026-07-17,1608,60.58,63.87
2026-07-17,1609,28.5,32.11
2026-07-17,1611,45.29,53.72
2026-07-17,1612,54.19,59.88
2026-07-17,1613,47.37,57.73
2026-07-17,1614,75.4,82.76
2026-07-17,1615,76.84,80.44
2026-07-17,1616,55.75,59.98
2026-07-17,1617,69.78,76.44
2026-07-17,1618,53.72,57.03
2026-07-17,1623,74.98,76.5
2026-07-17,1626,60.09,69.71
2026-07-17,1702,53.88,57.28
2026-07-17,1707,41.97,52.94
2026-07-17,1708,35.69,41.21
2026-07-17,1709,57.63,66.75
2026-07-17,1710,57.54,62.76
2026-07-17,1711,39.74,44.05
2026-07-17,1712,47.06,57.29
2026-07-17,1713,66.61,73.76
2026-07-17,1714,49.78,54.66
2026-07-17,1717,59.83,65.63
2026-07-17,1718,49.41,53.89
2026-07-17,1720,59.6,65.65
2026-07-17,1721,31.58,37.25
2026-07-17,1722,60.42,65.77
2026-07-17,1723,46.96,52.54
2026-07-17,1725,93.1,94.21
2026-07-17,1726,83.83,85.67
2026-07-17,1727,50.51,55.37
2026-07-17,1729,85.84,91.39
2026-07-17,1730,53.73,57.3
2026-07-17,1731,51.39,55.99
2026-07-17,1732,44.13,46.4
2026-07-17,1733,32.76,41.66
2026-07-17,1734,40.84,49.88
2026-07-17,1735,77.79,78.39
2026-07-17,1736,83.26,88.51
2026-07-17,1737,59.32,63.81
2026-07-17,1742,71.99,80.89
2026-07-17,1748,36.13,39.26
2026-07-17,1752,57.64,64.08
2026-07-17,1760,33.85,42.27
2026-07-17,1762,36.1,46.15
2026-07-17,1763,100.0,100.0
2026-07-17,1764,100.0,100.0
2026-07-17,1765,100.0,100.0
2026-07-17,1766,100.0,100.0
2026-07-17,1773,69.69,75.62
2026-07-17,1775,100.0,100.0
2026-07-17,1776,44.12,65.78
2026-07-17,1777,51.64,59.53
2026-07-17,1780,61.89,76.27
2026-07-17,1781,23.55,44.49
2026-07-17,1783,55.68,63.49
2026-07-17,1784,18.13,28.23
2026-07-17,1785,38.16,43.8
2026-07-17,1786,44.03,52.13
2026-07-17,1788,40.1,50.04
2026-07-17,1789,74.76,76.97
2026-07-17,1794,0.0,0.0
2026-07-17,1795,52.73,57.45
2026-07-17,1796,45.18,55.72
2026-07-17,1799,66.48,68.13
2026-07-17,1802,74.77,76.67
2026-07-17,1805,70.37,77.44
2026-07-17,1806,70.64,74.43
2026-07-17,1807,38.19,47.35
2026-07-17,1808,77.77,79.95
2026-07-17,1809,44.19,48.13
2026-07-17,1810,61.82,66.63
2026-07-17,1813,33.67,47.72
2026-07-17,1814,57.36,74.93
2026-07-17,1815,30.15,32.54
2026-07-17,1816,91.94,94.8
2026-07-17,1817,58.37,65.13
2026-07-17,1818,63.87,75.49
2026-07-17,1819,65.69,84.42
2026-07-17,1903,74.87,81.16
2026-07-17,1904,62.19,66.63
2026-07-17,1905,69.25,71.56
2026-07-17,1906,70.25,74.49
2026-07-17,1907,81.27,84.75
2026-07-17,1909,62.79,67.36
2026-07-17,1918,17.6,20.58
2026-07-17,2002,47.85,51.66
2026-07-17,2006,73.79,79.58
2026-07-17,2007,75.66,76.76
2026-07-17,2008,91.08,92.41
2026-07-17,2009,55.32,56.88
2026-07-17,2010,64.23,68.42
2026-07-17,2012,74.59,84.08
2026-07-17,2013,76.61,79.5
2026-07-17,2014,46.87,49.94
2026-07-17,2015,82.03,88.16
2026-07-17,2017,57.88,62.19
2026-07-17,2020,44.76,50.48
2026-07-17,2022,36.74,39.74
2026-07-17,2023,77.54,79.03
2026-07-17,2024,80.77,83.01
2026-07-17,2025,59.09,62.22
2026-07-17,2027,70.17,74.27
2026-07-17,2028,81.21,83.5
2026-07-17,2029,68.36,71.17
2026-07-17,2030,44.15,48.23
2026-07-17,2031,51.43,56.74
2026-07-17,2032,48.58,58.95
2026-07-17,2033,61.27,74.0
2026-07-17,2034,43.11,49.42
2026-07-17,2035,96.24,96.71
2026-07-17,2038,49.48,53.99
2026-07-17,2049,60.49,68.67
2026-07-17,2056,85.7,93.63
2026-07-17,2058,18.39,25.87
2026-07-17,2059,56.37,66.76
2026-07-17,2060,87.22,87.22
2026-07-17,2061,31.59,51.19
2026-07-17,2062,55.42,61.55
2026-07-17,2063,37.45,53.43
2026-07-17,2064,72.44,83.04
2026-07-17,2065,44.43,52.87
2026-07-17,2066,53.56,68.86
2026-07-17,2067,49.07,56.5
2026-07-17,2068,100.0,100.0
2026-07-17,2069,52.23,61.96
2026-07-17,2070,47.35,57.15
2026-07-17,2071,72.13,83.49
2026-07-17,2072,72.12,75.31
2026-07-17,2073,51.55,75.16
2026-07-17,2101,59.37,65.36
2026-07-17,2102,76.48,80.9
2026-07-17,2103,51.9,56.6
2026-07-17,2104,36.34,45.04
2026-07-17,2105,78.63,81.25
2026-07-17,2106,75.05,79.99
2026-07-17,2107,57.82,63.27
2026-07-17,2108,64.96,70.3
2026-07-17,2109,66.67,74.44
2026-07-17,2113,0.0,0.0
2026-07-17,2114,58.96,65.75
2026-07-17,2115,58.61,70.34
2026-07-17,2201,59.89,63.98
2026-07-17,2204,72.3,75.0
2026-07-17,2206,80.7,84.45
2026-07-17,2207,82.83,89.36
2026-07-17,2208,50.73,55.54
2026-07-17,2211,78.91,82.5
2026-07-17,2221,64.71,65.83
2026-07-17,2226,100.0,100.0
2026-07-17,2227,93.27,93.51
2026-07-17,2228,53.88,56.54
2026-07-17,2229,0.0,41.04
2026-07-17,2230,30.24,45.52
2026-07-17,2231,62.7,66.58
2026-07-17,2233,32.36,50.45
2026-07-17,2235,76.08,83.9
2026-07-17,2236,62.47,73.51
2026-07-17,2237,74.81,80.82
2026-07-17,2239,77.26,80.02
2026-07-17,2241,32.64,46.08
2026-07-17,2243,53.51,68.82
2026-07-17,2245,66.91,77.72
2026-07-17,2246,65.07,68.53
2026-07-17,2247,72.7,76.68
2026-07-17,2248,69.67,78.44
2026-07-17,2249,54.36,71.46
2026-07-17,2250,48.97,51.12
2026-07-17,2252,74.25,80.0
2026-07-17,2254,87.89,92.88
2026-07-17,2255,73.38,79.17
2026-07-17,2256,42.62,57.73
2026-07-17,2258,92.65,93.86
2026-07-17,2301,73.49,78.45
2026-07-17,2302,56.69,61.05
2026-07-17,2303,73.82,76.45
2026-07-17,2305,63.03,68.37
2026-07-17,2308,74.38,81.37
2026-07-17,2312,42.85,47.25
2026-07-17,2313,52.81,58.16
2026-07-17,2314,3.31,9.73
2026-07-17,2316,58.67,65.81
2026-07-17,2317,66.04,68.83
2026-07-17,2318,22.75,26.95
2026-07-17,2321,67.91,71.07
2026-07-17,2323,39.46,46.22
2026-07-17,2324,59.06,62.75
2026-07-17,2326,6.45,12.63
2026-07-17,2327,68.1,72.87
2026-07-17,2328,36.45,40.38
2026-07-17,2329,46.88,51.11
2026-07-17,2330,84.91,87.67
2026-07-17,2331,54.17,58.35
2026-07-17,2332,35.87,41.36
2026-07-17,2333,20.3,28.97
2026-07-17,2335,25.37,35.56
2026-07-17,2337,39.87,44.41
2026-07-17,2338,43.15,48.43
2026-07-17,2340,33.4,37.79
2026-07-17,2341,86.94,86.94
2026-07-17,2342,33.16,38.25
2026-07-17,2344,66.74,69.81
2026-07-17,2345,57.23,71.09
2026-07-17,2347,85.38,88.9
2026-07-17,2348,65.48,69.04
2026-07-17,2349,21.97,28.84
2026-07-17,2351,60.44,71.22
2026-07-17,2352,43.98,48.76
2026-07-17,2353,33.19,37.21
2026-07-17,2354,42.29,45.12
2026-07-17,2355,31.08,39.46
2026-07-17,2356,69.43,72.43
2026-07-17,2357,61.91,72.56
2026-07-17,2358,23.45,27.69
2026-07-17,2359,40.21,48.52
2026-07-17,2360,54.51,71.13
2026-07-17,2361,47.2,52.93
2026-07-17,2362,75.95,79.43
2026-07-17,2363,31.27,36.73
2026-07-17,2364,51.35,55.02
2026-07-17,2365,18.74,23.83
2026-07-17,2367,23.53,27.24
2026-07-17,2368,70.49,78.66
2026-07-17,2369,32.8,36.65
2026-07-17,2371,42.15,46.99
2026-07-17,2373,86.18,87.25
2026-07-17,2374,23.1,27.52
2026-07-17,2375,21.95,29.32
2026-07-17,2376,62.29,69.6
2026-07-17,2377,58.56,64.55
2026-07-17,2378,26.89,33.7
2026-07-17,2379,59.04,73.89
2026-07-17,2380,32.76,36.43
2026-07-17,2381,0.0,0.0
2026-07-17,2382,81.71,85.46
2026-07-17,2383,57.95,69.24
2026-07-17,2384,20.92,28.0
2026-07-17,2385,68.4,74.4
2026-07-17,2387,51.9,58.04
2026-07-17,2388,64.39,68.5
2026-07-17,2390,33.55,39.96
2026-07-17,2392,44.19,48.24
2026-07-17,2393,60.69,68.67
2026-07-17,2395,78.17,85.67
2026-07-17,2396,37.06,45.5
2026-07-17,2397,65.98,69.28
2026-07-17,2398,32.6,36.52
2026-07-17,2399,23.69,31.69
2026-07-17,2401,37.33,42.77
2026-07-17,2402,34.02,37.9
2026-07-17,2404,40.44,54.44
2026-07-17,2405,18.93,24.18
2026-07-17,2406,25.78,31.26
2026-07-17,2407,27.81,37.8
2026-07-17,2408,80.18,82.33
2026-07-17,2409,43.7,48.1
2026-07-17,2410,23.69,36.33
2026-07-17,2412,77.33,79.09
2026-07-17,2413,50.63,57.46
2026-07-17,2414,48.53,59.19
2026-07-17,2415,58.68,63.58
2026-07-17,2417,40.31,42.28
2026-07-17,2418,42.11,47.76
2026-07-17,2419,62.97,64.66
2026-07-17,2420,39.9,50.38
2026-07-17,2421,45.47,57.11
2026-07-17,2423,69.51,75.43
2026-07-17,2424,79.18,80.85
2026-07-17,2425,38.46,49.29
2026-07-17,2426,37.8,42.64
2026-07-17,2427,49.78,53.42
2026-07-17,2428,50.79,64.23
2026-07-17,2429,43.27,51.69
2026-07-17,2430,55.87,63.46
2026-07-17,2431,34.92,41.96
2026-07-17,2432,72.89,77.36
2026-07-17,2433,77.82,78.99
2026-07-17,2434,74.38,78.19
2026-07-17,2435,28.39,32.31
2026-07-17,2436,20.07,26.76
2026-07-17,2438,49.43,58.44
2026-07-17,2439,25.71,33.81
2026-07-17,2440,67.22,70.5
2026-07-17,2441,64.64,69.86
2026-07-17,2442,49.71,57.67
2026-07-17,2443,45.96,55.24
2026-07-17,2444,18.06,27.46
2026-07-17,2445,12.45,15.7
2026-07-17,2449,60.09,66.55
2026-07-17,2450,75.97,77.21
2026-07-17,2451,67.18,72.52
2026-07-17,2453,40.29,45.83
2026-07-17,2454,64.33,74.59
2026-07-17,2455,34.44,50.5
2026-07-17,2457,25.97,30.38
2026-07-17,2458,49.69,60.91
2026-07-17,2459,42.0,53.06
2026-07-17,2460,53.82,58.68
2026-07-17,2461,36.07,45.7
2026-07-17,2462,50.3,55.97
2026-07-17,2464,33.05,39.37
2026-07-17,2465,29.58,36.66
2026-07-17,2466,84.03,90.15
2026-07-17,2467,60.18,68.76
2026-07-17,2468,50.02,50.02
2026-07-17,2471,6.74,24.08
2026-07-17,2472,48.12,58.12
2026-07-17,2474,64.59,68.44
2026-07-17,2475,64.54,71.12
2026-07-17,2476,58.81,67.21
2026-07-17,2477,67.0,73.22
2026-07-17,2478,53.81,62.62
2026-07-17,2479,25.58,32.36
2026-07-17,2480,18.01,30.81
2026-07-17,2481,60.17,66.37
2026-07-17,2482,35.02,41.57
2026-07-17,2483,60.72,64.55
2026-07-17,2484,23.04,31.58
2026-07-17,2485,17.64,20.98
2026-07-17,2486,35.9,42.6
2026-07-17,2488,44.57,52.44
2026-07-17,2489,25.71,30.15
2026-07-17,2490,15.34,21.34
2026-07-17,2491,66.44,74.25
2026-07-17,2492,69.18,72.96
2026-07-17,2493,47.58,54.75
2026-07-17,2494,73.05,81.47
2026-07-17,2495,43.33,49.74
2026-07-17,2496,35.07,49.57
2026-07-17,2497,58.59,69.74
2026-07-17,2498,33.78,39.22
2026-07-17,2499,37.94,44.15
2026-07-17,2501,72.61,77.34
2026-07-17,2504,70.27,75.18
2026-07-17,2505,75.15,79.7
2026-07-17,2506,71.72,76.91
2026-07-17,2509,63.87,69.78
2026-07-17,2511,74.62,80.26
2026-07-17,2512,25.03,34.19
2026-07-17,2514,84.82,88.06
2026-07-17,2515,54.25,61.51
2026-07-17,2516,63.76,72.38
2026-07-17,2520,68.23,72.31
2026-07-17,2521,25.83,35.24
2026-07-17,2523,35.94,44.67
2026-07-17,2524,91.55,93.17
2026-07-17,2525,20.26,31.7
2026-07-17,2527,76.11,81.42
2026-07-17,2528,79.35,83.98
2026-07-17,2530,81.59,85.69
2026-07-17,2533,26.07,38.27
2026-07-17,2534,64.8,71.93
2026-07-17,2535,54.88,61.86
2026-07-17,2536,69.03,77.73
2026-07-17,2537,51.25,59.22
2026-07-17,2538,66.65,75.26
2026-07-17,2539,84.3,86.94
2026-07-17,2540,89.26,91.02
2026-07-17,2542,59.43,63.06
2026-07-17,2543,66.82,71.28
2026-07-17,2545,73.85,76.37
2026-07-17,2546,58.78,62.09
2026-07-17,2547,63.41,69.98
2026-07-17,2548,38.34,50.5
2026-07-17,2553,11.09,18.85
2026-07-17,2566,0.0,0.0
2026-07-17,2569,74.73,83.38
2026-07-17,2572,57.57,83.39
2026-07-17,2591,0.0,0.0
2026-07-17,2592,82.1,90.43
2026-07-17,2596,61.79,72.36
2026-07-17,2597,78.15,81.46
2026-07-17,2599,51.72,65.96
2026-07-17,2601,26.08,31.75
2026-07-17,2603,65.94,70.59
2026-07-17,2605,49.1,53.44
2026-07-17,2606,72.49,75.11
2026-07-17,2607,70.26,77.22
2026-07-17,2608,71.65,76.69
2026-07-17,2609,52.81,55.55
2026-07-17,2610,69.56,72.42
2026-07-17,2611,43.32,47.29
2026-07-17,2612,68.89,73.7
2026-07-17,2613,49.47,56.02
2026-07-17,2614,43.11,47.36
2026-07-17,2615,82.83,85.38
2026-07-17,2616,41.0,44.46
2026-07-17,2617,58.24,62.76
2026-07-17,2618,76.58,79.76
2026-07-17,2622,0.0,0.0
2026-07-17,2626,0.0,0.0
2026-07-17,2630,62.5,65.93
2026-07-17,2633,84.58,86.41
2026-07-17,2634,48.93,51.42
2026-07-17,2636,34.82,41.21
2026-07-17,2637,77.95,82.48
2026-07-17,2639,99.01,99.01
2026-07-17,2640,58.31,73.55
2026-07-17,2641,23.22,28.74
2026-07-17,2642,60.38,60.38
2026-07-17,2643,58.71,63.89
2026-07-17,2644,75.4,79.61
2026-07-17,2645,82.36,86.17
2026-07-17,2646,63.47,65.2
2026-07-17,2701,84.47,86.3
2026-07-17,2702,72.53,73.69
2026-07-17,2704,83.2,88.44
2026-07-17,2705,59.75,66.31
2026-07-17,2706,81.58,85.29
2026-07-17,2707,54.75,61.42
2026-07-17,2712,86.86,90.8
2026-07-17,2714,0.0,0.0
2026-07-17,2717,0.0,0.0
2026-07-17,2718,88.24,88.24
2026-07-17,2719,89.53,91.02
2026-07-17,2720,48.9,61.03
2026-07-17,2722,82.36,87.44
2026-07-17,2723,61.59,68.69
2026-07-17,2724,79.45,83.61
2026-07-17,2726,49.7,65.37
2026-07-17,2727,17.49,35.11
2026-07-17,2729,57.11,66.43
2026-07-17,2730,86.67,86.67
2026-07-17,2731,33.73,42.48
2026-07-17,2732,53.54,58.75
2026-07-17,2733,75.26,77.41
2026-07-17,2734,31.34,37.4
2026-07-17,2735,0.0,0.0
2026-07-17,2736,46.33,55.95
2026-07-17,2738,94.86,97.88
2026-07-17,2739,68.0,73.52
2026-07-17,2740,72.53,72.53
2026-07-17,2741,53.84,67.51
2026-07-17,2743,50.27,52.86
2026-07-17,2745,51.28,52.99
2026-07-17,2748,58.44,61.31
2026-07-17,2749,33.27,75.15
2026-07-17,2750,88.06,98.53
2026-07-17,2751,60.37,60.37
2026-07-17,2752,40.7,63.69
2026-07-17,2753,43.66,54.68
2026-07-17,2754,66.51,73.09
2026-07-17,2755,59.36,63.52
2026-07-17,2756,53.58,73.25
2026-07-17,2758,46.27,73.57
2026-07-17,2759,100.0,100.0
2026-07-17,2760,84.01,88.33
2026-07-17,2761,46.15,57.71
2026-07-17,2762,80.91,86.3
2026-07-17,2801,73.78,77.49
2026-07-17,2807,0.0,0.0
2026-07-17,2811,26.31,34.43
2026-07-17,2812,54.08,59.22
2026-07-17,2816,74.82,80.16
2026-07-17,2820,62.34,66.09
2026-07-17,2825,0.0,5.68
2026-07-17,2827,29.69,36.74
2026-07-17,2831,57.18,62.04
2026-07-17,2832,62.95,69.18
2026-07-17,2834,55.6,61.17
2026-07-17,2836,82.7,85.46
2026-07-17,2838,88.85,90.65
2026-07-17,2841,50.11,57.39
2026-07-17,2845,70.0,74.87
2026-07-17,2849,97.93,98.48
2026-07-17,2850,57.05,67.63
2026-07-17,2851,66.31,71.22
2026-07-17,2852,53.86,65.65
2026-07-17,2855,70.7,75.7
2026-07-17,2867,82.4,85.8
2026-07-17,2880,79.05,81.5
2026-07-17,2881,84.15,86.32
2026-07-17,2882,83.14,85.54
2026-07-17,2883,63.84,67.79
2026-07-17,2884,68.23,72.66
2026-07-17,2885,80.4,82.97
2026-07-17,2886,81.6,83.1
2026-07-17,2887,70.78,74.86
2026-07-17,2889,71.15,73.83
2026-07-17,2890,77.57,80.81
2026-07-17,2891,78.99,81.81
2026-07-17,2892,67.46,71.38
2026-07-17,2897,81.24,85.57
2026-07-17,2901,71.63,79.18
2026-07-17,2902,35.95,47.66
2026-07-17,2903,76.78,79.89
2026-07-17,2904,50.17,54.23
2026-07-17,2905,80.57,84.1
2026-07-17,2906,59.02,64.89
2026-07-17,2908,89.75,92.14
2026-07-17,2910,93.11,96.49
2026-07-17,2911,40.97,46.06
2026-07-17,2912,80.44,85.07
2026-07-17,2913,49.61,57.1
2026-07-17,2915,63.16,68.85
2026-07-17,2916,50.98,58.22
2026-07-17,2920,35.75,35.75
2026-07-17,2923,99.39,99.51
2026-07-17,2924,84.08,89.58
2026-07-17,2926,64.89,74.47
2026-07-17,2929,24.92,31.01
2026-07-17,2936,98.55,99.51
2026-07-17,2937,71.58,84.55
2026-07-17,2938,78.35,80.43
2026-07-17,2939,58.11,75.95
2026-07-17,2940,12.88,56.41
2026-07-17,2941,20.62,66.47
2026-07-17,2942,88.06,90.71
2026-07-17,2945,83.48,83.48
2026-07-17,2947,55.2,63.31
2026-07-17,2948,69.03,80.36
2026-07-17,2949,68.02,83.07
2026-07-17,3001,10.74,19.48
2026-07-17,3002,59.21,64.88
2026-07-17,3003,51.17,58.47
2026-07-17,3004,47.97,59.25
2026-07-17,3005,66.88,71.8
2026-07-17,3006,45.26,54.56
2026-07-17,3008,36.4,54.36
2026-07-17,3010,52.29,62.28
2026-07-17,3011,28.97,36.04
2026-07-17,3013,38.81,44.54
2026-07-17,3014,21.58,32.76
2026-07-17,3015,54.92,63.8
2026-07-17,3016,67.62,71.68
2026-07-17,3017,52.3,65.24
2026-07-17,3018,62.19,64.28
2026-07-17,3019,31.96,38.84
2026-07-17,3020,99.45,99.45
2026-07-17,3021,65.24,70.95
2026-07-17,3022,55.03,62.63
2026-07-17,3023,54.88,68.89
2026-07-17,3024,35.92,48.86
2026-07-17,3025,12.38,23.57
2026-07-17,3026,43.38,57.82
2026-07-17,3027,33.93,42.45
2026-07-17,3028,41.02,45.23
2026-07-17,3029,34.65,40.57
2026-07-17,3030,50.46,57.07
2026-07-17,3031,58.35,60.12
2026-07-17,3032,44.18,51.81
2026-07-17,3033,38.46,45.53
2026-07-17,3034,58.28,69.96
2026-07-17,3035,24.35,30.81
2026-07-17,3036,80.61,85.27
2026-07-17,3037,67.5,74.71
2026-07-17,3038,33.25,42.29
2026-07-17,3039,17.62,33.19
2026-07-17,3040,64.38,69.51
2026-07-17,3041,22.11,26.29
2026-07-17,3042,46.08,55.27
2026-07-17,3043,14.41,19.1
2026-07-17,3044,69.56,79.53
2026-07-17,3045,89.98,92.3
2026-07-17,3046,45.4,53.17
2026-07-17,3047,15.42,20.61
2026-07-17,3048,45.35,50.78
2026-07-17,3049,43.04,46.66
2026-07-17,3050,43.64,51.98
2026-07-17,3051,25.61,34.09
2026-07-17,3052,48.23,57.39
2026-07-17,3053,27.94,54.35
2026-07-17,3054,85.16,87.85
2026-07-17,3055,63.77,70.17
2026-07-17,3056,26.36,33.0
2026-07-17,3057,32.55,34.07
2026-07-17,3058,16.6,22.42
2026-07-17,3059,19.54,24.59
2026-07-17,3060,19.15,24.63
2026-07-17,3062,16.04,23.7
2026-07-17,3064,60.15,63.47
2026-07-17,3065,78.84,83.6
2026-07-17,3066,67.73,72.44
2026-07-17,3067,63.63,71.34
2026-07-17,3069,35.56,35.56
2026-07-17,3070,18.25,51.25
2026-07-17,3071,56.04,58.58
2026-07-17,3072,0.0,0.0
2026-07-17,3073,37.71,55.14
2026-07-17,3075,70.68,70.68
2026-07-17,3076,53.02,53.02
2026-07-17,3077,0.0,0.0
2026-07-17,3078,29.05,37.75
2026-07-17,3079,19.24,32.01
2026-07-17,3081,32.71,45.82
2026-07-17,3082,0.0,0.0
2026-07-17,3083,53.1,56.26
2026-07-17,3084,0.0,0.0
2026-07-17,3085,87.92,89.64
2026-07-17,3086,83.16,85.57
2026-07-17,3087,97.94,97.94
2026-07-17,3088,40.06,49.72
2026-07-17,3090,62.16,69.06
2026-07-17,3091,0.0,0.0
2026-07-17,3092,30.18,37.66
2026-07-17,3093,70.97,76.28
2026-07-17,3094,11.44,16.62
2026-07-17,3095,14.01,33.08
2026-07-17,3096,38.06,49.48
2026-07-17,3097,81.35,86.93
2026-07-17,3098,0.0,0.0
2026-07-17,3099,23.15,37.56
2026-07-17,3105,46.93,51.85
2026-07-17,3114,43.23,51.75
2026-07-17,3115,85.38,86.25
2026-07-17,3116,83.52,83.52
2026-07-17,3117,46.98,56.3
2026-07-17,3118,15.06,37.01
2026-07-17,3122,15.91,26.81
2026-07-17,3126,31.82,44.04
2026-07-17,3128,23.83,30.09
2026-07-17,3130,54.69,59.13
2026-07-17,3131,36.92,48.42
2026-07-17,3133,46.91,63.27
2026-07-17,3135,43.07,50.36
2026-07-17,3137,0.0,0.0
2026-07-17,3138,18.99,27.37
2026-07-17,3141,5.21,15.74
2026-07-17,3142,38.71,51.24
2026-07-17,3146,0.0,0.0
2026-07-17,3147,49.95,57.09
2026-07-17,3149,19.14,25.19
2026-07-17,3150,46.27,54.86
2026-07-17,3151,26.17,45.63
2026-07-17,3152,28.05,43.57
2026-07-17,3158,23.39,37.4
2026-07-17,3159,20.39,28.6
2026-07-17,3161,82.62,94.26
2026-07-17,3162,57.39,61.66
2026-07-17,3163,20.47,32.42
2026-07-17,3164,39.97,55.09
2026-07-17,3166,94.66,96.38
2026-07-17,3167,48.67,60.46
2026-07-17,3168,66.82,75.31
2026-07-17,3169,30.19,35.2
2026-07-17,3171,71.98,76.93
2026-07-17,3176,28.67,35.35
2026-07-17,3177,60.61,75.01
2026-07-17,3178,61.31,65.75
2026-07-17,3179,16.07,30.35
2026-07-17,3184,50.15,58.17
2026-07-17,3185,0.0,0.0
2026-07-17,3186,77.49,77.49
2026-07-17,3188,68.44,75.6
2026-07-17,3189,67.06,73.19
2026-07-17,3190,71.03,74.69
2026-07-17,3191,46.87,53.61
2026-07-17,3192,0.0,0.0
2026-07-17,3193,0.0,0.0
2026-07-17,3194,100.0,100.0
2026-07-17,3196,0.0,0.0
2026-07-17,3202,19.46,24.59
2026-07-17,3205,61.71,66.92
2026-07-17,3206,42.65,54.33
2026-07-17,3207,22.44,40.91
2026-07-17,3208,46.49,46.49
2026-07-17,3209,37.81,46.77
2026-07-17,3211,41.85,54.05
2026-07-17,3212,0.0,0.0
2026-07-17,3213,16.7,30.88
2026-07-17,3216,0.0,0.0
2026-07-17,3217,30.28,46.08
2026-07-17,3218,50.39,56.62
2026-07-17,3219,77.28,81.34
2026-07-17,3221,9.54,24.89
2026-07-17,3222,0.0,0.0
2026-07-17,3223,0.0,0.0
2026-07-17,3224,63.45,71.85
2026-07-17,3226,70.05,86.59
2026-07-17,3227,28.67,40.51
2026-07-17,3228,19.68,24.41
2026-07-17,3229,69.03,70.04
2026-07-17,3230,45.3,54.21
2026-07-17,3231,56.96,61.14
2026-07-17,3232,43.7,58.16
2026-07-17,3233,0.0,0.0
2026-07-17,3234,22.69,31.36
2026-07-17,3236,26.33,30.55
2026-07-17,3237,0.0,0.0
2026-07-17,3239,0.0,94.47
2026-07-17,3240,99.94,99.94
2026-07-17,3252,68.52,78.62
2026-07-17,3257,37.1,43.77
2026-07-17,3258,7.57,10.18
2026-07-17,3259,62.73,70.4
2026-07-17,3260,25.19,30.09
2026-07-17,3264,65.2,71.47
2026-07-17,3265,57.55,64.91
2026-07-17,3266,89.14,90.33
2026-07-17,3267,26.87,29.55
2026-07-17,3268,28.36,32.77
2026-07-17,3272,45.96,50.79
2026-07-17,3274,0.0,74.43
2026-07-17,3276,52.0,58.17
2026-07-17,3278,0.0,0.0
2026-07-17,3279,0.0,0.0
2026-07-17,3280,100.0,100.0
2026-07-17,3283,15.08,49.5
2026-07-17,3284,67.5,70.02
2026-07-17,3285,51.32,64.74
2026-07-17,3286,0.0,0.0
2026-07-17,3287,48.76,58.4
2026-07-17,3288,36.75,48.2
2026-07-17,3289,12.57,26.27
2026-07-17,3290,45.22,57.5
2026-07-17,3293,44.47,53.76
2026-07-17,3294,47.08,52.71
2026-07-17,3295,0.0,0.0
2026-07-17,3296,71.52,77.02
2026-07-17,3297,36.6,50.45
2026-07-17,3301,70.3,79.23
2026-07-17,3302,0.0,0.0
2026-07-17,3303,36.37,46.81
2026-07-17,3304,9.88,33.55
2026-07-17,3305,39.98,46.49
2026-07-17,3306,43.14,47.82
2026-07-17,3308,58.86,61.62
2026-07-17,3309,53.91,77.1
2026-07-17,3310,69.86,82.2
2026-07-17,3311,50.34,55.74
2026-07-17,3312,42.5,45.11
2026-07-17,3313,74.26,76.17
2026-07-17,3317,22.88,29.77
2026-07-17,3318,41.84,56.8
2026-07-17,3320,0.0,0.0
2026-07-17,3321,37.36,47.96
2026-07-17,3322,31.39,36.47
2026-07-17,3323,14.44,21.76
2026-07-17,3324,27.13,43.13
2026-07-17,3325,14.73,30.38
2026-07-17,3328,0.0,74.71
2026-07-17,3330,0.0,0.0
2026-07-17,3332,77.9,86.9
2026-07-17,3333,0.0,0.0
2026-07-17,3334,89.35,91.54
2026-07-17,3338,23.81,31.2
2026-07-17,3339,17.0,25.55
2026-07-17,3342,33.08,53.13
2026-07-17,3343,39.28,44.65
2026-07-17,3344,0.0,32.65
2026-07-17,3345,93.93,95.55
2026-07-17,3346,20.5,25.79
2026-07-17,3348,0.0,19.86
2026-07-17,3349,22.25,47.38
2026-07-17,3350,0.0,13.98
2026-07-17,3353,0.0,0.0
2026-07-17,3354,70.67,72.4
2026-07-17,3355,0.0,0.0
2026-07-17,3356,26.62,33.0
2026-07-17,3357,42.52,57.99
2026-07-17,3360,16.99,23.95
2026-07-17,3361,68.18,81.55
2026-07-17,3362,48.77,59.82
2026-07-17,3363,30.17,41.43
2026-07-17,3364,0.0,0.0
2026-07-17,3366,0.0,0.0
2026-07-17,3369,54.38,56.18
2026-07-17,3370,0.0,0.0
2026-07-17,3371,78.3,78.3
2026-07-17,3372,43.64,46.61
2026-07-17,3373,24.87,26.25
2026-07-17,3374,61.66,64.97
2026-07-17,3376,34.36,44.62
2026-07-17,3377,35.71,64.25
2026-07-17,3379,24.78,28.51
2026-07-17,3380,64.61,66.66
2026-07-17,3381,0.0,0.0
2026-07-17,3383,38.5,48.43
2026-07-17,3386,100.0,100.0
2026-07-17,3388,30.75,40.22
2026-07-17,3390,17.95,32.18
2026-07-17,3391,51.03,66.03
2026-07-17,3394,0.0,0.0
2026-07-17,3397,0.0,0.0
2026-07-17,3401,0.0,0.0
2026-07-17,3402,27.35,32.12
2026-07-17,3404,0.0,0.0
2026-07-17,3406,36.33,54.59
2026-07-17,3408,0.0,0.0
2026-07-17,3412,84.95,84.95
2026-07-17,3413,44.67,52.6
2026-07-17,3414,0.0,0.0
2026-07-17,3416,51.19,56.99
2026-07-17,3419,23.6,31.63
2026-07-17,3426,48.61,63.05
2026-07-17,3430,33.47,33.47
2026-07-17,3431,46.69,51.29
2026-07-17,3432,58.48,66.5
2026-07-17,3434,30.2,45.55
2026-07-17,3437,20.08,24.23
2026-07-17,3438,43.53,45.12
2026-07-17,3441,14.62,24.46
2026-07-17,3443,53.0,64.24
2026-07-17,3444,38.18,48.86
2026-07-17,3447,51.2,58.92
2026-07-17,3450,35.2,46.95
2026-07-17,3455,12.97,29.11
2026-07-17,3462,100.0,100.0
2026-07-17,3463,100.0,100.0
2026-07-17,3465,54.67,65.91
2026-07-17,3466,34.1,46.33
2026-07-17,3467,55.71,62.47
2026-07-17,3469,42.15,63.92
2026-07-17,3471,25.6,45.04
2026-07-17,3472,43.84,57.36
2026-07-17,3473,68.49,76.84
2026-07-17,3475,0.0,0.0
2026-07-17,3479,31.2,41.05
2026-07-17,3481,35.35,40.1
2026-07-17,3482,16.87,44.4
2026-07-17,3483,11.97,22.65
2026-07-17,3484,22.44,31.38
2026-07-17,3485,33.53,52.35
2026-07-17,3489,66.59,73.78
2026-07-17,3490,12.07,16.03
2026-07-17,3491,15.41,33.49
2026-07-17,3492,44.69,47.32
2026-07-17,3494,56.39,61.31
2026-07-17,3496,70.5,79.72
2026-07-17,3497,23.86,33.29
2026-07-17,3498,39.52,48.9
2026-07-17,3499,41.7,43.27
2026-07-17,3501,43.34,48.52
2026-07-17,3502,12.4,34.17
2026-07-17,3504,60.28,65.03
2026-07-17,3505,87.89,87.89
2026-07-17,3506,0.0,19.83
2026-07-17,3507,75.26,87.08
2026-07-17,3508,34.24,43.75
2026-07-17,3511,51.13,54.62
2026-07-17,3512,63.91,71.93
2026-07-17,3513,51.88,97.03
2026-07-17,3515,64.31,69.9
2026-07-17,3516,69.41,77.02
2026-07-17,3517,0.0,13.87
2026-07-17,3518,26.41,37.17
2026-07-17,3519,46.34,50.72
2026-07-17,3520,28.63,37.32
2026-07-17,3521,78.72,81.54
2026-07-17,3522,50.23,56.45
2026-07-17,3523,78.36,83.37
2026-07-17,3524,39.39,66.46
2026-07-17,3526,31.89,47.32
2026-07-17,3527,20.06,27.17
2026-07-17,3528,62.67,68.51
2026-07-17,3529,31.42,50.99
2026-07-17,3530,53.68,57.37
2026-07-17,3531,60.76,80.32
2026-07-17,3532,87.12,90.98
2026-07-17,3533,45.43,63.92
2026-07-17,3535,22.63,25.52
2026-07-17,3536,65.11,67.89
2026-07-17,3537,23.54,29.35
2026-07-17,3540,24.31,26.76
2026-07-17,3541,24.83,35.79
2026-07-17,3542,0.0,0.0
2026-07-17,3543,33.41,48.03
2026-07-17,3544,0.0,0.0
2026-07-17,3545,17.96,24.7
2026-07-17,3546,23.07,33.73
2026-07-17,3548,22.89,33.41
2026-07-17,3549,0.0,0.0
2026-07-17,3550,33.57,45.12
2026-07-17,3551,34.23,51.75
2026-07-17,3552,32.42,37.44
2026-07-17,3554,87.29,87.29
2026-07-17,3555,77.74,80.51
2026-07-17,3556,13.67,15.82
2026-07-17,3557,53.32,60.55
2026-07-17,3558,47.07,51.03
2026-07-17,3560,59.92,74.02
2026-07-17,3563,35.09,49.63
2026-07-17,3564,60.06,60.06
2026-07-17,3566,60.69,73.96
2026-07-17,3567,7.93,18.59
2026-07-17,3568,46.7,72.35
2026-07-17,3570,45.21,53.92
2026-07-17,3571,0.0,0.0
2026-07-17,3572,25.66,40.53
2026-07-17,3574,0.0,67.92
2026-07-17,3576,32.96,37.37
2026-07-17,3577,50.03,68.7
2026-07-17,3579,65.74,74.12
2026-07-17,3580,7.1,10.7
2026-07-17,3581,45.34,57.79
2026-07-17,3583,51.74,61.79
2026-07-17,3584,18.19,25.22
2026-07-17,3585,34.96,40.38
2026-07-17,3586,0.0,51.29
2026-07-17,3587,21.81,33.46
2026-07-17,3588,18.42,29.29
2026-07-17,3591,49.17,55.16
2026-07-17,3592,22.7,37.14
2026-07-17,3593,50.01,64.15
2026-07-17,3594,42.19,53.41
2026-07-17,3595,23.33,31.84
2026-07-17,3596,62.87,74.85
2026-07-17,3597,56.92,64.32
2026-07-17,3601,40.76,52.62
2026-07-17,3603,64.91,70.91
2026-07-17,3604,0.0,0.0
2026-07-17,3605,44.32,52.05
2026-07-17,3606,43.23,77.4
2026-07-17,3607,21.26,32.37
2026-07-17,3609,31.65,53.1
2026-07-17,3610,76.71,79.65
2026-07-17,3611,46.79,58.21
2026-07-17,3613,50.87,66.67
2026-07-17,3615,23.13,28.77
2026-07-17,3616,26.06,42.55
2026-07-17,3617,52.63,66.86
2026-07-17,3619,15.73,27.79
2026-07-17,3622,53.68,59.19
2026-07-17,3623,48.24,51.89
2026-07-17,3624,52.54,59.2
2026-07-17,3625,37.41,44.98
2026-07-17,3627,50.03,56.06
2026-07-17,3628,56.02,59.15
2026-07-17,3629,84.01,86.89
2026-07-17,3630,51.09,53.92
2026-07-17,3631,74.99,80.48
2026-07-17,3632,15.58,17.2
2026-07-17,3633,46.15,60.67
2026-07-17,3634,72.48,82.97
2026-07-17,3635,0.0,0.0
2026-07-17,3636,87.18,87.18
2026-07-17,3637,71.3,77.46
2026-07-17,3642,49.5,63.39
2026-07-17,3643,97.95,97.95
2026-07-17,3644,70.03,79.17
2026-07-17,3645,35.18,44.01
2026-07-17,3646,19.93,48.88
2026-07-17,3647,0.0,0.0
2026-07-17,3649,0.0,36.51
2026-07-17,3651,89.61,95.9
2026-07-17,3652,67.58,71.57
2026-07-17,3653,59.59,69.19
2026-07-17,3656,75.19,77.46
2026-07-17,3657,86.89,97.29
2026-07-17,3659,80.81,87.46
2026-07-17,3661,16.49,37.41
2026-07-17,3662,48.89,53.41
2026-07-17,3663,62.56,65.0
2026-07-17,3664,66.97,68.74
2026-07-17,3665,43.53,60.91
2026-07-17,3666,79.93,83.06
2026-07-17,3669,54.68,59.6
2026-07-17,3671,72.48,87.86
2026-07-17,3672,40.12,55.82
2026-07-17,3673,35.94,41.47
2026-07-17,3674,65.86,71.06
2026-07-17,3675,55.16,57.9
2026-07-17,3678,35.41,52.02
2026-07-17,3679,54.01,65.87
2026-07-17,3680,42.82,55.72
2026-07-17,3681,94.38,95.07
2026-07-17,3683,100.0,100.0
2026-07-17,3684,53.1,61.43
2026-07-17,3685,45.44,61.22
2026-07-17,3686,16.58,21.59
2026-07-17,3687,32.52,37.33
2026-07-17,3688,65.63,67.87
2026-07-17,3689,16.96,29.32
2026-07-17,3690,83.95,89.17
2026-07-17,3691,53.5,56.87
2026-07-17,3693,33.58,43.71
2026-07-17,3694,55.24,59.89
2026-07-17,3701,71.19,73.53
2026-07-17,3702,79.03,84.1
2026-07-17,3703,68.01,72.45
2026-07-17,3704,60.35,66.3
2026-07-17,3705,61.37,68.7
2026-07-17,3706,49.7,52.89
2026-07-17,3707,43.29,46.66
2026-07-17,3708,40.3,49.77
2026-07-17,3709,66.99,72.36
2026-07-17,3710,21.88,32.15
2026-07-17,3711,81.79,87.08
2026-07-17,3712,54.42,56.7
2026-07-17,3713,43.81,56.25
2026-07-17,3714,34.88,41.34
2026-07-17,3715,21.79,29.9
2026-07-17,3716,46.57,53.58
2026-07-17,3717,29.28,39.35
2026-07-17,4102,33.38,46.21
2026-07-17,4104,40.06,45.38
2026-07-17,4105,38.82,48.98
2026-07-17,4106,46.04,50.3
2026-07-17,4107,51.98,61.81
2026-07-17,4108,23.57,29.93
2026-07-17,4109,35.96,43.38
2026-07-17,4111,32.24,43.5
2026-07-17,4113,63.45,74.6
2026-07-17,4114,37.14,43.48
2026-07-17,4115,69.46,75.68
2026-07-17,4116,54.95,54.95
2026-07-17,4117,37.83,52.91
2026-07-17,4118,90.11,90.11
2026-07-17,4119,43.99,46.91
2026-07-17,4120,63.8,70.69
2026-07-17,4121,44.3,50.05
2026-07-17,4123,50.66,57.72
2026-07-17,4125,0.0,0.0
2026-07-17,4126,53.65,63.0
2026-07-17,4127,61.03,74.76
2026-07-17,4128,39.68,43.82
2026-07-17,4129,47.23,59.72
2026-07-17,4130,61.97,65.08
2026-07-17,4131,72.24,76.11
2026-07-17,4132,38.33,46.63
2026-07-17,4133,18.53,23.53
2026-07-17,4135,44.13,65.43
2026-07-17,4136,97.87,99.3
2026-07-17,4137,45.43,53.71
2026-07-17,4138,51.42,51.42
2026-07-17,4139,48.01,67.93
2026-07-17,4140,0.0,0.0
2026-07-17,4142,32.64,39.88
2026-07-17,4147,44.13,52.57
2026-07-17,4148,78.16,79.56
2026-07-17,4150,27.11,42.05
2026-07-17,4151,71.12,78.35
2026-07-17,4153,71.94,76.48
2026-07-17,4154,67.1,76.54
2026-07-17,4155,34.85,45.66
2026-07-17,4156,67.51,71.87
2026-07-17,4157,52.29,58.88
2026-07-17,4160,25.36,29.63
2026-07-17,4161,26.8,44.25
2026-07-17,4162,40.15,45.68
2026-07-17,4163,62.57,70.45
2026-07-17,4164,41.64,50.86
2026-07-17,4166,79.18,82.72
2026-07-17,4167,34.34,42.35
2026-07-17,4168,20.1,27.23
2026-07-17,4169,46.0,53.88
2026-07-17,4170,42.69,58.14
2026-07-17,4171,27.71,32.91
2026-07-17,4172,30.03,38.99
2026-07-17,4173,40.0,43.54
2026-07-17,4174,35.57,41.98
2026-07-17,4175,54.98,56.05
2026-07-17,4177,48.19,59.03
2026-07-17,4178,72.42,77.77
2026-07-17,4181,0.0,0.0
2026-07-17,4183,42.8,62.21
2026-07-17,4184,92.03,92.03
2026-07-17,4186,27.09,45.82
2026-07-17,4188,47.92,54.3
2026-07-17,4190,62.36,66.07
2026-07-17,4191,48.78,63.05
2026-07-17,4192,66.6,68.15
2026-07-17,4193,33.69,49.22
2026-07-17,4194,73.12,76.68
2026-07-17,4195,30.21,37.68
2026-07-17,4197,40.26,65.73
2026-07-17,4198,77.29,81.35
2026-07-17,4205,58.94,65.93
2026-07-17,4207,63.65,72.53
2026-07-17,4303,13.63,19.26
2026-07-17,4304,74.64,81.93
2026-07-17,4305,74.81,84.73
2026-07-17,4306,51.89,57.25
2026-07-17,4401,46.89,62.18
2026-07-17,4402,60.74,65.83
2026-07-17,4404,26.89,35.72
2026-07-17,4406,60.54,75.86
2026-07-17,4408,30.37,35.74
2026-07-17,4413,52.6,69.3
2026-07-17,4414,56.65,63.75
2026-07-17,4415,76.68,85.04
2026-07-17,4416,61.55,73.14
2026-07-17,4417,37.07,46.22
2026-07-17,4419,95.08,96.84
2026-07-17,4420,54.11,59.14
2026-07-17,4424,62.31,66.58
2026-07-17,4426,54.12,61.72
2026-07-17,4427,78.71,87.41
2026-07-17,4430,53.29,63.3
2026-07-17,4431,62.4,67.79
2026-07-17,4432,45.45,55.24
2026-07-17,4433,52.24,57.06
2026-07-17,4438,50.12,66.42
2026-07-17,4439,69.71,78.42
2026-07-17,4440,27.74,56.48
2026-07-17,4441,58.92,73.25
2026-07-17,4442,42.79,77.13
2026-07-17,4502,56.32,69.47
2026-07-17,4503,59.81,64.28
2026-07-17,4506,74.19,80.45
2026-07-17,4510,30.57,36.17
2026-07-17,4513,53.16,56.33
2026-07-17,4522,100.0,100.0
2026-07-17,4523,51.82,59.63
2026-07-17,4526,43.35,50.74
2026-07-17,4527,61.69,66.69
2026-07-17,4528,60.34,62.86
2026-07-17,4529,52.78,58.72
2026-07-17,4530,64.46,71.65
2026-07-17,4532,65.47,70.4
2026-07-17,4533,23.35,29.43
2026-07-17,4534,33.42,44.94
2026-07-17,4535,69.66,77.42
2026-07-17,4536,37.17,55.75
2026-07-17,4537,76.98,82.0
2026-07-17,4538,71.62,80.42
2026-07-17,4540,25.52,31.45
2026-07-17,4541,25.56,39.62
2026-07-17,4542,21.02,54.64
2026-07-17,4543,42.21,46.54
2026-07-17,4544,49.87,67.48
2026-07-17,4545,69.27,72.78
2026-07-17,4546,48.78,59.36
2026-07-17,4547,72.34,84.76
2026-07-17,4548,100.0,100.0
2026-07-17,4549,58.74,61.64
2026-07-17,4550,49.01,55.76
2026-07-17,4551,77.73,83.05
2026-07-17,4552,44.52,50.89
2026-07-17,4553,76.85,86.89
2026-07-17,4554,50.62,52.18
2026-07-17,4555,65.67,71.62
2026-07-17,4556,72.94,75.0
2026-07-17,4557,28.53,43.09
2026-07-17,4558,50.22,73.95
2026-07-17,4559,79.9,87.93
2026-07-17,4560,83.61,86.17
2026-07-17,4561,52.04,58.2
2026-07-17,4562,50.03,52.14
2026-07-17,4563,49.6,54.26
2026-07-17,4564,34.53,41.07
2026-07-17,4565,66.05,79.92
2026-07-17,4566,48.53,52.53
2026-07-17,4568,62.52,69.01
2026-07-17,4569,52.36,66.34
2026-07-17,4570,87.53,95.01
2026-07-17,4571,55.58,66.22
2026-07-17,4572,61.89,64.17
2026-07-17,4573,28.38,41.82
2026-07-17,4575,53.73,68.73
2026-07-17,4576,60.49,65.64
2026-07-17,4577,55.81,60.38
2026-07-17,4578,92.28,97.0
2026-07-17,4580,35.72,49.43
2026-07-17,4581,46.35,62.95
2026-07-17,4582,45.32,56.42
2026-07-17,4583,81.82,86.95
2026-07-17,4584,69.26,80.09
2026-07-17,4585,75.39,75.94
2026-07-17,4587,88.23,88.23
2026-07-17,4588,37.45,50.32
2026-07-17,4589,45.36,70.45
2026-07-17,4590,35.92,50.05
2026-07-17,4609,64.55,76.19
2026-07-17,4702,46.49,51.09
2026-07-17,4703,22.57,26.12
2026-07-17,4706,77.18,82.66
2026-07-17,4707,66.21,71.54
2026-07-17,4711,53.42,60.0
2026-07-17,4712,43.69,45.99
2026-07-17,4714,21.98,29.02
2026-07-17,4716,27.0,36.82
2026-07-17,4717,0.0,0.0
2026-07-17,4720,34.56,38.85
2026-07-17,4721,28.03,35.56
2026-07-17,4722,47.0,61.63
2026-07-17,4724,46.37,59.03
2026-07-17,4726,50.27,57.87
2026-07-17,4727,0.0,18.79
2026-07-17,4728,65.91,84.5
2026-07-17,4729,46.43,50.87
2026-07-17,4730,57.91,69.84
2026-07-17,4732,46.52,66.49
2026-07-17,4734,0.0,14.95
2026-07-17,4735,42.93,53.36
2026-07-17,4736,44.87,50.82
2026-07-17,4737,48.87,61.95
2026-07-17,4738,54.05,58.43
2026-07-17,4739,30.66,41.61
2026-07-17,4741,40.07,47.11
2026-07-17,4743,42.04,46.26
2026-07-17,4744,35.2,52.62
2026-07-17,4745,57.16,64.88
2026-07-17,4746,32.28,43.59
2026-07-17,4747,50.31,65.96
2026-07-17,4749,23.8,34.71
2026-07-17,4752,86.99,89.58
2026-07-17,4754,28.46,36.69
2026-07-17,4755,64.77,70.19
2026-07-17,4758,84.79,92.13
2026-07-17,4760,34.77,37.72
2026-07-17,4762,97.29,99.67
2026-07-17,4763,55.57,59.6
2026-07-17,4764,66.43,76.92
2026-07-17,4765,39.21,55.11
2026-07-17,4766,61.98,70.08
2026-07-17,4767,46.89,64.06
2026-07-17,4768,19.49,34.3
2026-07-17,4769,100.0,100.0
2026-07-17,4770,59.56,64.24
2026-07-17,4771,45.5,59.64
2026-07-17,4772,41.81,49.0
2026-07-17,4773,92.29,94.99
2026-07-17,4801,97.82,98.7
2026-07-17,4802,85.36,87.92
2026-07-17,4803,55.13,57.43
2026-07-17,4804,54.88,62.0
2026-07-17,4805,0.0,0.0
2026-07-17,4806,85.88,88.9
2026-07-17,4807,63.32,68.27
2026-07-17,4903,36.69,42.65
2026-07-17,4904,90.86,93.43
2026-07-17,4905,63.71,81.67
2026-07-17,4906,23.34,29.33
2026-07-17,4907,83.76,84.96
2026-07-17,4908,44.3,54.1
2026-07-17,4909,21.97,26.55
2026-07-17,4911,46.73,57.57
2026-07-17,4912,36.97,51.44
2026-07-17,4913,0.0,25.75
2026-07-17,4914,61.66,77.04
2026-07-17,4915,55.14,63.75
2026-07-17,4916,24.1,29.23
2026-07-17,4917,93.2,97.57
2026-07-17,4919,58.5,62.55
2026-07-17,4920,86.74,93.69
2026-07-17,4922,11.8,25.44
2026-07-17,4923,23.33,37.08
2026-07-17,4924,53.84,70.84
2026-07-17,4925,30.62,48.16
2026-07-17,4927,16.07,24.24
2026-07-17,4929,0.0,0.0
2026-07-17,4930,58.75,63.63
2026-07-17,4931,13.65,29.7
2026-07-17,4932,0.0,0.0
2026-07-17,4933,59.71,63.86
2026-07-17,4934,29.99,35.42
2026-07-17,4935,56.86,62.56
2026-07-17,4938,73.06,77.53
2026-07-17,4939,29.55,36.47
2026-07-17,4942,54.54,62.6
2026-07-17,4943,53.36,63.97
2026-07-17,4946,42.58,42.58
2026-07-17,4949,41.06,52.59
2026-07-17,4950,68.13,72.71
2026-07-17,4951,4.48,19.69
2026-07-17,4952,47.79,52.81
2026-07-17,4953,37.73,47.43
2026-07-17,4956,32.45,38.04
2026-07-17,4958,67.29,74.2
2026-07-17,4960,57.42,62.33
2026-07-17,4961,35.06,44.63
2026-07-17,4962,99.89,99.89
2026-07-17,4963,82.03,83.64
2026-07-17,4965,100.0,100.0
2026-07-17,4966,21.57,38.17
2026-07-17,4967,10.66,20.5
2026-07-17,4968,10.51,18.95
2026-07-17,4969,44.91,55.64
2026-07-17,4971,22.05,47.05
2026-07-17,4972,36.43,49.58
2026-07-17,4973,15.82,23.99
2026-07-17,4974,39.73,41.71
2026-07-17,4975,95.92,96.31
2026-07-17,4976,25.06,28.93
2026-07-17,4977,12.4,22.82
2026-07-17,4978,82.32,82.32
2026-07-17,4979,26.24,37.81
2026-07-17,4980,50.4,58.12
2026-07-17,4985,100.0,100.0
2026-07-17,4989,20.44,26.32
2026-07-17,4990,43.96,53.4
2026-07-17,4991,43.62,54.92
2026-07-17,4992,76.89,82.08
2026-07-17,4994,79.0,86.17
2026-07-17,4995,51.66,66.77
2026-07-17,4996,65.91,77.8
2026-07-17,4997,17.41,42.96
2026-07-17,4999,27.29,41.13
2026-07-17,5006,7.79,10.2
2026-07-17,5007,84.68,87.76
2026-07-17,5009,44.13,48.43
2026-07-17,5011,38.23,50.11
2026-07-17,5013,80.88,86.97
2026-07-17,5014,27.38,37.44
2026-07-17,5015,42.13,51.92
2026-07-17,5016,59.95,65.97
2026-07-17,5017,0.0,0.0
2026-07-17,5201,33.86,56.84
2026-07-17,5202,48.77,53.12
2026-07-17,5203,34.82,45.56
2026-07-17,5204,18.48,18.48
2026-07-17,5205,71.26,74.44
2026-07-17,5206,80.19,85.13
2026-07-17,5207,14.82,38.6
2026-07-17,5209,53.48,55.52
2026-07-17,5210,36.0,45.15
2026-07-17,5211,40.87,47.95
2026-07-17,5212,66.99,79.67
2026-07-17,5213,84.22,86.14
2026-07-17,5215,42.71,53.17
2026-07-17,5216,57.64,82.4
2026-07-17,5220,19.61,44.56
2026-07-17,5221,0.0,11.3
2026-07-17,5222,22.68,32.17
2026-07-17,5223,54.17,62.14
2026-07-17,5225,39.3,46.16
2026-07-17,5226,31.51,52.74
2026-07-17,5227,11.18,15.57
2026-07-17,5228,44.94,54.91
2026-07-17,5229,89.33,96.46
2026-07-17,5230,10.27,24.75
2026-07-17,5232,99.99,99.99
2026-07-17,5233,82.42,85.35
2026-07-17,5234,59.55,65.19
2026-07-17,5236,60.89,63.7
2026-07-17,5238,78.59,83.45
2026-07-17,5239,16.98,30.08
2026-07-17,5240,30.32,53.83
2026-07-17,5242,58.6,72.3
2026-07-17,5243,50.23,57.05
2026-07-17,5244,28.98,46.31
2026-07-17,5245,40.72,57.84
2026-07-17,5246,27.03,35.18
2026-07-17,5247,68.74,75.92
2026-07-17,5248,56.84,58.91
2026-07-17,5250,97.08,97.08
2026-07-17,5251,29.21,33.43
2026-07-17,5253,58.2,81.05
2026-07-17,5254,70.4,75.75
2026-07-17,5256,61.23,69.68
2026-07-17,5257,73.71,79.64
2026-07-17,5258,37.78,51.68
2026-07-17,5259,74.45,82.07
2026-07-17,5262,31.97,55.94
2026-07-17,5263,45.28,56.76
2026-07-17,5265,0.0,0.0
2026-07-17,5267,46.59,62.14
2026-07-17,5269,54.45,59.97
2026-07-17,5271,20.52,29.47
2026-07-17,5272,10.26,23.88
2026-07-17,5274,18.62,33.91
2026-07-17,5275,0.0,30.86
2026-07-17,5276,85.29,88.2
2026-07-17,5278,77.53,82.51
2026-07-17,5279,91.86,94.52
2026-07-17,5282,59.25,85.81
2026-07-17,5283,52.59,61.11
2026-07-17,5284,49.55,57.38
2026-07-17,5285,49.51,62.19
2026-07-17,5286,69.95,79.97
2026-07-17,5287,47.06,59.21
2026-07-17,5288,59.82,69.25
2026-07-17,5289,20.86,35.49
2026-07-17,5291,18.56,46.56
2026-07-17,5292,40.05,50.6
2026-07-17,5294,0.0,0.0
2026-07-17,5295,71.08,86.34
2026-07-17,5296,27.24,35.92
2026-07-17,5297,10.65,19.29
2026-07-17,5299,44.98,51.17
2026-07-17,5301,73.58,80.71
2026-07-17,5302,46.5,51.37
2026-07-17,5304,86.33,88.1
2026-07-17,5306,64.41,69.44
2026-07-17,5307,32.17,41.16
2026-07-17,5309,28.69,36.47
2026-07-17,5310,38.38,58.57
2026-07-17,5312,50.72,55.65
2026-07-17,5314,36.55,40.55
2026-07-17,5315,22.58,31.38
2026-07-17,5321,42.0,57.81
2026-07-17,5324,73.56,79.8
2026-07-17,5325,27.52,33.46
2026-07-17,5328,36.28,41.81
2026-07-17,5336,0.0,0.0
2026-07-17,5340,53.42,60.84
2026-07-17,5344,73.54,75.59
2026-07-17,5345,78.88,78.88
2026-07-17,5346,28.03,37.68
2026-07-17,5347,81.61,85.13
2026-07-17,5348,40.79,56.32
2026-07-17,5351,34.1,40.08
2026-07-17,5353,37.82,54.23
2026-07-17,5355,62.63,70.47
2026-07-17,5356,39.58,44.05
2026-07-17,5364,61.31,70.83
2026-07-17,5371,39.53,43.0
2026-07-17,5372,12.4,23.56
2026-07-17,5376,23.82,33.69
2026-07-17,5381,48.71,55.65
2026-07-17,5385,18.19,23.82
2026-07-17,5386,28.28,37.53
2026-07-17,5387,90.18,91.32
2026-07-17,5388,41.04,52.42
2026-07-17,5392,29.25,35.4
2026-07-17,5395,0.0,0.0
2026-07-17,5398,45.83,57.99
2026-07-17,5403,31.13,47.79
2026-07-17,5410,30.03,36.69
2026-07-17,5414,48.1,59.71
2026-07-17,5425,34.0,40.02
2026-07-17,5426,52.77,56.33
2026-07-17,5432,51.4,54.1
2026-07-17,5434,38.41,54.44
2026-07-17,5438,74.25,75.44
2026-07-17,5439,36.2,45.45
2026-07-17,5442,14.59,20.62
2026-07-17,5443,33.54,39.5
2026-07-17,5450,78.42,81.15
2026-07-17,5452,38.5,41.82
2026-07-17,5455,89.0,93.99
2026-07-17,5457,48.77,52.82
2026-07-17,5460,37.2,56.29
2026-07-17,5464,60.42,72.49
2026-07-17,5465,68.79,71.92
2026-07-17,5467,82.8,86.4
2026-07-17,5468,60.06,65.81
2026-07-17,5469,66.55,71.79
2026-07-17,5471,22.15,30.17
2026-07-17,5473,0.0,0.0
2026-07-17,5474,48.5,56.66
2026-07-17,5475,34.61,41.29
2026-07-17,5478,73.08,79.55
2026-07-17,5481,55.13,65.52
2026-07-17,5483,58.23,65.96
2026-07-17,5484,34.07,37.95
2026-07-17,5487,47.78,71.13
2026-07-17,5488,34.76,44.96
2026-07-17,5489,82.63,85.4
2026-07-17,5490,27.8,35.44
2026-07-17,5492,98.66,98.66
2026-07-17,5493,24.9,43.88
2026-07-17,5497,15.56,26.18
2026-07-17,5498,29.67,33.19
2026-07-17,5501,24.3,28.1
2026-07-17,5505,50.9,65.61
2026-07-17,5506,58.45,66.77
2026-07-17,5508,65.91,68.87
2026-07-17,5511,55.8,65.91
2026-07-17,5512,54.58,61.58
2026-07-17,5514,87.52,92.42
2026-07-17,5515,61.93,69.85
2026-07-17,5516,60.51,69.45
2026-07-17,5519,51.35,57.66
2026-07-17,5520,73.58,83.75
2026-07-17,5521,52.07,57.91
2026-07-17,5522,86.75,89.11
2026-07-17,5523,88.86,92.12
2026-07-17,5524,11.6,30.77
2026-07-17,5525,84.15,88.33
2026-07-17,5529,67.76,74.17
2026-07-17,5530,79.45,82.56
2026-07-17,5531,83.49,85.97
2026-07-17,5532,5.88,31.03
2026-07-17,5533,71.32,80.5
2026-07-17,5534,60.76,69.54
2026-07-17,5536,37.88,58.4
2026-07-17,5538,93.07,94.09
2026-07-17,5541,76.05,82.05
2026-07-17,5543,46.24,72.81
2026-07-17,5546,77.99,84.75
2026-07-17,5547,54.69,65.82
2026-07-17,5548,58.65,64.61
2026-07-17,5601,47.23,79.52
2026-07-17,5603,49.82,54.87
2026-07-17,5604,52.78,67.11
2026-07-17,5607,68.91,75.42
2026-07-17,5608,22.8,28.46
2026-07-17,5609,46.74,52.47
2026-07-17,5701,48.98,53.88
2026-07-17,5702,0.0,0.0
2026-07-17,5703,83.83,88.29
2026-07-17,5704,79.45,83.88
2026-07-17,5706,35.23,38.72
2026-07-17,5810,68.98,72.87
2026-07-17,5848,100.0,100.0
2026-07-17,5859,96.14,96.81
2026-07-17,5863,77.08,81.43
2026-07-17,5864,59.19,68.21
2026-07-17,5867,100.0,100.0
2026-07-17,5871,64.2,70.07
2026-07-17,5876,81.77,87.33
2026-07-17,5878,54.25,72.36
2026-07-17,5880,69.91,73.91
2026-07-17,5901,77.87,77.87
2026-07-17,5902,81.56,85.47
2026-07-17,5903,88.19,91.42
2026-07-17,5904,52.84,68.89
2026-07-17,5905,41.54,47.72
2026-07-17,5906,82.48,86.27
2026-07-17,5907,64.91,69.33
2026-07-17,6005,68.75,72.17
2026-07-17,6015,42.21,49.82
2026-07-17,6016,44.61,51.56
2026-07-17,6020,96.03,96.68
2026-07-17,6021,86.46,90.38
2026-07-17,6023,83.73,86.04
2026-07-17,6024,64.78,68.91
2026-07-17,6026,41.03,49.65
2026-07-17,6027,93.82,95.61
2026-07-17,6028,50.64,64.46
2026-07-17,6030,100.0,100.0
2026-07-17,6031,100.0,100.0
2026-07-17,6035,83.88,93.92
2026-07-17,6038,100.0,100.0
2026-07-17,6039,100.0,100.0
2026-07-17,6040,100.0,100.0
2026-07-17,6101,78.5,87.04
2026-07-17,6103,83.83,91.11
2026-07-17,6104,12.27,19.75
2026-07-17,6107,34.67,40.93
2026-07-17,6108,42.2,52.64
2026-07-17,6109,38.71,50.35
2026-07-17,6110,7.18,18.41
2026-07-17,6111,40.22,44.48
2026-07-17,6112,56.24,58.62
2026-07-17,6113,52.17,53.16
2026-07-17,6114,65.48,73.88
2026-07-17,6115,56.66,61.37
2026-07-17,6116,39.99,42.31
2026-07-17,6117,49.06,53.84
2026-07-17,6118,51.7,57.05
2026-07-17,6120,56.37,60.69
2026-07-17,6121,50.45,67.97
2026-07-17,6122,21.88,31.65
2026-07-17,6123,33.39,43.16
2026-07-17,6124,92.31,93.72
2026-07-17,6125,31.36,36.58
2026-07-17,6126,30.8,36.52
2026-07-17,6127,16.96,21.92
2026-07-17,6128,54.39,59.39
2026-07-17,6129,14.44,17.32
2026-07-17,6130,47.59,61.82
2026-07-17,6131,29.61,41.17
2026-07-17,6132,15.67,35.48
2026-07-17,6133,42.89,47.26
2026-07-17,6134,46.56,54.17
2026-07-17,6135,34.25,38.43
2026-07-17,6136,34.09,45.11
2026-07-17,6137,26.62,38.74
2026-07-17,6138,30.67,46.18
2026-07-17,6139,56.24,68.14
2026-07-17,6140,34.47,46.46
2026-07-17,6141,42.87,53.29
2026-07-17,6142,51.49,58.94
2026-07-17,6143,18.87,29.43
2026-07-17,6144,89.55,89.55
2026-07-17,6146,43.04,55.95
2026-07-17,6147,60.44,65.65
2026-07-17,6148,33.68,37.05
2026-07-17,6149,35.09,39.03
2026-07-17,6150,12.01,17.39
2026-07-17,6151,22.45,36.71
2026-07-17,6152,15.86,24.19
2026-07-17,6153,42.36,48.18
2026-07-17,6154,54.44,63.27
2026-07-17,6155,49.3,55.04
2026-07-17,6156,31.98,39.18
2026-07-17,6158,34.17,42.43
2026-07-17,6160,29.69,38.49
2026-07-17,6161,35.28,39.38
2026-07-17,6162,43.88,51.98
2026-07-17,6163,37.25,44.63
2026-07-17,6164,13.99,25.84
2026-07-17,6165,37.58,48.99
2026-07-17,6166,69.17,77.29
2026-07-17,6167,35.79,43.01
2026-07-17,6168,44.11,46.64
2026-07-17,6169,26.44,30.74
2026-07-17,6170,52.68,56.4
2026-07-17,6171,79.37,87.64
2026-07-17,6172,85.37,91.42
2026-07-17,6173,59.3,65.26
2026-07-17,6174,56.73,63.09
2026-07-17,6175,59.14,64.5
2026-07-17,6176,38.06,48.55
2026-07-17,6177,66.9,75.48
2026-07-17,6179,31.56,41.8
2026-07-17,6180,45.76,50.65
2026-07-17,6181,6.97,11.94
2026-07-17,6182,37.45,42.43
2026-07-17,6183,71.06,77.43
2026-07-17,6184,67.84,72.4
2026-07-17,6185,40.0,52.62
2026-07-17,6186,46.48,52.43
2026-07-17,6187,33.41,51.49
2026-07-17,6188,36.08,42.42
2026-07-17,6189,23.49,34.0
2026-07-17,6190,29.46,36.65
2026-07-17,6191,54.21,58.04
2026-07-17,6192,45.59,57.7
2026-07-17,6193,56.66,61.36
2026-07-17,6194,39.89,55.1
2026-07-17,6195,52.4,53.24
2026-07-17,6196,67.07,72.48
2026-07-17,6197,39.32,45.39
2026-07-17,6198,92.9,94.22
2026-07-17,6199,77.54,83.44
2026-07-17,6201,61.43,69.11
2026-07-17,6202,34.04,41.21
2026-07-17,6203,52.21,59.2
2026-07-17,6204,25.64,29.71
2026-07-17,6205,39.47,45.4
2026-07-17,6206,42.93,51.98
2026-07-17,6207,12.23,20.57
2026-07-17,6208,50.7,63.32
2026-07-17,6209,33.64,40.7
2026-07-17,6210,36.44,54.11
2026-07-17,6212,86.12,91.79
2026-07-17,6213,56.7,63.82
2026-07-17,6214,45.29,56.55
2026-07-17,6215,26.4,32.69
2026-07-17,6216,29.92,39.25
2026-07-17,6217,20.62,30.19
2026-07-17,6218,37.47,47.88
2026-07-17,6219,66.57,69.39
2026-07-17,6220,53.59,64.05
2026-07-17,6221,72.39,74.74
2026-07-17,6222,84.51,90.09
2026-07-17,6223,37.96,49.54
2026-07-17,6224,25.79,38.56
2026-07-17,6225,55.2,65.08
2026-07-17,6226,24.86,31.4
2026-07-17,6227,68.98,73.36
2026-07-17,6228,75.5,80.44
2026-07-17,6229,32.8,36.46
2026-07-17,6230,87.81,87.81
2026-07-17,6231,26.03,32.71
2026-07-17,6232,13.34,18.66
2026-07-17,6233,17.73,27.3
2026-07-17,6234,49.62,53.73
2026-07-17,6235,36.4,40.73
2026-07-17,6236,87.98,92.69
2026-07-17,6237,12.7,19.12
2026-07-17,6239,60.51,66.98
2026-07-17,6240,70.93,82.79
2026-07-17,6241,38.75,46.37
2026-07-17,6242,55.47,63.7
2026-07-17,6243,17.67,24.56
2026-07-17,6244,28.03,33.64
2026-07-17,6245,39.44,44.7
2026-07-17,6246,53.99,62.99
2026-07-17,6248,43.6,48.89
2026-07-17,6249,0.0,14.82
2026-07-17,6250,67.95,70.88
2026-07-17,6252,0.0,40.34
2026-07-17,6253,0.0,0.0
2026-07-17,6254,36.43,49.51
2026-07-17,6256,0.0,0.0
2026-07-17,6257,42.27,51.54
2026-07-17,6258,0.0,0.0
2026-07-17,6259,41.09,42.82
2026-07-17,6261,30.0,39.72
2026-07-17,6262,16.81,28.67
2026-07-17,6263,40.96,43.35
2026-07-17,6264,67.31,71.68
2026-07-17,6265,40.09,44.68
2026-07-17,6266,30.97,38.68
2026-07-17,6267,0.0,0.0
2026-07-17,6268,0.0,0.0
2026-07-17,6269,22.72,30.3
2026-07-17,6270,36.56,41.23
2026-07-17,6271,43.21,52.85
2026-07-17,6272,36.21,51.46
2026-07-17,6274,54.97,66.54
2026-07-17,6275,23.41,29.1
2026-07-17,6276,48.84,48.84
2026-07-17,6277,43.52,55.55
2026-07-17,6278,50.4,60.89
2026-07-17,6279,36.5,44.85
2026-07-17,6280,99.95,99.95
2026-07-17,6281,43.58,55.82
2026-07-17,6282,39.97,43.3
2026-07-17,6283,57.79,62.79
2026-07-17,6284,43.16,48.18
2026-07-17,6285,56.7,63.53
2026-07-17,6287,93.08,94.0
2026-07-17,6289,0.0,0.0
2026-07-17,6290,28.22,38.95
2026-07-17,6291,62.85,64.04
2026-07-17,6292,39.7,46.64
2026-07-17,6293,0.0,0.0
2026-07-17,6294,33.46,37.18
2026-07-17,6295,0.0,22.01
2026-07-17,6296,0.0,0.0
2026-07-17,6297,99.9,99.9
2026-07-17,6299,98.35,98.35
2026-07-17,6402,48.87,63.97
2026-07-17,6403,41.54,41.54
2026-07-17,6404,63.48,67.09
2026-07-17,6405,36.71,52.47
2026-07-17,6406,53.35,58.18
2026-07-17,6407,28.07,36.59
2026-07-17,6409,51.39,66.17
2026-07-17,6411,21.93,34.8
2026-07-17,6412,75.09,79.41
2026-07-17,6414,49.23,66.3
2026-07-17,6415,65.7,78.78
2026-07-17,6416,35.93,46.34
2026-07-17,6417,52.12,66.87
2026-07-17,6418,52.41,57.18
2026-07-17,6419,32.17,39.11
2026-07-17,6423,21.95,39.41
2026-07-17,6425,34.09,42.84
2026-07-17,6426,34.93,42.66
2026-07-17,6427,100.0,100.0
2026-07-17,6428,89.36,91.64
2026-07-17,6429,11.76,37.74
2026-07-17,6431,65.31,69.98
2026-07-17,6432,16.8,33.97
2026-07-17,6434,83.6,84.82
2026-07-17,6435,48.35,55.87
2026-07-17,6436,98.56,98.56
2026-07-17,6437,40.87,65.0
2026-07-17,6438,24.15,33.3
2026-07-17,6441,41.86,45.26
2026-07-17,6442,35.82,56.33
2026-07-17,6443,14.02,17.06
2026-07-17,6446,44.16,57.13
2026-07-17,6449,64.2,74.87
2026-07-17,6451,63.55,70.87
2026-07-17,6452,30.45,39.17
2026-07-17,6453,0.0,0.0
2026-07-17,6455,51.47,68.47
2026-07-17,6456,44.6,48.11
2026-07-17,6458,63.74,65.25
2026-07-17,6461,54.52,63.13
2026-07-17,6462,21.37,30.85
2026-07-17,6464,78.15,85.29
2026-07-17,6465,65.09,68.5
2026-07-17,6467,21.73,36.41
2026-07-17,6468,98.62,98.62
2026-07-17,6469,41.53,48.37
2026-07-17,6470,40.01,40.01
2026-07-17,6471,0.0,0.0
2026-07-17,6472,45.05,55.51
2026-07-17,6473,51.78,69.24
2026-07-17,6474,44.6,67.52
2026-07-17,6475,56.66,73.13
2026-07-17,6477,36.05,43.15
2026-07-17,6479,79.32,86.32
2026-07-17,6481,91.6,96.01
2026-07-17,6482,65.78,67.6
2026-07-17,6483,18.76,45.84
2026-07-17,6484,100.0,100.0
2026-07-17,6485,19.1,25.12
2026-07-17,6486,40.34,42.96
2026-07-17,6488,72.81,80.94
2026-07-17,6489,36.92,62.98
2026-07-17,6490,64.16,70.62
2026-07-17,6491,53.81,63.35
2026-07-17,6492,26.43,30.72
2026-07-17,6493,80.37,80.37
2026-07-17,6494,5.22,14.97
2026-07-17,6495,43.12,52.59
2026-07-17,6496,62.53,65.96
2026-07-17,6497,96.46,97.19
2026-07-17,6498,56.41,70.35
2026-07-17,6499,36.04,42.17
2026-07-17,6502,90.96,90.96
2026-07-17,6503,80.41,80.41
2026-07-17,6504,64.34,70.41
2026-07-17,6505,95.14,95.59
2026-07-17,6506,45.44,60.96
2026-07-17,6508,59.67,61.18
2026-07-17,6509,29.1,37.78
2026-07-17,6510,40.76,50.93
2026-07-17,6511,57.36,72.03
2026-07-17,6512,17.69,36.06
2026-07-17,6515,36.79,49.39
2026-07-17,6516,43.2,53.65
2026-07-17,6517,17.96,21.2
2026-07-17,6518,74.1,84.44
2026-07-17,6523,61.69,63.08
2026-07-17,6525,57.09,69.1
2026-07-17,6526,76.23,78.52
2026-07-17,6527,28.09,42.57
2026-07-17,6529,41.45,71.81
2026-07-17,6530,8.93,17.41
2026-07-17,6531,52.89,65.16
2026-07-17,6532,18.46,34.36
2026-07-17,6533,16.34,22.76
2026-07-17,6534,75.29,82.98
2026-07-17,6535,56.66,64.59
2026-07-17,6536,58.26,74.24
2026-07-17,6538,13.69,36.77
2026-07-17,6539,75.51,85.23
2026-07-17,6540,98.57,99.05
2026-07-17,6541,65.23,71.81
2026-07-17,6542,77.61,84.7
2026-07-17,6543,49.64,66.71
2026-07-17,6545,37.79,44.15
2026-07-17,6546,29.91,40.34
2026-07-17,6547,28.33,35.43
2026-07-17,6548,84.95,87.65
2026-07-17,6549,16.14,29.57
2026-07-17,6550,73.79,77.01
2026-07-17,6551,79.32,83.69
2026-07-17,6552,55.76,58.38
2026-07-17,6555,64.58,69.49
2026-07-17,6556,67.5,78.62
2026-07-17,6558,38.61,40.77
2026-07-17,6559,31.62,52.92
2026-07-17,6560,32.29,39.32
2026-07-17,6561,70.23,73.09
2026-07-17,6562,50.33,52.76
2026-07-17,6563,10.33,30.51
2026-07-17,6564,59.48,64.49
2026-07-17,6565,28.43,41.35
2026-07-17,6566,79.36,84.51
2026-07-17,6567,80.22,88.54
2026-07-17,6568,29.94,40.47
2026-07-17,6569,61.23,66.61
2026-07-17,6570,29.73,43.39
2026-07-17,6572,64.92,69.16
2026-07-17,6573,59.27,64.13
2026-07-17,6574,75.44,78.4
2026-07-17,6575,51.02,54.36
2026-07-17,6576,59.8,66.88
2026-07-17,6577,70.03,74.85
2026-07-17,6578,55.74,63.08
2026-07-17,6579,83.33,85.68
2026-07-17,6580,45.71,58.11
2026-07-17,6581,86.87,90.19
2026-07-17,6582,71.21,74.26
2026-07-17,6583,53.46,82.44
2026-07-17,6584,64.14,76.46
2026-07-17,6585,72.58,78.8
2026-07-17,6586,55.65,61.98
2026-07-17,6587,100.0,100.0
2026-07-17,6588,18.13,24.32
2026-07-17,6589,49.84,57.21
2026-07-17,6590,30.04,57.01
2026-07-17,6591,20.08,25.65
2026-07-17,6592,76.16,79.6
2026-07-17,6593,29.8,44.6
2026-07-17,6595,62.04,78.51
2026-07-17,6596,22.73,26.8
2026-07-17,6597,72.45,80.64
2026-07-17,6598,39.81,52.36
2026-07-17,6599,71.03,76.44
2026-07-17,6601,84.46,86.87
2026-07-17,6602,0.0,0.0
2026-07-17,6603,39.39,50.82
2026-07-17,6604,79.79,86.1
2026-07-17,6605,58.35,65.23
2026-07-17,6606,59.0,71.06
2026-07-17,6607,76.22,81.0
2026-07-17,6608,93.72,96.78
2026-07-17,6609,55.31,57.37
2026-07-17,6610,81.03,83.34
2026-07-17,6611,91.68,91.68
2026-07-17,6612,44.47,63.81
2026-07-17,6613,55.52,60.59
2026-07-17,6614,73.84,74.42
2026-07-17,6615,35.88,51.5
2026-07-17,6616,53.85,62.65
2026-07-17,6617,59.79,67.57
2026-07-17,6618,21.88,31.23
2026-07-17,6620,48.65,59.69
2026-07-17,6621,23.52,36.75
2026-07-17,6622,52.95,63.56
2026-07-17,6624,59.54,76.5
2026-07-17,6625,44.07,49.57
2026-07-17,6626,59.56,77.35
2026-07-17,6627,65.81,77.55
2026-07-17,6629,79.92,85.09
2026-07-17,6633,95.66,95.66
2026-07-17,6634,51.39,66.34
2026-07-17,6635,100.0,100.0
2026-07-17,6637,53.8,60.83
2026-07-17,6638,56.74,70.25
2026-07-17,6639,62.42,72.89
2026-07-17,6640,63.77,65.67
2026-07-17,6641,49.83,59.33
2026-07-17,6642,46.24,56.11
2026-07-17,6643,33.83,36.34
2026-07-17,6645,26.17,43.63
2026-07-17,6648,49.42,64.71
2026-07-17,6649,32.85,52.38
2026-07-17,6650,61.87,80.17
2026-07-17,6651,32.57,51.01
2026-07-17,6652,69.5,79.07
2026-07-17,6653,95.45,95.45
2026-07-17,6654,71.18,78.22
2026-07-17,6655,76.47,86.16
2026-07-17,6656,82.4,90.33
2026-07-17,6657,20.92,35.23
2026-07-17,6658,31.36,41.02
2026-07-17,6659,72.86,81.9
2026-07-17,6660,100.0,100.0
2026-07-17,6661,61.69,65.88
2026-07-17,6662,40.13,47.62
2026-07-17,6664,36.54,55.72
2026-07-17,6665,59.39,65.84
2026-07-17,6666,77.98,78.84
2026-07-17,6667,43.57,50.32
2026-07-17,6668,51.5,53.36
2026-07-17,6669,53.41,62.59
2026-07-17,6670,65.18,78.52
2026-07-17,6671,56.63,75.0
2026-07-17,6672,20.67,33.83
2026-07-17,6673,25.42,30.57
2026-07-17,6674,81.38,84.74
2026-07-17,6676,55.72,62.33
2026-07-17,6677,57.04,64.02
2026-07-17,6679,48.62,58.07
2026-07-17,6680,64.51,72.75
2026-07-17,6681,0.0,0.0
2026-07-17,6682,47.35,52.76
2026-07-17,6683,11.24,22.58
2026-07-17,6684,31.51,35.01
2026-07-17,6688,49.8,73.88
2026-07-17,6689,35.56,48.11
2026-07-17,6690,59.88,59.88
2026-07-17,6691,54.67,69.47
2026-07-17,6692,61.58,71.44
2026-07-17,6693,33.8,47.42
2026-07-17,6695,45.2,50.97
2026-07-17,6696,28.7,41.86
2026-07-17,6697,61.11,66.79
2026-07-17,6698,31.08,39.15
2026-07-17,6699,75.24,85.49
2026-07-17,6701,97.98,97.98
2026-07-17,6702,75.43,79.7
2026-07-17,6703,39.15,51.5
2026-07-17,6704,26.79,39.6
2026-07-17,6705,54.99,74.09
2026-07-17,6706,16.92,27.35
2026-07-17,6707,71.38,80.19
2026-07-17,6708,42.81,52.06
2026-07-17,6709,45.72,59.62
2026-07-17,6712,32.17,41.34
2026-07-17,6713,37.76,60.25
2026-07-17,6715,68.71,80.55
2026-07-17,6716,22.07,35.6
2026-07-17,6717,56.28,75.04
2026-07-17,6719,44.28,52.54
2026-07-17,6720,28.85,57.88
2026-07-17,6721,37.5,52.32
2026-07-17,6722,74.09,76.32
2026-07-17,6723,42.18,58.67
2026-07-17,6724,62.32,62.32
2026-07-17,6725,58.66,64.52
2026-07-17,6726,100.0,100.0
2026-07-17,6727,9.68,26.54
2026-07-17,6728,59.01,63.32
2026-07-17,6729,31.18,47.89
2026-07-17,6730,60.59,73.99
2026-07-17,6731,99.44,99.44
2026-07-17,6732,46.31,49.65
2026-07-17,6733,40.25,48.74
2026-07-17,6734,46.08,59.41
2026-07-17,6735,35.59,48.65
2026-07-17,6736,93.39,93.39
2026-07-17,6737,74.71,80.65
2026-07-17,6738,41.66,64.63
2026-07-17,6739,48.11,59.28
2026-07-17,6741,58.77,69.81
2026-07-17,6742,25.92,34.69
2026-07-17,6743,57.08,63.4
2026-07-17,6744,52.96,64.26
2026-07-17,6746,97.59,99.59
2026-07-17,6748,27.93,36.4
2026-07-17,6749,100.0,100.0
2026-07-17,6750,40.28,58.0
2026-07-17,6751,56.93,62.5
2026-07-17,6752,21.04,47.59
2026-07-17,6753,54.68,62.46
2026-07-17,6754,81.35,83.12
2026-07-17,6755,40.87,53.64
2026-07-17,6756,57.46,61.65
2026-07-17,6757,73.57,75.63
2026-07-17,6758,74.89,81.83
2026-07-17,6760,100.0,100.0
2026-07-17,6761,26.98,39.76
2026-07-17,6762,61.89,77.88
2026-07-17,6763,57.3,61.46
2026-07-17,6764,97.22,97.22
2026-07-17,6767,51.86,59.27
2026-07-17,6768,78.91,82.85
2026-07-17,6770,45.42,49.26
2026-07-17,6771,18.13,40.86
2026-07-17,6772,96.66,98.74
2026-07-17,6775,57.06,62.49
2026-07-17,6776,61.35,66.22
2026-07-17,6778,100.0,100.0
2026-07-17,6779,100.0,100.0
2026-07-17,6780,52.7,83.75
2026-07-17,6781,67.66,69.56
2026-07-17,6782,31.18,47.21
2026-07-17,6784,30.23,49.27
2026-07-17,6785,54.83,61.92
2026-07-17,6786,0.0,9.03
2026-07-17,6787,9.63,24.74
2026-07-17,6788,14.22,24.13
2026-07-17,6789,69.09,72.98
2026-07-17,6790,75.34,78.58
2026-07-17,6791,56.02,74.21
2026-07-17,6792,48.08,53.89
2026-07-17,6793,22.4,38.33
2026-07-17,6794,66.35,78.4
2026-07-17,6796,35.45,47.36
2026-07-17,6797,29.99,48.51
2026-07-17,6798,55.49,70.8
2026-07-17,6799,21.04,32.24
2026-07-17,6803,54.28,55.67
2026-07-17,6804,47.15,62.46
2026-07-17,6805,45.23,58.24
2026-07-17,6806,58.14,59.93
2026-07-17,6807,73.55,83.41
2026-07-17,6808,40.22,52.14
2026-07-17,6810,21.39,36.07
2026-07-17,6811,61.99,64.22
2026-07-17,6812,26.32,40.94
2026-07-17,6813,48.86,61.22
2026-07-17,6814,73.54,82.61
2026-07-17,6815,49.84,67.21
2026-07-17,6816,61.98,70.99
2026-07-17,6817,54.89,54.89
2026-07-17,6818,59.93,66.76
2026-07-17,6819,45.72,57.05
2026-07-17,6820,73.6,73.6
2026-07-17,6821,38.85,48.83
2026-07-17,6822,100.0,100.0
2026-07-17,6823,51.82,55.88
2026-07-17,6824,100.0,100.0
2026-07-17,6825,61.71,73.37
2026-07-17,6826,69.25,75.18
2026-07-17,6827,49.29,62.6
2026-07-17,6829,63.0,67.49
2026-07-17,6830,17.51,34.4
2026-07-17,6831,41.7,61.29
2026-07-17,6832,82.86,84.52
2026-07-17,6833,79.9,84.96
2026-07-17,6834,44.81,58.21
2026-07-17,6835,68.66,78.59
2026-07-17,6837,41.11,59.15
2026-07-17,6838,55.34,61.71
2026-07-17,6839,73.87,80.22
2026-07-17,6840,38.84,53.65
2026-07-17,6841,37.03,47.31
2026-07-17,6842,24.83,40.33
2026-07-17,6843,55.83,76.67
2026-07-17,6844,55.96,64.93
2026-07-17,6846,64.18,66.77
2026-07-17,6847,19.67,55.89
2026-07-17,6848,29.84,52.95
2026-07-17,6849,41.83,51.22
2026-07-17,6850,41.05,60.35
2026-07-17,6851,100.0,100.0
2026-07-17,6854,53.73,65.05
2026-07-17,6855,41.79,61.35
2026-07-17,6856,74.28,83.27
2026-07-17,6857,94.62,94.62
2026-07-17,6858,82.2,89.89
2026-07-17,6859,56.08,64.56
2026-07-17,6861,52.16,53.26
2026-07-17,6862,68.8,69.72
2026-07-17,6863,72.27,75.49
2026-07-17,6864,12.23,36.73
2026-07-17,6865,36.07,50.49
2026-07-17,6866,99.73,99.73
2026-07-17,6867,100.0,100.0
2026-07-17,6868,31.27,55.36
2026-07-17,6869,44.44,54.3
2026-07-17,6870,57.88,71.73
2026-07-17,6872,43.48,58.05
2026-07-17,6873,52.46,61.58
2026-07-17,6874,39.58,53.53
2026-07-17,6875,52.59,61.3
2026-07-17,6876,17.24,32.4
2026-07-17,6877,57.22,74.67
2026-07-17,6878,84.38,88.71
2026-07-17,6879,80.25,89.17
2026-07-17,6881,49.96,57.92
2026-07-17,6882,31.49,58.91
2026-07-17,6883,80.63,88.05
2026-07-17,6884,69.39,73.19
2026-07-17,6885,22.46,36.92
2026-07-17,6886,84.94,90.03
2026-07-17,6887,82.06,91.86
2026-07-17,6890,91.93,92.77
2026-07-17,6891,73.93,77.17
2026-07-17,6892,37.95,57.89
2026-07-17,6894,55.13,61.05
2026-07-17,6895,51.16,61.26
2026-07-17,6897,100.0,100.0
2026-07-17,6898,45.85,59.2
2026-07-17,6899,65.95,80.09
2026-07-17,6901,80.93,83.19
2026-07-17,6902,57.89,71.1
2026-07-17,6903,64.15,70.45
2026-07-17,6904,64.36,79.9
2026-07-17,6905,100.0,100.0
2026-07-17,6906,47.65,57.75
2026-07-17,6907,64.04,69.92
2026-07-17,6908,86.39,86.39
2026-07-17,6909,21.5,38.49
2026-07-17,6910,49.38,56.88
2026-07-17,6911,44.33,60.04
2026-07-17,6912,68.61,77.0
2026-07-17,6913,42.3,54.08
2026-07-17,6914,66.66,71.75
2026-07-17,6915,84.81,88.45
2026-07-17,6916,72.69,78.96
2026-07-17,6917,29.11,44.9
2026-07-17,6918,27.92,50.1
2026-07-17,6919,67.31,74.53
2026-07-17,6920,57.47,64.44
2026-07-17,6921,75.24,78.09
2026-07-17,6922,56.75,62.97
2026-07-17,6923,54.95,69.7
2026-07-17,6924,73.08,80.24
2026-07-17,6925,41.69,60.37
2026-07-17,6926,60.92,80.7
2026-07-17,6927,52.88,68.07
2026-07-17,6928,76.07,79.2
2026-07-17,6929,86.91,89.53
2026-07-17,6930,100.0,100.0
2026-07-17,6931,49.95,69.7
2026-07-17,6932,75.16,80.92
2026-07-17,6933,61.35,61.35
2026-07-17,6934,55.26,66.01
2026-07-17,6935,73.18,84.94
2026-07-17,6936,64.74,76.02
2026-07-17,6937,54.37,63.0
2026-07-17,6938,54.14,67.47
2026-07-17,6939,56.05,64.33
2026-07-17,6940,37.95,53.89
2026-07-17,6942,100.0,100.0
2026-07-17,6943,100.0,100.0
2026-07-17,6944,34.4,52.13
2026-07-17,6945,52.52,62.74
2026-07-17,6946,90.92,93.86
2026-07-17,6947,63.34,73.31
2026-07-17,6949,61.68,73.98
2026-07-17,6951,63.9,66.21
2026-07-17,6952,79.75,86.68
2026-07-17,6953,56.2,63.56
2026-07-17,6954,100.0,100.0
2026-07-17,6955,49.64,60.3
2026-07-17,6957,55.63,72.96
2026-07-17,6958,92.75,94.14
2026-07-17,6959,33.17,40.78
2026-07-17,6961,33.34,44.32
2026-07-17,6962,46.77,53.17
2026-07-17,6963,84.7,87.3
2026-07-17,6965,90.86,92.34
2026-07-17,6967,47.92,75.65
2026-07-17,6968,44.18,58.75
2026-07-17,6969,47.37,58.64
2026-07-17,6971,61.37,73.78
2026-07-17,6972,63.73,83.82
2026-07-17,6973,41.37,67.35
2026-07-17,6976,74.51,80.52
2026-07-17,6977,15.91,42.79
2026-07-17,6978,98.31,98.31
2026-07-17,6979,39.6,59.53
2026-07-17,6980,72.41,77.66
2026-07-17,6982,53.39,65.01
2026-07-17,6983,16.01,44.17
2026-07-17,6984,27.7,56.61
2026-07-17,6985,100.0,100.0
2026-07-17,6986,34.09,49.08
2026-07-17,6987,85.96,90.06
2026-07-17,6988,66.58,78.32
2026-07-17,6990,86.5,90.11
2026-07-17,6991,100.0,100.0
2026-07-17,6992,96.99,99.47
2026-07-17,6993,100.0,100.0
2026-07-17,6994,38.04,48.06
2026-07-17,6995,21.07,44.06
2026-07-17,6996,55.8,59.6
2026-07-17,6997,77.74,82.26
2026-07-17,6999,57.39,77.52
2026-07-17,7402,26.96,38.53
2026-07-17,7415,36.97,61.87
2026-07-17,7418,85.31,96.13
2026-07-17,7419,39.16,49.55
2026-07-17,7421,0.0,0.0
2026-07-17,7426,100.0,100.0
2026-07-17,7427,19.64,31.93
2026-07-17,7443,69.59,82.45
2026-07-17,7452,87.89,87.89
2026-07-17,7455,73.71,82.61
2026-07-17,7507,70.25,78.24
2026-07-17,7516,14.81,36.66
2026-07-17,7530,45.7,55.18
2026-07-17,7547,66.13,73.12
2026-07-17,7551,42.93,56.72
2026-07-17,7555,86.14,87.67
2026-07-17,7556,54.78,64.61
2026-07-17,7558,22.96,52.8
2026-07-17,7561,55.15,60.63
2026-07-17,7562,63.54,78.85
2026-07-17,7566,51.85,62.32
2026-07-17,7570,100.0,100.0
2026-07-17,7575,26.04,55.03
2026-07-17,7578,44.4,64.5
2026-07-17,7583,73.03,88.83
2026-07-17,7584,53.0,71.21
2026-07-17,7590,78.26,82.61
2026-07-17,7595,45.91,71.19
2026-07-17,7607,61.38,71.15
2026-07-17,7610,38.01,49.28
2026-07-17,7631,54.32,75.01
2026-07-17,7642,78.35,80.03
2026-07-17,7660,100.0,100.0
2026-07-17,7669,4.94,32.62
2026-07-17,7689,88.39,91.81
2026-07-17,7702,86.38,92.51
2026-07-17,7703,46.66,57.75
2026-07-17,7704,43.12,59.37
2026-07-17,7705,61.81,68.85
2026-07-17,7706,91.29,91.29
2026-07-17,7707,40.0,45.73
2026-07-17,7708,61.96,63.59
2026-07-17,7709,77.41,79.45
2026-07-17,7710,99.26,99.26
2026-07-17,7711,54.67,61.81
2026-07-17,7712,35.55,52.24
2026-07-17,7713,78.17,84.64
2026-07-17,7714,47.95,68.58
2026-07-17,7715,39.76,57.55
2026-07-17,7716,65.93,82.74
2026-07-17,7717,35.38,55.69
2026-07-17,7718,67.92,78.58
2026-07-17,7719,11.27,20.89
2026-07-17,7720,100.0,100.0
2026-07-17,7721,52.04,60.69
2026-07-17,7722,83.93,84.99
2026-07-17,7723,48.42,56.49
2026-07-17,7724,68.11,84.24
2026-07-17,7725,79.14,83.73
2026-07-17,7726,80.29,87.16
2026-07-17,7728,47.18,57.12
2026-07-17,7729,44.15,56.95
2026-07-17,7730,60.9,70.07
2026-07-17,7731,67.49,72.36
2026-07-17,7732,81.92,88.8
2026-07-17,7734,67.13,74.7
2026-07-17,7735,88.44,94.31
2026-07-17,7736,76.73,83.94
2026-07-17,7737,60.14,78.32
2026-07-17,7738,32.18,57.82
2026-07-17,7740,54.63,65.32
2026-07-17,7742,65.06,69.05
2026-07-17,7743,57.39,74.73
2026-07-17,7744,58.61,77.29
2026-07-17,7745,56.72,71.19
2026-07-17,7746,92.41,95.51
2026-07-17,7747,70.7,77.84
2026-07-17,7748,58.43,70.44
2026-07-17,7749,29.01,50.59
2026-07-17,7750,61.59,77.56
2026-07-17,7751,36.95,47.15
2026-07-17,7752,81.69,86.13
2026-07-17,7753,65.34,74.15
2026-07-17,7754,59.3,71.5
2026-07-17,7756,59.42,70.86
2026-07-17,7757,43.47,57.9
2026-07-17,7758,80.13,83.34
2026-07-17,7759,73.91,81.38
2026-07-17,7760,47.05,62.94
2026-07-17,7761,33.99,51.48
2026-07-17,7762,39.53,55.34
2026-07-17,7763,76.51,81.43
2026-07-17,7764,68.81,81.05
2026-07-17,7765,59.65,60.76
2026-07-17,7767,54.77,72.04
2026-07-17,7768,55.2,64.45
2026-07-17,7769,57.34,67.26
2026-07-17,7770,62.44,74.47
2026-07-17,7771,75.71,82.19
2026-07-17,7772,52.82,56.09
2026-07-17,7773,43.08,56.78
2026-07-17,7775,100.0,100.0
2026-07-17,7776,63.72,74.96
2026-07-17,7777,62.98,69.48
2026-07-17,7779,56.73,66.3
2026-07-17,7780,73.57,75.58
2026-07-17,7781,71.75,74.13
2026-07-17,7782,65.8,75.87
2026-07-17,7783,89.58,91.17
2026-07-17,7784,84.19,88.73
2026-07-17,7785,72.06,85.59
2026-07-17,7786,76.18,82.13
2026-07-17,7788,57.12,69.47
2026-07-17,7789,42.6,71.38
2026-07-17,7790,32.02,70.24
2026-07-17,7791,70.07,80.21
2026-07-17,7792,62.17,70.97
2026-07-17,7793,100.0,100.0
2026-07-17,7794,71.58,81.49
2026-07-17,7795,64.62,76.81
2026-07-17,7796,46.86,59.46
2026-07-17,7797,62.26,78.89
2026-07-17,7798,89.41,94.51
2026-07-17,7799,71.43,79.14
2026-07-17,7801,67.37,70.43
2026-07-17,7803,70.37,78.73
2026-07-17,7805,65.32,70.55
2026-07-17,7806,58.33,74.67
2026-07-17,7808,76.94,77.96
2026-07-17,7810,36.34,46.8
2026-07-17,7811,65.17,71.79
2026-07-17,7812,53.92,61.38
2026-07-17,7813,27.44,42.76
2026-07-17,7814,71.66,77.57
2026-07-17,7815,50.32,60.85
2026-07-17,7816,71.26,78.9
2026-07-17,7817,100.0,100.0
2026-07-17,7818,88.66,89.82
2026-07-17,7819,55.4,59.12
2026-07-17,7820,65.32,76.18
2026-07-17,7821,75.14,80.95
2026-07-17,7822,63.73,68.19
2026-07-17,7823,58.6,73.13
2026-07-17,7824,67.06,79.74
2026-07-17,7825,27.49,47.73
2026-07-17,7826,60.74,84.38
2026-07-17,7827,70.34,77.23
2026-07-17,7828,53.84,64.45
2026-07-17,7829,71.2,83.12
2026-07-17,7830,100.0,100.0
2026-07-17,7831,55.97,77.47
2026-07-17,7832,87.57,92.94
2026-07-17,7833,57.49,74.51
2026-07-17,7834,60.54,74.62
2026-07-17,7835,83.86,87.15
2026-07-17,7836,63.44,72.04
2026-07-17,7837,67.76,75.06
2026-07-17,7839,55.95,75.46
2026-07-17,7840,76.24,89.6
2026-07-17,7841,66.49,77.77
2026-07-17,7842,62.3,64.66
2026-07-17,7843,61.47,67.65
2026-07-17,7844,100.0,100.0
2026-07-17,7846,75.12,85.45
2026-07-17,7847,43.49,63.07
2026-07-17,7848,51.52,67.2
2026-07-17,7849,95.78,95.78
2026-07-17,7850,55.46,71.38
2026-07-17,7851,74.43,83.8
2026-07-17,7853,17.95,25.97
2026-07-17,7854,79.77,89.47
2026-07-17,7855,99.35,99.35
2026-07-17,7856,61.1,66.41
2026-07-17,7857,76.06,83.65
2026-07-17,7858,30.41,45.7
2026-07-17,7859,100.0,100.0
2026-07-17,7860,89.27,94.53
2026-07-17,7861,66.9,77.36
2026-07-17,7862,84.22,87.69
2026-07-17,7863,96.02,98.53
2026-07-17,7864,100.0,100.0
2026-07-17,7865,47.79,73.08
2026-07-17,7866,48.47,61.82
2026-07-17,7867,85.56,95.52
2026-07-17,7868,40.66,60.1
2026-07-17,7869,86.5,88.88
2026-07-17,7870,49.01,78.4
2026-07-17,7871,57.55,63.25
2026-07-17,7872,61.32,65.09
2026-07-17,7873,76.98,86.25
2026-07-17,7875,96.46,96.46
2026-07-17,7876,77.34,86.01
2026-07-17,7877,61.47,73.74
2026-07-17,7878,31.36,46.83
2026-07-17,7879,45.8,62.11
2026-07-17,7880,38.23,70.23
2026-07-17,7881,82.58,84.45
2026-07-17,7882,77.9,83.64
2026-07-17,7883,59.51,71.3
2026-07-17,7884,100.0,100.0
2026-07-17,7885,57.43,76.63
2026-07-17,7886,43.6,65.77
2026-07-17,7887,27.51,43.1
2026-07-17,7888,62.17,80.78
2026-07-17,7889,45.73,83.94
2026-07-17,7890,65.96,86.06
2026-07-17,7891,53.46,56.31
2026-07-17,7892,63.51,75.32
2026-07-17,7893,80.01,86.37
2026-07-17,7894,47.27,64.31
2026-07-17,7895,65.6,74.1
2026-07-17,7896,83.02,90.95
2026-07-17,7897,98.33,98.33
2026-07-17,7898,64.16,69.34
2026-07-17,7899,23.98,43.03
2026-07-17,7901,75.46,84.63
2026-07-17,7902,85.74,90.17
2026-07-17,7904,89.32,92.36
2026-07-17,7906,100.0,100.0
2026-07-17,7907,67.2,74.44
2026-07-17,7909,76.12,83.78
2026-07-17,7911,50.31,66.98
2026-07-17,7912,72.33,79.33
2026-07-17,7913,86.43,90.43
2026-07-17,7915,70.82,86.18
2026-07-17,7916,100.0,100.0
2026-07-17,7917,100.0,100.0
2026-07-17,7918,77.07,79.39
2026-07-17,7919,42.07,50.06
2026-07-17,7920,81.17,90.02
2026-07-17,7921,75.26,83.32
2026-07-17,7922,93.94,95.42
2026-07-17,7924,76.33,83.87
2026-07-17,7926,59.45,73.49
2026-07-17,7927,42.61,71.0
2026-07-17,7928,59.12,74.44
2026-07-17,7929,62.59,83.0
2026-07-17,7930,58.88,67.23
2026-07-17,7931,84.9,96.69
2026-07-17,7932,100.0,100.0
2026-07-17,7933,88.36,97.67
2026-07-17,7934,100.0,100.0
2026-07-17,7935,79.25,91.04
2026-07-17,7936,92.29,95.06
2026-07-17,8002,0.0,0.0
2026-07-17,8009,0.0,0.0
2026-07-17,8010,20.25,46.01
2026-07-17,8011,24.75,30.62
2026-07-17,8012,93.02,93.02
2026-07-17,8014,37.88,37.88
2026-07-17,8015,0.0,29.54
2026-07-17,8016,28.42,45.97
2026-07-17,8018,0.0,21.62
2026-07-17,8019,90.33,93.81
2026-07-17,8020,32.36,59.32
2026-07-17,8021,37.93,47.46
2026-07-17,8022,70.18,70.18
2026-07-17,8023,0.0,0.0
2026-07-17,8024,18.86,28.59
2026-07-17,8026,0.0,0.0
2026-07-17,8027,16.54,27.29
2026-07-17,8028,42.89,55.83
2026-07-17,8029,62.69,75.2
2026-07-17,8030,0.0,0.0
2026-07-17,8031,25.57,25.57
2026-07-17,8032,74.26,76.01
2026-07-17,8033,30.81,39.19
2026-07-17,8034,8.72,17.97
2026-07-17,8035,17.63,43.5
2026-07-17,8036,20.61,20.61
2026-07-17,8037,0.0,0.0
2026-07-17,8038,15.0,20.22
2026-07-17,8039,60.12,68.01
2026-07-17,8040,44.6,51.12
2026-07-17,8042,57.65,67.15
2026-07-17,8043,38.15,41.01
2026-07-17,8044,54.78,61.45
2026-07-17,8045,55.62,66.87
2026-07-17,8046,81.15,85.68
2026-07-17,8047,71.65,80.74
2026-07-17,8048,28.04,40.83
2026-07-17,8049,27.15,33.02
2026-07-17,8050,36.53,42.54
2026-07-17,8051,0.0,0.0
2026-07-17,8052,0.0,0.0
2026-07-17,8053,80.37,85.44
2026-07-17,8054,29.88,36.58
2026-07-17,8055,0.0,0.0
2026-07-17,8056,53.9,60.57
2026-07-17,8057,67.07,67.07
2026-07-17,8058,52.29,69.69
2026-07-17,8059,69.35,72.94
2026-07-17,8060,34.06,49.67
2026-07-17,8061,0.0,25.89
2026-07-17,8062,0.0,0.0
2026-07-17,8064,36.62,43.62
2026-07-17,8065,0.0,37.58
2026-07-17,8066,21.76,38.74
2026-07-17,8067,56.73,81.35
2026-07-17,8068,58.01,61.99
2026-07-17,8069,68.42,76.89
2026-07-17,8070,70.15,73.78
2026-07-17,8071,22.86,31.94
2026-07-17,8072,57.87,59.93
2026-07-17,8073,0.0,0.0
2026-07-17,8074,29.37,38.63
2026-07-17,8076,25.25,34.42
2026-07-17,8077,76.98,82.25
2026-07-17,8080,82.53,84.11
2026-07-17,8081,25.2,38.75
2026-07-17,8082,62.88,71.69
2026-07-17,8083,43.84,55.63
2026-07-17,8084,53.04,63.79
2026-07-17,8085,31.67,41.01
2026-07-17,8086,47.24,53.06
2026-07-17,8087,43.9,57.66
2026-07-17,8088,18.03,19.91
2026-07-17,8089,37.87,41.11
2026-07-17,8091,32.26,48.75
2026-07-17,8092,41.1,60.41
2026-07-17,8093,64.0,67.55
2026-07-17,8094,11.96,43.02
2026-07-17,8095,18.09,51.28
2026-07-17,8096,46.1,52.52
2026-07-17,8097,60.51,73.21
2026-07-17,8098,33.15,57.66
2026-07-17,8099,74.59,81.85
2026-07-17,8101,80.45,82.29
2026-07-17,8102,25.15,39.62
2026-07-17,8103,29.17,43.11
2026-07-17,8104,30.38,34.38
2026-07-17,8105,58.61,61.37
2026-07-17,8106,27.88,60.82
2026-07-17,8107,45.64,53.79
2026-07-17,8108,0.0,0.0
2026-07-17,8109,34.87,54.08
2026-07-17,8110,48.47,51.48
2026-07-17,8111,25.31,35.98
2026-07-17,8112,31.04,35.05
2026-07-17,8114,33.75,47.63
2026-07-17,8115,78.23,86.41
2026-07-17,8119,27.15,46.31
2026-07-17,8121,55.33,61.82
2026-07-17,8122,92.23,93.1
2026-07-17,8127,0.0,7.67
2026-07-17,8130,59.07,70.92
2026-07-17,8131,72.03,74.41
2026-07-17,8143,0.0,0.0
2026-07-17,8147,30.41,48.74
2026-07-17,8150,69.54,75.73
2026-07-17,8152,100.0,100.0
2026-07-17,8155,35.85,47.78
2026-07-17,8157,78.64,78.64
2026-07-17,8162,61.89,74.24
2026-07-17,8163,40.99,46.52
2026-07-17,8171,51.69,61.04
2026-07-17,8172,0.0,0.0
2026-07-17,8176,21.73,32.49
2026-07-17,8182,64.93,67.04
2026-07-17,8183,43.37,46.57
2026-07-17,8197,83.38,84.91
2026-07-17,8201,45.88,57.84
2026-07-17,8204,0.0,0.0
2026-07-17,8210,62.51,70.61
2026-07-17,8213,40.78,50.44
2026-07-17,8215,50.04,53.22
2026-07-17,8218,0.0,0.0
2026-07-17,8219,0.0,0.0
2026-07-17,8221,0.0,0.0
2026-07-17,8222,33.01,38.67
2026-07-17,8225,73.02,79.65
2026-07-17,8227,18.22,27.86
2026-07-17,8234,46.7,54.37
2026-07-17,8240,47.02,53.71
2026-07-17,8249,53.54,57.63
2026-07-17,8255,47.61,51.9
2026-07-17,8259,0.0,0.0
2026-07-17,8261,44.4,52.17
2026-07-17,8264,0.0,0.0
2026-07-17,8271,36.45,42.11
2026-07-17,8272,25.15,38.05
2026-07-17,8276,33.56,47.96
2026-07-17,8277,13.48,19.73
2026-07-17,8279,52.51,62.22
2026-07-17,8281,34.88,44.49
2026-07-17,8284,44.64,62.87
2026-07-17,8286,0.0,0.0
2026-07-17,8287,70.24,70.24
2026-07-17,8289,33.62,42.31
2026-07-17,8291,71.9,71.9
2026-07-17,8297,92.95,92.95
2026-07-17,8298,81.25,81.25
2026-07-17,8299,34.96,44.14
2026-07-17,8307,97.93,99.42
2026-07-17,8325,0.0,0.0
2026-07-17,8329,87.18,90.79
2026-07-17,8341,46.5,49.0
2026-07-17,8342,65.65,72.94
2026-07-17,8345,71.53,82.22
2026-07-17,8349,66.91,71.05
2026-07-17,8351,70.91,80.5
2026-07-17,8354,48.05,64.65
2026-07-17,8358,46.39,52.32
2026-07-17,8359,79.54,83.39
2026-07-17,8361,0.0,0.0
2026-07-17,8367,61.38,70.64
2026-07-17,8374,68.57,71.68
2026-07-17,8375,40.34,77.08
2026-07-17,8380,0.0,19.38
2026-07-17,8382,56.89,65.98
2026-07-17,8383,48.17,54.71
2026-07-17,8390,44.7,49.39
2026-07-17,8401,54.38,62.88
2026-07-17,8403,32.25,38.52
2026-07-17,8404,73.1,78.85
2026-07-17,8409,38.58,48.54
2026-07-17,8410,51.12,59.03
2026-07-17,8411,79.08,81.68
2026-07-17,8415,89.46,92.72
2026-07-17,8416,77.11,77.11
2026-07-17,8419,40.55,53.22
2026-07-17,8421,59.56,64.13
2026-07-17,8422,33.58,36.9
2026-07-17,8423,54.88,63.04
2026-07-17,8424,50.7,60.56
2026-07-17,8426,70.26,73.53
2026-07-17,8427,0.0,0.0
2026-07-17,8429,37.97,41.85
2026-07-17,8431,15.37,23.54
2026-07-17,8432,56.47,61.57
2026-07-17,8433,60.42,67.51
2026-07-17,8435,20.64,41.13
2026-07-17,8436,29.18,38.75
2026-07-17,8437,28.03,41.72
2026-07-17,8438,70.97,82.89
2026-07-17,8440,29.05,32.59
2026-07-17,8442,61.4,71.45
2026-07-17,8443,59.39,69.31
2026-07-17,8444,77.61,85.95
2026-07-17,8446,42.83,50.16
2026-07-17,8450,56.66,58.33
2026-07-17,8452,100.0,100.0
2026-07-17,8454,79.79,81.1
2026-07-17,8455,87.77,89.9
2026-07-17,8458,48.85,72.45
2026-07-17,8462,57.5,65.23
2026-07-17,8463,76.69,82.11
2026-07-17,8464,77.83,86.96
2026-07-17,8465,41.56,58.22
2026-07-17,8466,67.3,77.42
2026-07-17,8467,73.88,82.01
2026-07-17,8472,55.75,63.04
2026-07-17,8473,65.59,69.29
2026-07-17,8475,100.0,100.0
2026-07-17,8476,62.04,71.75
2026-07-17,8477,75.87,78.19
2026-07-17,8478,75.66,77.03
2026-07-17,8479,41.51,62.09
2026-07-17,8481,53.62,66.44
2026-07-17,8482,90.26,95.18
2026-07-17,8485,0.0,96.18
2026-07-17,8487,45.91,55.76
2026-07-17,8488,80.3,87.1
2026-07-17,8489,46.08,57.05
2026-07-17,8490,29.07,45.34
2026-07-17,8491,0.0,9.23
2026-07-17,8492,88.34,92.97
2026-07-17,8495,89.79,92.03
2026-07-17,8496,84.71,87.43
2026-07-17,8499,72.65,79.8
2026-07-17,8707,0.0,0.0
2026-07-17,8708,36.62,43.66
2026-07-17,8710,18.1,28.87
2026-07-17,8712,63.73,76.09
2026-07-17,8718,27.19,35.26
2026-07-17,8719,79.45,86.77
2026-07-17,8720,47.24,56.82
2026-07-17,8721,0.0,0.0
2026-07-17,8722,56.87,62.7
2026-07-17,8723,41.3,50.61
2026-07-17,8724,33.58,40.62
2026-07-17,8725,25.06,32.14
2026-07-17,8905,88.78,92.47
2026-07-17,8906,49.92,55.46
2026-07-17,8908,85.98,88.95
2026-07-17,8916,60.96,66.86
2026-07-17,8917,65.8,82.82
2026-07-17,8921,63.01,85.56
2026-07-17,8923,74.55,82.32
2026-07-17,8924,29.85,38.36
2026-07-17,8925,27.42,41.2
2026-07-17,8926,53.6,59.08
2026-07-17,8927,74.15,83.18
2026-07-17,8928,35.67,49.12
2026-07-17,8929,39.18,45.67
2026-07-17,8930,56.87,68.57
2026-07-17,8931,78.45,81.36
2026-07-17,8932,75.08,80.6
2026-07-17,8933,47.56,52.71
2026-07-17,8934,94.77,94.77
2026-07-17,8935,42.46,51.28
2026-07-17,8936,23.48,32.53
2026-07-17,8937,87.97,90.73
2026-07-17,8938,44.33,56.56
2026-07-17,8940,62.74,70.86
2026-07-17,8941,46.43,67.12
2026-07-17,8942,41.82,50.89
2026-07-17,8945,0.0,0.0
2026-07-17,8977,94.48,96.97
2026-07-17,8996,34.57,51.66
2026-07-17,8999,20.5,62.82
2026-07-17,9103,3.86,11.35
2026-07-17,9105,14.02,23.7
2026-07-17,9110,21.81,44.04
2026-07-17,9136,62.17,68.24
2026-07-17,9801,66.03,69.3
2026-07-17,9802,56.3,65.22
2026-07-17,9902,50.3,56.49
2026-07-17,9904,65.0,69.49
2026-07-17,9905,72.27,73.83
2026-07-17,9906,74.95,78.74
2026-07-17,9907,70.74,74.86
2026-07-17,9908,74.47,80.51
2026-07-17,9910,86.59,88.72
2026-07-17,9911,62.01,68.43
2026-07-17,9912,55.43,62.38
2026-07-17,9914,55.62,66.15
2026-07-17,9917,71.01,76.75
2026-07-17,9918,77.04,84.59
2026-07-17,9919,42.91,46.16
2026-07-17,9921,56.99,66.1
2026-07-17,9922,59.03,69.33
2026-07-17,9924,53.51,62.34
2026-07-17,9925,61.68,69.1
2026-07-17,9926,73.65,83.86
2026-07-17,9927,52.7,58.91
2026-07-17,9928,67.16,74.46
2026-07-17,9929,83.97,88.1
2026-07-17,9930,77.0,77.94
2026-07-17,9931,72.99,78.04
2026-07-17,9933,55.79,62.15
2026-07-17,9934,58.79,66.82
2026-07-17,9935,49.53,62.21
2026-07-17,9936,20.0,28.94
2026-07-17,9937,82.53,89.25
2026-07-17,9938,46.46,54.46
2026-07-17,9939,51.26,61.26
2026-07-17,9940,77.99,81.4
2026-07-17,9941,67.55,70.6
2026-07-17,9942,38.54,52.96
2026-07-17,9943,69.48,71.09
2026-07-17,9944,66.13,78.76
2026-07-17,9945,60.79,64.84
2026-07-17,9946,78.51,81.47
2026-07-17,9947,0.0,0.0
2026-07-17,9948,0.0,0.0
2026-07-17,9949,53.42,73.05
2026-07-17,9950,80.07,83.37
2026-07-17,9951,39.55,46.8
2026-07-17,9952,0.0,0.0
2026-07-17,9953,0.0,0.0
2026-07-17,9955,55.3,61.95
2026-07-17,9956,0.0,0.0
2026-07-17,9957,95.48,96.03
2026-07-17,9958,44.7,53.73
2026-07-17,9959,0.0,0.0
2026-07-17,9960,60.16,76.28
2026-07-17,9961,89.73,93.39
2026-07-17,9962,39.97,47.08
2026-07-17,9963,100.0,100.0
2026-07-17,9964,100.0,100.0
2026-07-17,9965,0.0,0.0
2026-07-24,1101,51.34,55.42
2026-07-24,1102,78.91,81.13
2026-07-24,1103,76.66,80.25
2026-07-24,1104,67.14,72.96
2026-07-24,1107,99.7,99.7
2026-07-24,1108,74.84,79.28
2026-07-24,1109,72.88,79.51
2026-07-24,1110,91.42,94.04
2026-07-24,1201,59.16,63.56
2026-07-24,1203,86.74,90.92
2026-07-24,1204,31.77,45.74
2026-07-24,1207,75.29,77.27
2026-07-24,1210,61.68,65.9
2026-07-24,1212,35.58,44.23
2026-07-24,1213,77.06,81.63
2026-07-24,1215,53.96,58.16
2026-07-24,1216,86.23,89.75
2026-07-24,1217,53.6,60.89
2026-07-24,1218,63.57,67.28
2026-07-24,1219,58.33,63.16
2026-07-24,1220,60.42,67.57
2026-07-24,1221,25.85,34.18
2026-07-24,1224,82.38,88.36
2026-07-24,1225,87.46,89.83
2026-07-24,1227,63.94,67.22
2026-07-24,1228,12.17,37.93
2026-07-24,1229,62.74,65.46
2026-07-24,1231,63.11,64.74
2026-07-24,1232,72.1,73.57
2026-07-24,1233,67.96,75.38
2026-07-24,1234,74.25,82.99
2026-07-24,1235,95.38,96.34
2026-07-24,1236,78.1,83.01
2026-07-24,1238,8.56,11.73
2026-07-24,1240,49.14,69.67
2026-07-24,1256,47.11,59.9
2026-07-24,1259,71.38,77.39
2026-07-24,1260,70.63,76.33
2026-07-24,1264,24.84,47.27
2026-07-24,1268,72.16,78.11
2026-07-24,1269,72.78,77.78
2026-07-24,1271,64.41,74.09
2026-07-24,1293,42.36,74.29
2026-07-24,1294,40.78,56.24
2026-07-24,1295,44.94,56.49
2026-07-24,1301,72.59,75.21
2026-07-24,1303,83.97,86.46
2026-07-24,1304,57.59,60.85
2026-07-24,1305,47.28,51.0
2026-07-24,1306,19.39,21.32
2026-07-24,1307,78.12,81.4
2026-07-24,1308,48.66,52.19
2026-07-24,1309,43.31,47.0
2026-07-24,1310,23.62,29.57
2026-07-24,1312,55.96,59.91
2026-07-24,1313,63.82,67.96
2026-07-24,1314,33.01,41.14
2026-07-24,1315,70.24,80.7
2026-07-24,1316,32.76,43.08
2026-07-24,1319,75.52,79.26
2026-07-24,1321,53.32,70.2
2026-07-24,1323,61.09,70.52
2026-07-24,1324,59.28,66.07
2026-07-24,1325,44.85,47.91
2026-07-24,1326,80.26,82.79
2026-07-24,1333,43.03,51.19
2026-07-24,1336,39.24,50.94
2026-07-24,1337,39.38,47.97
2026-07-24,1338,31.35,42.9
2026-07-24,1339,72.46,74.58
2026-07-24,1340,28.84,34.43
2026-07-24,1341,75.97,83.7
2026-07-24,1342,51.58,59.89
2026-07-24,1343,42.1,66.04
2026-07-24,1402,86.63,88.59
2026-07-24,1407,28.84,35.25
2026-07-24,1408,12.51,20.66
2026-07-24,1409,59.66,63.25
2026-07-24,1410,68.23,76.25
2026-07-24,1413,69.33,75.85
2026-07-24,1414,82.76,88.17
2026-07-24,1416,49.06,54.79
2026-07-24,1417,48.19,58.32
2026-07-24,1418,58.96,71.5
2026-07-24,1419,85.54,90.68
2026-07-24,1423,74.58,83.4
2026-07-24,1432,53.36,54.85
2026-07-24,1434,68.53,71.83
2026-07-24,1435,93.06,94.88
2026-07-24,1436,72.73,75.91
2026-07-24,1437,66.26,79.48
2026-07-24,1438,76.45,83.15
2026-07-24,1439,74.67,84.75
2026-07-24,1440,73.03,77.66
2026-07-24,1441,58.35,65.0
2026-07-24,1442,78.21,86.73
2026-07-24,1443,81.1,89.9
2026-07-24,1444,59.82,63.82
2026-07-24,1445,60.48,68.74
2026-07-24,1446,61.86,65.55
2026-07-24,1447,65.76,69.89
2026-07-24,1449,31.42,38.24
2026-07-24,1450,20.95,25.72
2026-07-24,1451,56.62,63.36
2026-07-24,1452,37.81,48.81
2026-07-24,1453,73.67,75.61
2026-07-24,1454,77.53,81.71
2026-07-24,1455,62.7,66.8
2026-07-24,1456,80.55,84.97
2026-07-24,1457,68.53,74.72
2026-07-24,1458,51.03,59.75
2026-07-24,1459,79.71,85.78
2026-07-24,1460,65.16,71.84
2026-07-24,1462,34.37,46.48
2026-07-24,1463,74.78,81.3
2026-07-24,1464,54.31,61.12
2026-07-24,1465,62.37,72.81
2026-07-24,1466,61.77,67.79
2026-07-24,1467,59.32,66.87
2026-07-24,1468,96.81,97.55
2026-07-24,1469,87.63,92.35
2026-07-24,1470,70.24,87.26
2026-07-24,1471,16.9,22.55
2026-07-24,1472,69.84,81.18
2026-07-24,1473,69.22,71.65
2026-07-24,1474,52.97,59.43
2026-07-24,1475,68.99,76.28
2026-07-24,1476,73.96,80.76
2026-07-24,1477,52.17,62.83
2026-07-24,1480,94.46,98.22
2026-07-24,1491,46.3,59.65
2026-07-24,1498,0.0,48.56
2026-07-24,1503,71.09,73.5
2026-07-24,1504,66.87,69.56
2026-07-24,1506,71.34,77.28
2026-07-24,1507,100.0,100.0
2026-07-24,1512,47.82,53.9
2026-07-24,1513,38.91,43.22
2026-07-24,1514,33.07,41.81
2026-07-24,1515,41.47,50.78
2026-07-24,1516,58.69,64.8
2026-07-24,1517,44.08,48.9
2026-07-24,1519,65.91,72.52
2026-07-24,1521,66.04,67.66
2026-07-24,1522,52.39,57.4
2026-07-24,1524,35.29,38.37
2026-07-24,1525,86.25,88.19
2026-07-24,1526,29.94,37.19
2026-07-24,1527,27.87,32.46
2026-07-24,1528,27.74,29.92
2026-07-24,1529,40.95,45.95
2026-07-24,1530,70.06,75.96
2026-07-24,1531,54.09,64.46
2026-07-24,1532,58.71,66.48
2026-07-24,1533,52.11,63.28
2026-07-24,1534,35.3,46.92
2026-07-24,1535,75.15,75.56
2026-07-24,1536,27.98,34.3
2026-07-24,1537,42.7,52.23
2026-07-24,1538,70.77,78.45
2026-07-24,1539,60.18,60.81
2026-07-24,1540,22.82,36.55
2026-07-24,1541,79.45,83.75
2026-07-24,1553,0.0,0.0
2026-07-24,1557,0.0,30.38
2026-07-24,1558,13.66,35.52
2026-07-24,1560,49.94,65.68
2026-07-24,1563,36.1,48.38
2026-07-24,1565,8.26,18.13
2026-07-24,1568,55.05,64.46
2026-07-24,1569,44.28,51.9
2026-07-24,1570,44.49,55.72
2026-07-24,1571,0.0,67.23
2026-07-24,1573,0.0,0.0
2026-07-24,1575,0.0,0.0
2026-07-24,1577,0.0,0.0
2026-07-24,1580,29.88,40.17
2026-07-24,1582,25.38,30.49
2026-07-24,1583,89.51,91.25
2026-07-24,1584,36.2,41.03
2026-07-24,1585,46.04,65.76
2026-07-24,1586,60.41,71.2
2026-07-24,1587,37.89,46.39
2026-07-24,1589,21.01,28.36
2026-07-24,1590,52.0,73.11
2026-07-24,1591,8.04,21.42
2026-07-24,1592,18.1,26.44
2026-07-24,1593,35.42,50.04
2026-07-24,1594,75.4,82.82
2026-07-24,1595,33.7,45.02
2026-07-24,1597,36.86,51.62
2026-07-24,1598,53.0,60.09
2026-07-24,1599,57.12,64.66
2026-07-24,1601,6.26,11.53
2026-07-24,1602,9.55,12.14
2026-07-24,1603,69.06,72.51
2026-07-24,1604,52.4,57.99
2026-07-24,1605,70.19,72.66
2026-07-24,1606,9.46,15.85
2026-07-24,1608,60.37,63.33
2026-07-24,1609,28.35,31.95
2026-07-24,1611,45.26,53.51
2026-07-24,1612,54.0,59.69
2026-07-24,1613,47.37,57.73
2026-07-24,1614,75.41,82.77
2026-07-24,1615,76.81,80.41
2026-07-24,1616,55.76,59.88
2026-07-24,1617,69.1,76.26
2026-07-24,1618,53.01,56.53
2026-07-24,1623,73.47,76.4
2026-07-24,1626,60.09,69.46
2026-07-24,1702,54.67,57.38
2026-07-24,1707,41.96,52.86
2026-07-24,1708,34.67,40.9
2026-07-24,1709,57.93,67.37
2026-07-24,1710,57.17,62.54
2026-07-24,1711,38.13,42.74
2026-07-24,1712,45.77,56.49
2026-07-24,1713,66.61,73.71
2026-07-24,1714,50.22,54.8
2026-07-24,1717,58.59,64.62
2026-07-24,1718,48.42,53.1
2026-07-24,1720,59.42,65.35
2026-07-24,1721,31.58,36.98
2026-07-24,1722,59.9,65.43
2026-07-24,1723,47.04,52.9
2026-07-24,1725,93.1,94.21
2026-07-24,1726,83.71,85.56
2026-07-24,1727,49.39,54.51
2026-07-24,1729,85.84,91.39
2026-07-24,1730,53.73,57.3
2026-07-24,1731,51.39,55.99
2026-07-24,1732,44.13,46.4
2026-07-24,1733,33.03,42.44
2026-07-24,1734,40.53,49.78
2026-07-24,1735,77.79,78.39
2026-07-24,1736,83.17,88.45
2026-07-24,1737,59.32,63.5
2026-07-24,1742,71.99,80.87
2026-07-24,1748,36.13,39.26
2026-07-24,1752,57.64,64.11
2026-07-24,1760,33.84,42.27
2026-07-24,1762,36.1,45.53
2026-07-24,1763,100.0,100.0
2026-07-24,1764,100.0,100.0
2026-07-24,1765,100.0,100.0
2026-07-24,1766,100.0,100.0
2026-07-24,1773,69.54,75.44
2026-07-24,1775,100.0,100.0
2026-07-24,1776,44.13,65.79
2026-07-24,1777,53.89,59.61
2026-07-24,1780,62.0,76.38
2026-07-24,1781,23.54,44.53
2026-07-24,1783,55.8,63.61
2026-07-24,1784,18.13,28.04
2026-07-24,1785,37.55,43.75
2026-07-24,1786,45.57,52.49
2026-07-24,1788,40.1,50.01
2026-07-24,1789,74.62,76.86
2026-07-24,1794,0.0,0.0
2026-07-24,1795,52.21,56.89
2026-07-24,1796,45.18,55.72
2026-07-24,1799,66.48,68.14
2026-07-24,1802,74.35,76.2
2026-07-24,1805,70.38,77.74
2026-07-24,1806,70.59,74.28
2026-07-24,1807,38.19,47.35
2026-07-24,1808,78.08,80.18
2026-07-24,1809,43.84,48.69
2026-07-24,1810,63.13,67.06
2026-07-24,1813,33.67,47.72
2026-07-24,1814,52.86,78.83
2026-07-24,1815,29.71,32.47
2026-07-24,1816,91.94,94.8
2026-07-24,1817,58.37,65.11
2026-07-24,1818,63.87,75.49
2026-07-24,1819,65.69,84.42
2026-07-24,1903,74.88,81.16
2026-07-24,1904,62.2,66.75
2026-07-24,1905,69.36,71.6
2026-07-24,1906,70.26,74.5
2026-07-24,1907,81.4,84.79
2026-07-24,1909,63.16,67.44
2026-07-24,1918,17.61,20.59
2026-07-24,2002,48.43,52.2
2026-07-24,2006,73.43,79.67
2026-07-24,2007,75.66,76.75
2026-07-24,2008,91.06,92.39
2026-07-24,2009,55.3,57.02
2026-07-24,2010,64.31,68.29
2026-07-24,2012,74.59,84.08
2026-07-24,2013,76.61,79.5
2026-07-24,2014,46.9,49.9
2026-07-24,2015,81.86,88.06
2026-07-24,2017,57.59,62.1
2026-07-24,2020,45.13,50.49
2026-07-24,2022,37.03,39.7
2026-07-24,2023,77.44,79.03
2026-07-24,2024,80.77,83.01
2026-07-24,2025,59.09,62.48
2026-07-24,2027,71.38,75.45
2026-07-24,2028,81.21,83.39
2026-07-24,2029,68.35,71.31
2026-07-24,2030,44.51,48.07
2026-07-24,2031,51.91,56.97
2026-07-24,2032,48.7,58.62
2026-07-24,2033,61.19,73.92
2026-07-24,2034,43.26,49.3
2026-07-24,2035,96.25,96.72
2026-07-24,2038,49.27,53.57
2026-07-24,2049,60.54,68.98
2026-07-24,2056,85.7,93.63
2026-07-24,2058,18.4,25.88
2026-07-24,2059,56.28,66.51
2026-07-24,2060,87.22,87.22
2026-07-24,2061,29.67,50.69
2026-07-24,2062,54.84,61.82
2026-07-24,2063,37.45,53.4
2026-07-24,2064,72.44,83.04
2026-07-24,2065,44.2,52.62
2026-07-24,2066,53.56,68.91
2026-07-24,2067,49.07,56.5
2026-07-24,2068,100.0,100.0
2026-07-24,2069,52.15,61.91
2026-07-24,2070,47.35,57.15
2026-07-24,2071,72.16,83.86
2026-07-24,2072,72.13,75.32
2026-07-24,2073,51.57,75.18
2026-07-24,2101,59.41,65.51
2026-07-24,2102,76.79,80.78
2026-07-24,2103,51.61,56.49
2026-07-24,2104,36.72,45.06
2026-07-24,2105,78.64,81.23
2026-07-24,2106,75.14,80.06
2026-07-24,2107,58.07,63.56
2026-07-24,2108,64.56,70.05
2026-07-24,2109,66.72,74.53
2026-07-24,2113,0.0,0.0
2026-07-24,2114,59.03,65.28
2026-07-24,2115,58.65,70.36
2026-07-24,2201,60.09,64.08
2026-07-24,2204,71.66,74.51
2026-07-24,2206,80.61,84.64
2026-07-24,2207,82.84,89.36
2026-07-24,2208,50.68,55.55
2026-07-24,2211,78.48,82.19
2026-07-24,2221,64.71,65.66
2026-07-24,2226,100.0,100.0
2026-07-24,2227,93.27,93.51
2026-07-24,2228,53.88,56.53
2026-07-24,2229,0.0,41.04
2026-07-24,2230,31.78,45.69
2026-07-24,2231,62.61,66.11
2026-07-24,2233,34.12,49.82
2026-07-24,2235,76.08,83.9
2026-07-24,2236,62.26,72.7
2026-07-24,2237,74.81,80.82
2026-07-24,2239,77.26,80.0
2026-07-24,2241,33.49,45.77
2026-07-24,2243,53.91,69.13
2026-07-24,2245,66.91,79.02
2026-07-24,2246,65.07,68.53
2026-07-24,2247,72.7,76.68
2026-07-24,2248,69.67,78.29
2026-07-24,2249,54.36,71.5
2026-07-24,2250,48.97,51.28
2026-07-24,2252,74.25,80.0
2026-07-24,2254,87.89,92.89
2026-07-24,2255,73.38,79.17
2026-07-24,2256,42.62,58.82
2026-07-24,2258,92.72,93.86
2026-07-24,2301,73.7,78.64
2026-07-24,2302,56.69,60.68
2026-07-24,2303,72.85,75.5
2026-07-24,2305,63.39,67.62
2026-07-24,2308,74.39,81.32
2026-07-24,2312,43.07,47.57
2026-07-24,2313,53.21,58.36
2026-07-24,2314,3.31,9.75
2026-07-24,2316,58.39,65.09
2026-07-24,2317,66.54,69.27
2026-07-24,2318,22.76,26.96
2026-07-24,2321,67.91,71.12
2026-07-24,2323,39.3,46.04
2026-07-24,2324,60.11,63.7
2026-07-24,2326,6.45,12.63
2026-07-24,2327,67.7,72.27
2026-07-24,2328,36.49,40.41
2026-07-24,2329,46.57,50.38
2026-07-24,2330,84.7,87.48
2026-07-24,2331,54.05,58.58
2026-07-24,2332,34.02,39.57
2026-07-24,2333,20.3,28.97
2026-07-24,2335,25.37,35.56
2026-07-24,2337,39.84,44.44
2026-07-24,2338,42.17,47.38
2026-07-24,2340,32.86,37.46
2026-07-24,2341,86.94,86.94
2026-07-24,2342,33.23,37.21
2026-07-24,2344,66.39,69.39
2026-07-24,2345,57.25,71.37
2026-07-24,2347,85.42,88.99
2026-07-24,2348,65.5,69.35
2026-07-24,2349,21.92,28.64
2026-07-24,2351,59.84,71.13
2026-07-24,2352,43.8,48.71
2026-07-24,2353,32.4,36.66
2026-07-24,2354,42.81,45.44
2026-07-24,2355,32.19,40.54
2026-07-24,2356,69.79,72.92
2026-07-24,2357,62.71,72.96
2026-07-24,2358,23.45,27.69
2026-07-24,2359,39.09,47.11
2026-07-24,2360,54.23,71.21
2026-07-24,2361,47.2,52.93
2026-07-24,2362,75.85,79.65
2026-07-24,2363,30.53,35.95
2026-07-24,2364,51.35,55.02
2026-07-24,2365,17.78,22.91
2026-07-24,2367,25.51,28.45
2026-07-24,2368,70.89,78.6
2026-07-24,2369,29.23,33.64
2026-07-24,2371,42.01,46.84
2026-07-24,2373,86.23,87.29
2026-07-24,2374,23.37,27.78
2026-07-24,2375,20.48,30.09
2026-07-24,2376,63.14,70.7
2026-07-24,2377,60.18,66.46
2026-07-24,2378,26.89,33.7
2026-07-24,2379,58.92,74.27
2026-07-24,2380,32.76,36.47
2026-07-24,2381,0.0,0.0
2026-07-24,2382,81.34,85.08
2026-07-24,2383,58.1,69.43
2026-07-24,2384,20.92,28.0
2026-07-24,2385,68.2,74.37
2026-07-24,2387,52.5,57.88
2026-07-24,2388,65.04,69.09
2026-07-24,2390,33.59,39.19
2026-07-24,2392,43.89,47.97
2026-07-24,2393,60.1,67.96
2026-07-24,2395,78.15,85.69
2026-07-24,2396,37.06,45.5
2026-07-24,2397,66.15,69.03
2026-07-24,2398,32.6,36.52
2026-07-24,2399,24.92,31.98
2026-07-24,2401,37.53,43.01
2026-07-24,2402,33.63,37.94
2026-07-24,2404,41.09,54.39
2026-07-24,2405,19.24,24.94
2026-07-24,2406,23.62,29.21
2026-07-24,2407,27.82,37.81
2026-07-24,2408,79.61,81.98
2026-07-24,2409,43.64,48.0
2026-07-24,2410,23.69,36.33
2026-07-24,2412,77.4,79.14
2026-07-24,2413,50.63,57.41
2026-07-24,2414,48.52,58.02
2026-07-24,2415,58.65,63.47
2026-07-24,2417,40.52,42.49
2026-07-24,2418,42.11,47.76
2026-07-24,2419,62.95,64.65
2026-07-24,2420,40.52,50.09
2026-07-24,2421,45.03,57.24
2026-07-24,2423,69.51,75.43
2026-07-24,2424,79.18,80.85
2026-07-24,2425,36.97,49.99
2026-07-24,2426,38.09,42.66
2026-07-24,2427,49.75,53.62
2026-07-24,2428,50.9,65.28
2026-07-24,2429,42.65,50.13
2026-07-24,2430,55.88,63.46
2026-07-24,2431,35.87,42.02
2026-07-24,2432,72.89,77.4
2026-07-24,2433,77.79,78.96
2026-07-24,2434,74.38,78.19
2026-07-24,2435,28.39,32.31
2026-07-24,2436,19.2,25.76
2026-07-24,2438,49.48,58.5
2026-07-24,2439,25.8,33.45
2026-07-24,2440,67.24,69.71
2026-07-24,2441,63.56,68.85
2026-07-24,2442,50.01,57.78
2026-07-24,2443,45.96,55.24
2026-07-24,2444,18.06,26.97
2026-07-24,2445,12.45,15.7
2026-07-24,2449,57.8,64.21
2026-07-24,2450,75.97,77.21
2026-07-24,2451,66.9,72.35
2026-07-24,2453,40.29,46.0
2026-07-24,2454,64.3,74.42
2026-07-24,2455,36.16,51.5
2026-07-24,2457,25.12,30.02
2026-07-24,2458,49.8,60.78
2026-07-24,2459,41.95,53.46
2026-07-24,2460,53.81,58.63
2026-07-24,2461,36.15,45.14
2026-07-24,2462,50.3,56.03
2026-07-24,2464,34.28,39.21
2026-07-24,2465,29.58,37.34
2026-07-24,2466,83.16,89.9
2026-07-24,2467,59.17,68.48
2026-07-24,2468,50.02,50.02
2026-07-24,2471,6.74,22.32
2026-07-24,2472,48.61,59.29
2026-07-24,2474,64.56,68.94
2026-07-24,2475,64.55,71.13
2026-07-24,2476,59.53,67.02
2026-07-24,2477,67.0,73.59
2026-07-24,2478,55.63,62.3
2026-07-24,2479,25.6,32.38
2026-07-24,2480,18.0,30.86
2026-07-24,2481,58.24,63.12
2026-07-24,2482,35.02,41.13
2026-07-24,2483,61.0,66.17
2026-07-24,2484,17.07,24.35
2026-07-24,2485,18.65,22.39
2026-07-24,2486,34.33,40.7
2026-07-24,2488,44.44,52.87
2026-07-24,2489,25.41,29.71
2026-07-24,2490,15.35,21.35
2026-07-24,2491,66.41,73.45
2026-07-24,2492,68.32,72.58
2026-07-24,2493,43.45,53.69
2026-07-24,2494,73.05,81.47
2026-07-24,2495,44.24,49.83
2026-07-24,2496,35.07,49.57
2026-07-24,2497,58.03,69.25
2026-07-24,2498,34.22,39.37
2026-07-24,2499,37.95,44.16
2026-07-24,2501,72.77,77.45
2026-07-24,2504,70.19,75.12
2026-07-24,2505,75.14,79.49
2026-07-24,2506,72.21,77.25
2026-07-24,2509,63.88,69.62
2026-07-24,2511,74.65,80.23
2026-07-24,2512,25.03,34.19
2026-07-24,2514,84.83,88.13
2026-07-24,2515,53.7,60.76
2026-07-24,2516,63.79,72.42
2026-07-24,2520,68.71,72.52
2026-07-24,2521,25.83,35.24
2026-07-24,2523,35.94,44.67
2026-07-24,2524,91.56,93.18
2026-07-24,2525,20.27,31.71
2026-07-24,2527,76.52,81.5
2026-07-24,2528,79.29,84.07
2026-07-24,2530,81.63,85.73
2026-07-24,2533,26.08,38.28
2026-07-24,2534,65.19,72.06
2026-07-24,2535,54.85,61.76
2026-07-24,2536,69.05,77.35
2026-07-24,2537,51.24,59.61
2026-07-24,2538,67.07,75.1
2026-07-24,2539,84.27,87.02
2026-07-24,2540,89.25,91.11
2026-07-24,2542,60.4,64.01
2026-07-24,2543,67.39,71.85
2026-07-24,2545,73.93,76.45
2026-07-24,2546,58.78,62.09
2026-07-24,2547,62.95,69.93
2026-07-24,2548,39.86,51.01
2026-07-24,2553,11.09,18.85
2026-07-24,2566,0.0,0.0
2026-07-24,2569,74.73,83.38
2026-07-24,2572,57.57,83.39
2026-07-24,2591,0.0,0.0
2026-07-24,2592,82.1,90.43
2026-07-24,2596,61.79,72.37
2026-07-24,2597,78.13,81.48
2026-07-24,2599,51.72,65.96
2026-07-24,2601,26.36,31.63
2026-07-24,2603,66.55,71.42
2026-07-24,2605,49.85,54.32
2026-07-24,2606,72.95,75.44
2026-07-24,2607,70.41,77.18
2026-07-24,2608,71.91,76.73
2026-07-24,2609,53.48,56.39
2026-07-24,2610,69.52,72.4
2026-07-24,2611,43.38,47.71
2026-07-24,2612,69.41,73.46
2026-07-24,2613,49.47,56.09
2026-07-24,2614,43.03,47.52
2026-07-24,2615,83.52,86.06
2026-07-24,2616,41.0,44.74
2026-07-24,2617,58.41,62.94
2026-07-24,2618,77.07,80.2
2026-07-24,2622,0.0,0.0
2026-07-24,2626,0.0,0.0
2026-07-24,2630,62.33,65.3
2026-07-24,2633,84.67,86.5
2026-07-24,2634,48.82,50.99
2026-07-24,2636,34.84,40.41
2026-07-24,2637,77.86,82.78
2026-07-24,2639,99.01,99.01
2026-07-24,2640,58.31,73.54
2026-07-24,2641,23.6,28.52
2026-07-24,2642,60.38,60.38
2026-07-24,2643,58.79,63.97
2026-07-24,2644,74.65,79.98
2026-07-24,2645,81.88,85.27
2026-07-24,2646,63.63,65.33
2026-07-24,2701,84.49,86.32
2026-07-24,2702,72.53,73.69
2026-07-24,2704,83.37,88.42
2026-07-24,2705,59.75,66.33
2026-07-24,2706,81.63,85.4
2026-07-24,2707,54.75,61.12
2026-07-24,2712,86.86,90.8
2026-07-24,2714,0.0,0.0
2026-07-24,2717,0.0,0.0
2026-07-24,2718,88.24,88.24
2026-07-24,2719,89.53,91.02
2026-07-24,2720,48.9,61.03
2026-07-24,2722,82.43,87.18
2026-07-24,2723,61.62,68.06
2026-07-24,2724,79.45,83.61
2026-07-24,2726,49.73,65.38
2026-07-24,2727,16.14,36.56
2026-07-24,2729,57.11,66.63
2026-07-24,2730,86.67,86.67
2026-07-24,2731,33.73,42.94
2026-07-24,2732,53.58,58.8
2026-07-24,2733,75.36,77.51
2026-07-24,2734,31.34,37.56
2026-07-24,2735,0.0,0.0
2026-07-24,2736,46.33,55.95
2026-07-24,2738,94.86,97.88
2026-07-24,2739,68.0,73.56
2026-07-24,2740,72.53,72.53
2026-07-24,2741,53.75,67.41
2026-07-24,2743,50.27,52.86
2026-07-24,2745,51.28,52.8
2026-07-24,2748,58.44,61.32
2026-07-24,2749,33.27,75.15
2026-07-24,2750,88.06,98.53
2026-07-24,2751,60.37,60.37
2026-07-24,2752,40.7,63.69
2026-07-24,2753,43.54,54.61
2026-07-24,2754,66.51,73.07
2026-07-24,2755,59.36,63.52
2026-07-24,2756,53.58,73.09
2026-07-24,2758,46.27,73.57
2026-07-24,2759,100.0,100.0
2026-07-24,2760,84.01,88.34
2026-07-24,2761,46.15,57.71
2026-07-24,2762,80.91,86.33
2026-07-24,2801,73.96,77.63
2026-07-24,2807,0.0,0.0
2026-07-24,2811,26.32,34.44
2026-07-24,2812,54.13,59.3
2026-07-24,2816,74.81,79.76
2026-07-24,2820,62.18,66.03
2026-07-24,2825,0.0,5.68
2026-07-24,2827,29.69,36.74
2026-07-24,2831,57.18,62.04
2026-07-24,2832,62.55,69.48
2026-07-24,2834,55.64,61.2
2026-07-24,2836,82.86,85.73
2026-07-24,2838,88.76,90.6
2026-07-24,2841,50.11,57.39
2026-07-24,2845,70.05,74.96
2026-07-24,2849,98.0,98.43
2026-07-24,2850,57.34,67.9
2026-07-24,2851,65.89,70.84
2026-07-24,2852,53.53,65.85
2026-07-24,2855,70.72,75.68
2026-07-24,2867,82.89,86.18
2026-07-24,2880,79.28,81.71
2026-07-24,2881,84.17,86.38
2026-07-24,2882,83.13,85.56
2026-07-24,2883,64.18,68.07
2026-07-24,2884,68.66,73.08
2026-07-24,2885,80.23,82.83
2026-07-24,2886,81.78,83.25
2026-07-24,2887,70.68,74.78
2026-07-24,2889,71.0,73.64
2026-07-24,2890,77.54,80.75
2026-07-24,2891,78.88,81.73
2026-07-24,2892,67.65,71.56
2026-07-24,2897,81.23,85.56
2026-07-24,2901,71.61,79.16
2026-07-24,2902,36.63,47.66
2026-07-24,2903,76.68,79.91
2026-07-24,2904,50.17,54.23
2026-07-24,2905,80.56,84.07
2026-07-24,2906,59.05,64.68
2026-07-24,2908,89.7,92.16
2026-07-24,2910,92.94,96.6
2026-07-24,2911,41.0,46.06
2026-07-24,2912,80.64,85.11
2026-07-24,2913,49.67,57.15
2026-07-24,2915,63.18,69.03
2026-07-24,2916,51.01,58.87
2026-07-24,2920,35.75,35.75
2026-07-24,2923,99.39,99.51
2026-07-24,2924,84.08,89.58
2026-07-24,2926,64.93,74.5
2026-07-24,2929,24.92,31.01
2026-07-24,2936,98.55,99.51
2026-07-24,2937,71.58,84.55
2026-07-24,2938,78.35,80.43
2026-07-24,2939,58.12,75.96
2026-07-24,2940,12.9,56.44
2026-07-24,2941,20.62,66.47
2026-07-24,2942,88.06,90.71
2026-07-24,2945,83.48,83.48
2026-07-24,2947,55.2,63.31
2026-07-24,2948,69.02,80.35
2026-07-24,2949,63.88,81.77
2026-07-24,3001,10.74,19.48
2026-07-24,3002,59.21,64.96
2026-07-24,3003,51.27,58.23
2026-07-24,3004,47.75,58.74
2026-07-24,3005,67.5,72.32
2026-07-24,3006,44.53,53.7
2026-07-24,3008,36.6,54.14
2026-07-24,3010,52.29,62.4
2026-07-24,3011,28.31,35.87
2026-07-24,3013,39.19,44.27
2026-07-24,3014,21.72,32.32
2026-07-24,3015,54.58,62.94
2026-07-24,3016,67.19,71.02
2026-07-24,3017,52.94,65.81
2026-07-24,3018,62.19,64.28
2026-07-24,3019,31.57,38.28
2026-07-24,3020,99.45,99.45
2026-07-24,3021,65.24,70.95
2026-07-24,3022,56.62,64.16
2026-07-24,3023,54.7,68.49
2026-07-24,3024,35.82,48.82
2026-07-24,3025,12.38,23.55
2026-07-24,3026,42.86,58.78
2026-07-24,3027,33.95,42.49
2026-07-24,3028,40.39,45.05
2026-07-24,3029,35.2,40.54
2026-07-24,3030,51.07,57.11
2026-07-24,3031,58.14,60.02
2026-07-24,3032,44.22,52.12
2026-07-24,3033,36.14,43.88
2026-07-24,3034,58.7,70.78
2026-07-24,3035,24.96,31.14
2026-07-24,3036,80.61,85.36
2026-07-24,3037,67.3,74.81
2026-07-24,3038,33.24,42.21
2026-07-24,3039,17.62,33.19
2026-07-24,3040,64.42,68.79
2026-07-24,3041,22.79,25.72
2026-07-24,3042,46.2,55.21
2026-07-24,3043,14.4,20.12
2026-07-24,3044,70.03,79.43
2026-07-24,3045,90.14,92.44
2026-07-24,3046,45.4,53.19
2026-07-24,3047,15.46,20.15
2026-07-24,3048,45.02,51.32
2026-07-24,3049,43.06,46.82
2026-07-24,3050,42.21,51.2
2026-07-24,3051,24.99,33.23
2026-07-24,3052,47.82,56.89
2026-07-24,3053,27.94,54.35
2026-07-24,3054,85.16,87.86
2026-07-24,3055,63.58,70.43
2026-07-24,3056,25.99,32.29
2026-07-24,3057,32.55,34.07
2026-07-24,3058,15.56,22.32
2026-07-24,3059,19.72,24.69
2026-07-24,3060,17.14,23.27
2026-07-24,3062,15.89,23.19
2026-07-24,3064,60.15,63.47
2026-07-24,3065,78.84,83.6
2026-07-24,3066,67.73,72.4
2026-07-24,3067,63.63,71.34
2026-07-24,3069,35.56,35.56
2026-07-24,3070,18.25,51.25
2026-07-24,3071,55.12,58.54
2026-07-24,3072,0.0,0.0
2026-07-24,3073,37.71,55.15
2026-07-24,3075,70.68,70.68
2026-07-24,3076,53.02,53.02
2026-07-24,3077,0.0,0.0
2026-07-24,3078,29.03,37.2
2026-07-24,3079,19.24,32.01
2026-07-24,3081,37.24,47.12
2026-07-24,3082,0.0,0.0
2026-07-24,3083,53.1,56.21
2026-07-24,3084,0.0,0.0
2026-07-24,3085,87.92,89.64
2026-07-24,3086,83.13,85.54
2026-07-24,3087,97.94,97.94
2026-07-24,3088,40.5,51.67
2026-07-24,3090,61.76,68.49
2026-07-24,3091,0.0,0.0
2026-07-24,3092,30.18,37.63
2026-07-24,3093,70.77,76.04
2026-07-24,3094,11.44,14.73
2026-07-24,3095,14.01,33.08
2026-07-24,3096,38.46,50.0
2026-07-24,3097,81.35,86.93
2026-07-24,3098,0.0,0.0
2026-07-24,3099,23.16,37.57
2026-07-24,3105,46.22,52.16
2026-07-24,3114,41.12,52.45
2026-07-24,3115,85.38,86.25
2026-07-24,3116,83.52,83.52
2026-07-24,3117,47.26,56.68
2026-07-24,3118,15.06,37.07
2026-07-24,3122,15.92,26.82
2026-07-24,3126,31.82,44.04
2026-07-24,3128,23.82,30.1
2026-07-24,3130,54.01,57.09
2026-07-24,3131,37.05,48.43
2026-07-24,3133,46.91,63.27
2026-07-24,3135,43.06,50.56
2026-07-24,3137,0.0,0.0
2026-07-24,3138,18.98,27.99
2026-07-24,3141,5.21,15.95
2026-07-24,3142,38.71,51.24
2026-07-24,3146,0.0,0.0
2026-07-24,3147,50.04,57.47
2026-07-24,3149,16.59,21.92
2026-07-24,3150,46.27,53.96
2026-07-24,3151,26.17,45.63
2026-07-24,3152,28.11,43.63
2026-07-24,3158,23.39,37.39
2026-07-24,3159,20.39,28.6
2026-07-24,3161,82.62,94.26
2026-07-24,3162,56.48,61.22
2026-07-24,3163,22.24,34.36
2026-07-24,3164,39.98,55.1
2026-07-24,3166,94.66,96.38
2026-07-24,3167,46.94,58.66
2026-07-24,3168,66.82,75.32
2026-07-24,3169,30.18,36.56
2026-07-24,3171,71.98,76.93
2026-07-24,3176,28.67,34.34
2026-07-24,3177,60.61,75.01
2026-07-24,3178,61.31,65.81
2026-07-24,3179,16.07,30.35
2026-07-24,3184,50.15,58.17
2026-07-24,3185,0.0,0.0
2026-07-24,3186,77.49,77.49
2026-07-24,3188,68.43,75.6
2026-07-24,3189,66.72,73.07
2026-07-24,3190,71.03,74.69
2026-07-24,3191,46.94,53.68
2026-07-24,3192,0.0,0.0
2026-07-24,3193,0.0,0.0
2026-07-24,3194,100.0,100.0
2026-07-24,3196,0.0,0.0
2026-07-24,3202,19.46,24.59
2026-07-24,3205,61.71,66.33
2026-07-24,3206,42.65,54.47
2026-07-24,3207,22.89,40.24
2026-07-24,3208,46.49,46.49
2026-07-24,3209,37.87,47.08
2026-07-24,3211,40.68,53.56
2026-07-24,3212,0.0,0.0
2026-07-24,3213,16.7,30.32
2026-07-24,3216,0.0,0.0
2026-07-24,3217,30.18,45.92
2026-07-24,3218,50.37,56.67
2026-07-24,3219,77.2,81.28
2026-07-24,3221,9.49,23.93
2026-07-24,3222,0.0,0.0
2026-07-24,3223,0.0,0.0
2026-07-24,3224,63.45,71.85
2026-07-24,3226,70.05,86.59
2026-07-24,3227,29.3,41.02
2026-07-24,3228,19.68,24.4
2026-07-24,3229,69.03,70.27
2026-07-24,3230,45.28,52.41
2026-07-24,3231,60.75,64.63
2026-07-24,3232,43.71,58.08
2026-07-24,3233,0.0,0.0
2026-07-24,3234,20.96,31.71
2026-07-24,3236,26.26,31.92
2026-07-24,3237,0.0,0.0
2026-07-24,3239,0.0,94.47
2026-07-24,3240,99.94,99.94
2026-07-24,3252,68.03,79.02
2026-07-24,3257,37.1,43.78
2026-07-24,3258,7.57,10.18
2026-07-24,3259,62.69,70.39
2026-07-24,3260,25.08,30.52
2026-07-24,3264,64.52,71.07
2026-07-24,3265,57.5,64.96
2026-07-24,3266,89.13,90.45
2026-07-24,3267,26.87,29.55
2026-07-24,3268,28.42,32.83
2026-07-24,3272,45.87,50.7
2026-07-24,3274,0.0,74.43
2026-07-24,3276,51.97,58.91
2026-07-24,3278,0.0,0.0
2026-07-24,3279,0.0,0.0
2026-07-24,3280,100.0,100.0
2026-07-24,3283,15.08,49.5
2026-07-24,3284,66.47,69.5
2026-07-24,3285,51.41,64.85
2026-07-24,3286,0.0,0.0
2026-07-24,3287,48.76,58.51
2026-07-24,3288,36.75,48.2
2026-07-24,3289,13.07,26.63
2026-07-24,3290,44.68,56.57
2026-07-24,3293,45.01,54.52
2026-07-24,3294,47.07,52.31
2026-07-24,3295,0.0,0.0
2026-07-24,3296,71.52,77.02
2026-07-24,3297,36.6,50.45
2026-07-24,3301,70.3,79.23
2026-07-24,3302,0.0,0.0
2026-07-24,3303,36.43,47.69
2026-07-24,3304,9.88,33.55
2026-07-24,3305,38.83,45.27
2026-07-24,3306,43.14,47.77
2026-07-24,3308,58.86,61.62
2026-07-24,3309,53.91,77.1
2026-07-24,3310,69.87,82.22
2026-07-24,3311,50.43,56.69
2026-07-24,3312,42.47,45.1
2026-07-24,3313,74.31,76.22
2026-07-24,3317,22.88,29.8
2026-07-24,3318,41.84,56.8
2026-07-24,3320,0.0,0.0
2026-07-24,3321,37.54,48.05
2026-07-24,3322,30.53,36.03
2026-07-24,3323,15.54,21.87
2026-07-24,3324,29.21,44.08
2026-07-24,3325,14.75,30.41
2026-07-24,3328,0.0,74.85
2026-07-24,3330,0.0,0.0
2026-07-24,3332,77.9,86.9
2026-07-24,3333,0.0,0.0
2026-07-24,3334,89.35,91.54
2026-07-24,3338,23.8,31.07
2026-07-24,3339,16.61,25.45
2026-07-24,3342,33.08,53.13
2026-07-24,3343,39.28,44.65
2026-07-24,3344,0.0,32.65
2026-07-24,3345,93.93,95.55
2026-07-24,3346,20.5,26.18
2026-07-24,3348,0.0,19.86
2026-07-24,3349,22.25,47.38
2026-07-24,3350,0.0,13.98
2026-07-24,3353,0.0,0.0
2026-07-24,3354,70.67,72.4
2026-07-24,3355,0.0,0.0
2026-07-24,3356,27.48,33.23
2026-07-24,3357,42.41,58.21
2026-07-24,3360,16.99,22.4
2026-07-24,3361,68.18,81.55
2026-07-24,3362,48.78,59.32
2026-07-24,3363,30.44,41.59
2026-07-24,3364,0.0,0.0
2026-07-24,3366,0.0,0.0
2026-07-24,3369,54.38,56.18
2026-07-24,3370,0.0,0.0
2026-07-24,3371,78.3,78.3
2026-07-24,3372,50.82,54.37
2026-07-24,3373,24.87,26.25
2026-07-24,3374,62.35,65.66
2026-07-24,3376,32.06,44.29
2026-07-24,3377,35.71,64.25
2026-07-24,3379,24.78,28.75
2026-07-24,3380,63.99,66.27
2026-07-24,3381,0.0,0.0
2026-07-24,3383,38.5,48.43
2026-07-24,3386,100.0,100.0
2026-07-24,3388,31.0,40.2
2026-07-24,3390,17.95,31.52
2026-07-24,3391,51.03,66.03
2026-07-24,3394,0.0,0.0
2026-07-24,3397,0.0,0.0
2026-07-24,3401,0.0,0.0
2026-07-24,3402,24.52,32.11
2026-07-24,3404,0.0,0.0
2026-07-24,3406,37.15,54.44
2026-07-24,3408,0.0,0.0
2026-07-24,3412,84.95,84.95
2026-07-24,3413,43.4,51.05
2026-07-24,3414,0.0,0.0
2026-07-24,3416,51.45,57.22
2026-07-24,3419,23.79,31.46
2026-07-24,3426,48.61,63.05
2026-07-24,3430,33.47,33.47
2026-07-24,3431,46.69,51.3
2026-07-24,3432,58.48,66.5
2026-07-24,3434,30.21,46.6
2026-07-24,3437,20.12,24.0
2026-07-24,3438,43.53,45.12
2026-07-24,3441,17.62,26.91
2026-07-24,3443,53.03,64.14
2026-07-24,3444,38.2,48.89
2026-07-24,3447,51.2,58.92
2026-07-24,3450,34.18,46.91
2026-07-24,3455,12.97,30.11
2026-07-24,3462,100.0,100.0
2026-07-24,3463,100.0,100.0
2026-07-24,3465,54.67,66.0
2026-07-24,3466,34.1,46.3
2026-07-24,3467,55.7,62.46
2026-07-24,3469,42.15,63.92
2026-07-24,3471,25.6,45.04
2026-07-24,3472,43.84,57.36
2026-07-24,3473,68.34,76.68
2026-07-24,3475,0.0,0.0
2026-07-24,3479,30.51,41.67
2026-07-24,3481,34.51,39.19
2026-07-24,3482,16.87,44.4
2026-07-24,3483,12.9,22.09
2026-07-24,3484,22.44,31.24
2026-07-24,3485,33.53,52.42
2026-07-24,3489,66.59,73.35
2026-07-24,3490,12.07,15.93
2026-07-24,3491,15.54,34.28
2026-07-24,3492,44.69,47.32
2026-07-24,3494,56.46,61.38
2026-07-24,3496,70.52,79.75
2026-07-24,3497,23.86,33.29
2026-07-24,3498,39.82,48.41
2026-07-24,3499,41.74,43.31
2026-07-24,3501,42.49,47.89
2026-07-24,3502,12.4,34.17
2026-07-24,3504,60.24,64.83
2026-07-24,3505,87.89,87.89
2026-07-24,3506,0.0,19.83
2026-07-24,3507,75.26,87.08
2026-07-24,3508,34.26,43.86
2026-07-24,3511,51.13,54.18
2026-07-24,3512,64.01,72.06
2026-07-24,3513,51.88,97.03
2026-07-24,3515,64.31,69.96
2026-07-24,3516,69.43,77.05
2026-07-24,3517,0.0,13.88
2026-07-24,3518,26.35,36.57
2026-07-24,3519,46.34,50.72
2026-07-24,3520,28.63,37.73
2026-07-24,3521,78.72,81.54
2026-07-24,3522,50.24,56.86
2026-07-24,3523,78.36,83.37
2026-07-24,3524,39.39,66.46
2026-07-24,3526,31.43,46.63
2026-07-24,3527,20.06,26.66
2026-07-24,3528,62.75,69.21
2026-07-24,3529,30.99,50.29
2026-07-24,3530,53.68,57.35
2026-07-24,3531,60.77,80.34
2026-07-24,3532,86.74,90.01
2026-07-24,3533,44.99,63.94
2026-07-24,3535,23.13,26.16
2026-07-24,3536,65.11,67.89
2026-07-24,3537,23.54,29.34
2026-07-24,3540,23.32,26.86
2026-07-24,3541,24.84,35.8
2026-07-24,3542,0.0,0.0
2026-07-24,3543,32.25,47.57
2026-07-24,3544,0.0,0.0
2026-07-24,3545,17.84,23.81
2026-07-24,3546,23.07,33.66
2026-07-24,3548,22.97,33.55
2026-07-24,3549,0.0,0.0
2026-07-24,3550,34.09,45.14
2026-07-24,3551,34.23,51.4
2026-07-24,3552,32.42,37.51
2026-07-24,3554,87.29,87.29
2026-07-24,3555,77.74,80.48
2026-07-24,3556,13.67,15.82
2026-07-24,3557,53.32,60.55
2026-07-24,3558,47.07,51.03
2026-07-24,3560,59.92,74.02
2026-07-24,3563,36.66,48.97
2026-07-24,3564,60.06,60.06
2026-07-24,3566,60.69,73.96
2026-07-24,3567,7.93,18.59
2026-07-24,3568,46.7,72.35
2026-07-24,3570,45.21,53.92
2026-07-24,3571,0.0,0.0
2026-07-24,3572,25.66,40.53
2026-07-24,3574,0.0,67.92
2026-07-24,3576,34.61,38.96
2026-07-24,3577,50.03,67.22
2026-07-24,3579,65.74,74.12
2026-07-24,3580,7.13,10.77
2026-07-24,3581,48.53,59.94
2026-07-24,3583,51.74,61.18
2026-07-24,3584,18.19,25.22
2026-07-24,3585,34.96,40.35
2026-07-24,3586,0.0,51.29
2026-07-24,3587,21.81,32.58
2026-07-24,3588,18.5,28.61
2026-07-24,3591,47.53,54.43
2026-07-24,3592,24.21,36.31
2026-07-24,3593,50.01,64.17
2026-07-24,3594,42.27,54.43
2026-07-24,3595,26.31,31.89
2026-07-24,3596,62.63,74.97
2026-07-24,3597,56.92,64.34
2026-07-24,3601,40.76,52.62
2026-07-24,3603,64.91,70.95
2026-07-24,3604,0.0,0.0
2026-07-24,3605,50.54,55.9
2026-07-24,3606,43.23,77.4
2026-07-24,3607,21.28,32.35
2026-07-24,3609,31.94,53.61
2026-07-24,3610,76.71,79.65
2026-07-24,3611,46.79,58.21
2026-07-24,3613,50.87,66.67
2026-07-24,3615,23.13,29.17
2026-07-24,3616,26.06,42.55
2026-07-24,3617,53.74,66.85
2026-07-24,3619,15.73,27.79
2026-07-24,3622,53.69,58.89
2026-07-24,3623,48.24,51.89
2026-07-24,3624,54.75,59.26
2026-07-24,3625,37.33,44.88
2026-07-24,3627,50.03,56.06
2026-07-24,3628,56.02,59.15
2026-07-24,3629,84.01,86.89
2026-07-24,3630,51.09,53.89
2026-07-24,3631,74.99,80.5
2026-07-24,3632,15.58,17.2
2026-07-24,3633,46.15,60.67
2026-07-24,3634,72.48,82.97
2026-07-24,3635,0.0,0.0
2026-07-24,3636,87.18,87.18
2026-07-24,3637,71.3,77.46
2026-07-24,3642,49.5,63.39
2026-07-24,3643,97.95,97.95
2026-07-24,3644,70.04,79.09
2026-07-24,3645,36.25,44.53
2026-07-24,3646,19.94,48.9
2026-07-24,3647,0.0,0.0
2026-07-24,3649,0.0,36.51
2026-07-24,3651,89.61,95.9
2026-07-24,3652,67.71,72.05
2026-07-24,3653,62.06,70.52
2026-07-24,3656,75.19,77.46
2026-07-24,3657,86.89,97.29
2026-07-24,3659,80.83,87.46
2026-07-24,3661,17.19,36.2
2026-07-24,3662,48.89,53.41
2026-07-24,3663,63.47,65.02
2026-07-24,3664,66.9,68.67
2026-07-24,3665,43.84,60.74
2026-07-24,3666,80.04,83.17
2026-07-24,3669,54.68,59.03
2026-07-24,3671,72.48,87.86
2026-07-24,3672,40.12,55.85
2026-07-24,3673,35.24,41.26
2026-07-24,3674,65.86,71.06
2026-07-24,3675,57.36,59.99
2026-07-24,3678,35.52,52.13
2026-07-24,3679,54.01,65.87
2026-07-24,3680,39.41,55.04
2026-07-24,3681,94.39,95.08
2026-07-24,3683,100.0,100.0
2026-07-24,3684,53.11,61.11
2026-07-24,3685,44.74,61.07
2026-07-24,3686,16.64,21.63
2026-07-24,3687,32.52,37.33
2026-07-24,3688,65.63,67.87
2026-07-24,3689,16.52,28.81
2026-07-24,3690,83.95,89.17
2026-07-24,3691,53.42,57.24
2026-07-24,3693,33.58,43.06
2026-07-24,3694,54.96,60.21
2026-07-24,3701,70.77,73.43
2026-07-24,3702,79.34,84.53
2026-07-24,3703,68.44,72.59
2026-07-24,3704,60.3,66.89
2026-07-24,3705,61.43,68.74
2026-07-24,3706,50.78,54.09
2026-07-24,3707,42.22,44.88
2026-07-24,3708,40.3,49.14
2026-07-24,3709,67.56,72.3
2026-07-24,3710,21.93,32.21
2026-07-24,3711,81.55,86.92
2026-07-24,3712,55.47,57.39
2026-07-24,3713,43.84,56.28
2026-07-24,3714,36.08,41.89
2026-07-24,3715,21.11,29.38
2026-07-24,3716,46.54,52.93
2026-07-24,3717,29.26,37.31
2026-07-24,4102,33.52,46.38
2026-07-24,4104,40.06,45.42
2026-07-24,4105,39.5,48.85
2026-07-24,4106,45.93,50.6
2026-07-24,4107,51.99,61.82
2026-07-24,4108,23.57,29.64
2026-07-24,4109,35.82,43.6
2026-07-24,4111,32.46,43.71
2026-07-24,4113,63.0,74.58
2026-07-24,4114,36.65,43.01
2026-07-24,4115,69.51,75.73
2026-07-24,4116,54.95,54.95
2026-07-24,4117,37.83,54.19
2026-07-24,4118,90.11,90.11
2026-07-24,4119,44.15,46.73
2026-07-24,4120,63.84,70.72
2026-07-24,4121,44.31,50.12
2026-07-24,4123,50.77,57.77
2026-07-24,4125,0.0,0.0
2026-07-24,4126,53.59,62.94
2026-07-24,4127,61.35,75.15
2026-07-24,4128,39.75,43.87
2026-07-24,4129,48.65,59.06
2026-07-24,4131,72.24,76.11
2026-07-24,4132,38.33,46.63
2026-07-24,4133,18.53,23.53
2026-07-24,4135,44.13,65.43
2026-07-24,4136,97.87,99.3
2026-07-24,4137,45.35,53.59
2026-07-24,4138,51.42,51.42
2026-07-24,4139,48.02,68.03
2026-07-24,4140,0.0,0.0
2026-07-24,4142,31.75,39.72
2026-07-24,4147,43.75,52.48
2026-07-24,4148,78.16,79.57
2026-07-24,4150,27.1,42.04
2026-07-24,4151,71.12,78.35
2026-07-24,4153,71.94,76.48
2026-07-24,4154,67.1,76.54
2026-07-24,4155,34.87,45.67
2026-07-24,4156,67.51,71.87
2026-07-24,4157,52.14,59.0
2026-07-24,4160,25.36,29.63
2026-07-24,4161,26.83,44.28
2026-07-24,4162,40.19,45.66
2026-07-24,4163,62.57,70.45
2026-07-24,4164,41.65,50.85
2026-07-24,4166,79.18,82.61
2026-07-24,4167,33.95,42.39
2026-07-24,4168,20.1,27.25
2026-07-24,4169,45.83,53.71
2026-07-24,4170,45.12,58.35
2026-07-24,4171,27.67,33.43
2026-07-24,4172,30.03,39.36
2026-07-24,4173,40.0,44.18
2026-07-24,4174,35.57,41.89
2026-07-24,4175,54.98,56.05
2026-07-24,4177,48.19,59.03
2026-07-24,4178,72.42,77.58
2026-07-24,4181,0.0,0.0
2026-07-24,4183,42.8,62.23
2026-07-24,4184,92.03,92.03
2026-07-24,4186,27.08,45.75
2026-07-24,4188,47.92,54.31
2026-07-24,4190,62.54,66.25
2026-07-24,4191,48.78,63.05
2026-07-24,4192,66.6,68.16
2026-07-24,4193,33.69,49.22
2026-07-24,4194,73.12,76.68
2026-07-24,4195,30.21,37.68
2026-07-24,4197,40.26,65.75
2026-07-24,4198,77.37,81.43
2026-07-24,4205,58.94,66.37
2026-07-24,4207,63.69,73.06
2026-07-24,4303,13.7,19.42
2026-07-24,4304,74.64,81.93
2026-07-24,4305,74.81,84.73
2026-07-24,4306,51.93,57.33
2026-07-24,4401,46.89,62.2
2026-07-24,4402,60.73,65.83
2026-07-24,4404,26.9,35.73
2026-07-24,4406,60.57,75.91
2026-07-24,4408,30.37,35.74
2026-07-24,4413,52.61,69.31
2026-07-24,4414,56.65,63.79
2026-07-24,4415,76.68,85.04
2026-07-24,4416,61.35,73.53
2026-07-24,4417,37.07,46.22
2026-07-24,4419,95.08,96.84
2026-07-24,4420,54.11,59.09
2026-07-24,4424,62.31,66.58
2026-07-24,4426,54.12,61.97
2026-07-24,4427,78.71,87.41
2026-07-24,4430,53.29,64.05
2026-07-24,4431,62.51,67.9
2026-07-24,4432,45.45,55.23
2026-07-24,4433,52.24,57.06
2026-07-24,4438,50.12,66.47
2026-07-24,4439,69.7,78.41
2026-07-24,4440,27.78,56.55
2026-07-24,4441,58.95,72.08
2026-07-24,4442,42.78,78.49
2026-07-24,4502,56.32,69.42
2026-07-24,4503,59.81,64.28
2026-07-24,4506,74.19,80.52
2026-07-24,4510,29.65,36.07
2026-07-24,4513,52.46,57.03
2026-07-24,4522,100.0,100.0
2026-07-24,4523,51.81,59.62
2026-07-24,4526,42.3,50.14
2026-07-24,4527,61.69,66.7
2026-07-24,4528,60.34,62.86
2026-07-24,4529,52.78,58.73
2026-07-24,4530,64.46,72.78
2026-07-24,4532,65.48,70.32
2026-07-24,4533,23.95,29.28
2026-07-24,4534,32.74,42.16
2026-07-24,4535,69.66,77.42
2026-07-24,4536,37.17,56.62
2026-07-24,4537,76.98,82.0
2026-07-24,4538,71.59,80.42
2026-07-24,4540,25.51,31.08
2026-07-24,4541,26.86,41.21
2026-07-24,4542,21.02,52.98
2026-07-24,4543,42.2,46.54
2026-07-24,4544,49.87,67.48
2026-07-24,4545,69.31,72.82
2026-07-24,4546,55.66,63.32
2026-07-24,4547,72.34,84.76
2026-07-24,4548,100.0,100.0
2026-07-24,4549,58.74,62.51
2026-07-24,4550,49.03,55.78
2026-07-24,4551,75.65,81.36
2026-07-24,4552,44.52,50.88
2026-07-24,4553,76.99,86.95
2026-07-24,4554,50.62,52.18
2026-07-24,4555,65.67,71.35
2026-07-24,4556,70.51,74.87
2026-07-24,4557,28.54,43.93
2026-07-24,4558,50.19,73.0
2026-07-24,4559,79.9,87.93
2026-07-24,4560,83.73,86.45
2026-07-24,4561,52.07,58.23
2026-07-24,4562,49.93,52.05
2026-07-24,4563,49.6,54.26
2026-07-24,4564,34.51,40.95
2026-07-24,4565,66.05,79.92
2026-07-24,4566,48.44,53.08
2026-07-24,4568,61.91,68.34
2026-07-24,4569,52.36,66.34
2026-07-24,4570,87.54,95.01
2026-07-24,4571,55.61,66.25
2026-07-24,4572,61.89,64.17
2026-07-24,4573,28.38,41.81
2026-07-24,4575,53.76,68.76
2026-07-24,4576,59.38,65.55
2026-07-24,4577,55.74,60.31
2026-07-24,4578,92.28,97.0
2026-07-24,4580,35.66,49.37
2026-07-24,4581,46.35,62.95
2026-07-24,4582,45.32,56.31
2026-07-24,4583,81.82,86.88
2026-07-24,4584,69.26,80.09
2026-07-24,4585,75.39,75.94
2026-07-24,4587,88.23,88.23
2026-07-24,4588,37.45,50.32
2026-07-24,4589,45.23,70.29
2026-07-24,4590,35.82,49.11
2026-07-24,4609,64.56,76.2
2026-07-24,4702,46.49,51.06
2026-07-24,4703,22.6,26.15
2026-07-24,4706,77.25,82.05
2026-07-24,4707,65.97,71.48
2026-07-24,4711,53.42,60.0
2026-07-24,4712,43.69,45.99
2026-07-24,4714,22.02,28.75
2026-07-24,4716,27.48,36.43
2026-07-24,4717,0.0,0.0
2026-07-24,4720,34.42,38.23
2026-07-24,4721,28.03,35.15
2026-07-24,4722,45.65,59.68
2026-07-24,4724,46.36,59.03
2026-07-24,4726,50.27,57.9
2026-07-24,4727,0.0,18.79
2026-07-24,4728,65.91,84.5
2026-07-24,4729,46.44,50.87
2026-07-24,4730,57.91,69.84
2026-07-24,4732,46.57,66.57
2026-07-24,4734,0.0,14.95
2026-07-24,4735,42.93,53.36
2026-07-24,4736,44.86,51.03
2026-07-24,4737,48.89,62.04
2026-07-24,4738,54.05,58.45
2026-07-24,4739,31.37,40.97
2026-07-24,4741,40.07,46.08
2026-07-24,4743,42.08,46.39
2026-07-24,4744,35.2,51.69
2026-07-24,4745,56.71,65.01
2026-07-24,4746,31.82,42.97
2026-07-24,4747,50.36,65.12
2026-07-24,4749,23.69,34.03
2026-07-24,4752,86.99,89.58
2026-07-24,4754,28.46,36.69
2026-07-24,4755,64.81,68.97
2026-07-24,4758,84.79,92.13
2026-07-24,4760,34.78,36.49
2026-07-24,4762,97.29,99.67
2026-07-24,4763,56.47,60.44
2026-07-24,4764,66.6,77.13
2026-07-24,4765,39.21,55.11
2026-07-24,4766,62.06,69.3
2026-07-24,4767,46.9,64.07
2026-07-24,4768,19.49,34.28
2026-07-24,4769,100.0,100.0
2026-07-24,4770,59.56,64.82
2026-07-24,4771,45.5,60.66
2026-07-24,4772,41.73,49.14
2026-07-24,4773,92.29,94.99
2026-07-24,4801,97.82,98.7
2026-07-24,4802,85.36,87.92
2026-07-24,4803,55.13,57.43
2026-07-24,4804,54.88,62.0
2026-07-24,4805,0.0,0.0
2026-07-24,4806,85.88,88.9
2026-07-24,4807,63.32,68.23
2026-07-24,4903,36.69,42.64
2026-07-24,4904,90.93,93.54
2026-07-24,4905,63.71,81.67
2026-07-24,4906,22.72,29.15
2026-07-24,4907,83.76,84.96
2026-07-24,4908,44.3,54.06
2026-07-24,4909,22.95,26.52
2026-07-24,4911,46.73,57.57
2026-07-24,4912,36.97,50.8
2026-07-24,4913,0.0,25.75
2026-07-24,4914,61.66,77.04
2026-07-24,4915,54.92,63.5
2026-07-24,4916,23.05,28.67
2026-07-24,4917,93.2,97.57
2026-07-24,4919,58.65,62.49
2026-07-24,4920,86.74,93.69
2026-07-24,4922,11.8,25.44
2026-07-24,4923,23.32,37.44
2026-07-24,4924,53.91,70.84
2026-07-24,4925,30.87,48.42
2026-07-24,4927,15.11,24.34
2026-07-24,4929,0.0,0.0
2026-07-24,4930,58.68,63.67
2026-07-24,4931,13.52,30.0
2026-07-24,4932,0.0,0.0
2026-07-24,4933,59.71,63.32
2026-07-24,4934,29.94,35.06
2026-07-24,4935,56.88,62.75
2026-07-24,4938,73.82,78.16
2026-07-24,4939,25.42,35.13
2026-07-24,4942,54.57,62.58
2026-07-24,4943,53.36,63.97
2026-07-24,4946,42.58,42.58
2026-07-24,4949,41.07,52.73
2026-07-24,4950,68.13,72.81
2026-07-24,4951,4.48,19.91
2026-07-24,4952,47.79,52.77
2026-07-24,4953,37.74,47.53
2026-07-24,4956,32.22,36.9
2026-07-24,4958,65.94,72.76
2026-07-24,4960,57.34,62.17
2026-07-24,4961,35.08,44.6
2026-07-24,4962,99.89,99.89
2026-07-24,4963,82.03,83.64
2026-07-24,4965,100.0,100.0
2026-07-24,4966,20.08,35.65
2026-07-24,4967,10.72,20.6
2026-07-24,4968,10.49,17.43
2026-07-24,4969,44.91,55.64
2026-07-24,4971,22.08,46.7
2026-07-24,4972,36.43,49.58
2026-07-24,4973,15.7,24.62
2026-07-24,4974,39.73,41.71
2026-07-24,4975,95.92,96.31
2026-07-24,4976,25.06,29.0
2026-07-24,4977,10.73,22.09
2026-07-24,4978,82.32,82.32
2026-07-24,4979,25.98,39.79
2026-07-24,4980,50.4,58.12
2026-07-24,4985,100.0,100.0
2026-07-24,4989,14.72,22.94
2026-07-24,4990,43.96,53.4
2026-07-24,4991,42.54,54.42
2026-07-24,4992,76.89,82.08
2026-07-24,4994,79.0,86.11
2026-07-24,4995,51.6,67.66
2026-07-24,4996,65.91,77.8
2026-07-24,4997,17.41,42.96
2026-07-24,4999,27.29,41.14
2026-07-24,5006,7.79,10.2
2026-07-24,5007,84.58,87.67
2026-07-24,5009,44.06,48.58
2026-07-24,5011,37.91,49.81
2026-07-24,5013,80.89,87.3
2026-07-24,5014,27.4,37.78
2026-07-24,5015,42.13,51.93
2026-07-24,5016,59.95,65.97
2026-07-24,5017,0.0,0.0
2026-07-24,5201,33.86,57.08
2026-07-24,5202,48.77,53.12
2026-07-24,5203,34.82,45.69
2026-07-24,5204,18.82,18.82
2026-07-24,5205,71.26,74.44
2026-07-24,5206,80.19,85.15
2026-07-24,5207,14.82,38.6
2026-07-24,5209,53.48,55.52
2026-07-24,5210,38.94,46.6
2026-07-24,5211,40.88,47.96
2026-07-24,5212,66.98,79.65
2026-07-24,5213,84.32,86.24
2026-07-24,5215,42.71,53.22
2026-07-24,5216,57.64,82.4
2026-07-24,5220,19.61,44.56
2026-07-24,5221,0.0,11.3
2026-07-24,5222,22.64,32.19
2026-07-24,5223,54.22,62.2
2026-07-24,5225,39.3,46.19
2026-07-24,5226,31.51,52.74
2026-07-24,5227,18.35,26.57
2026-07-24,5228,44.94,56.15
2026-07-24,5229,89.33,96.46
2026-07-24,5230,10.27,24.12
2026-07-24,5232,99.99,99.99
2026-07-24,5233,82.42,85.35
2026-07-24,5234,59.54,65.6
2026-07-24,5236,60.89,63.62
2026-07-24,5238,78.59,83.45
2026-07-24,5239,16.98,30.08
2026-07-24,5240,30.32,53.83
2026-07-24,5242,58.6,72.3
2026-07-24,5243,50.08,56.9
2026-07-24,5244,28.99,46.54
2026-07-24,5245,40.7,57.84
2026-07-24,5246,27.0,34.19
2026-07-24,5247,68.74,75.94
2026-07-24,5248,56.84,58.89
2026-07-24,5250,97.08,97.08
2026-07-24,5251,29.21,33.43
2026-07-24,5253,58.2,81.05
2026-07-24,5254,70.33,75.68
2026-07-24,5256,61.23,69.68
2026-07-24,5257,73.71,79.64
2026-07-24,5258,38.1,51.87
2026-07-24,5259,74.45,82.07
2026-07-24,5262,31.97,55.98
2026-07-24,5263,43.88,56.14
2026-07-24,5265,0.0,0.0
2026-07-24,5267,46.59,62.14
2026-07-24,5269,54.51,59.27
2026-07-24,5271,20.52,29.47
2026-07-24,5272,10.26,22.27
2026-07-24,5274,19.25,32.37
2026-07-24,5275,0.0,30.86
2026-07-24,5276,85.29,88.22
2026-07-24,5278,77.7,82.67
2026-07-24,5279,91.86,94.52
2026-07-24,5282,59.25,85.81
2026-07-24,5283,52.63,61.15
2026-07-24,5284,49.16,56.15
2026-07-24,5285,50.57,62.51
2026-07-24,5286,69.95,79.97
2026-07-24,5287,47.03,59.18
2026-07-24,5288,59.82,69.14
2026-07-24,5289,21.98,34.94
2026-07-24,5291,21.06,45.72
2026-07-24,5292,40.05,50.6
2026-07-24,5294,0.0,0.0
2026-07-24,5295,71.08,86.34
2026-07-24,5296,27.24,35.92
2026-07-24,5297,10.53,19.14
2026-07-24,5299,44.98,51.17
2026-07-24,5301,73.88,80.69
2026-07-24,5302,46.2,51.38
2026-07-24,5304,86.33,88.1
2026-07-24,5306,64.41,69.51
2026-07-24,5307,32.18,41.17
2026-07-24,5309,29.02,35.61
2026-07-24,5310,38.38,58.77
2026-07-24,5312,50.7,55.65
2026-07-24,5314,35.7,40.03
2026-07-24,5315,22.59,31.14
2026-07-24,5321,41.93,57.46
2026-07-24,5324,73.64,79.93
2026-07-24,5325,27.52,33.46
2026-07-24,5328,37.17,41.86
2026-07-24,5336,0.0,0.0
2026-07-24,5340,53.58,61.2
2026-07-24,5344,73.54,75.59
2026-07-24,5345,78.88,78.88
2026-07-24,5346,28.04,37.66
2026-07-24,5347,80.71,84.28
2026-07-24,5348,40.79,53.12
2026-07-24,5351,28.25,34.78
2026-07-24,5353,37.82,54.23
2026-07-24,5355,62.63,70.47
2026-07-24,5356,39.58,44.55
2026-07-24,5364,61.31,70.28
2026-07-24,5371,38.46,41.92
2026-07-24,5372,12.4,23.56
2026-07-24,5376,23.82,33.69
2026-07-24,5381,48.77,55.91
2026-07-24,5385,18.19,23.82
2026-07-24,5386,28.28,34.31
2026-07-24,5387,90.18,91.32
2026-07-24,5388,42.41,53.21
2026-07-24,5392,29.24,35.34
2026-07-24,5395,0.0,0.0
2026-07-24,5398,45.9,58.04
2026-07-24,5403,31.11,47.78
2026-07-24,5410,29.0,36.07
2026-07-24,5414,48.1,59.71
2026-07-24,5425,33.51,39.0
2026-07-24,5426,52.77,56.27
2026-07-24,5432,51.4,54.1
2026-07-24,5434,39.0,55.08
2026-07-24,5438,74.32,75.14
2026-07-24,5439,31.64,41.62
2026-07-24,5442,14.59,20.62
2026-07-24,5443,34.27,38.82
2026-07-24,5450,79.37,80.99
2026-07-24,5452,38.52,41.84
2026-07-24,5455,89.0,93.99
2026-07-24,5457,48.82,52.56
2026-07-24,5460,37.2,56.21
2026-07-24,5464,61.14,72.61
2026-07-24,5465,68.79,71.94
2026-07-24,5467,82.8,86.4
2026-07-24,5468,60.28,66.03
2026-07-24,5469,66.25,71.77
2026-07-24,5471,19.9,28.78
2026-07-24,5473,0.0,0.0
2026-07-24,5474,48.5,56.66
2026-07-24,5475,36.19,42.36
2026-07-24,5478,73.08,79.54
2026-07-24,5481,55.52,65.28
2026-07-24,5483,57.03,64.74
2026-07-24,5484,34.07,37.94
2026-07-24,5487,47.73,71.21
2026-07-24,5488,34.94,45.15
2026-07-24,5489,82.63,85.4
2026-07-24,5490,27.34,36.75
2026-07-24,5492,98.66,98.66
2026-07-24,5493,24.9,43.87
2026-07-24,5497,15.56,26.18
2026-07-24,5498,29.39,34.19
2026-07-24,5501,24.3,28.1
2026-07-24,5505,50.9,65.61
2026-07-24,5506,58.45,66.77
2026-07-24,5508,65.92,68.77
2026-07-24,5511,56.03,65.65
2026-07-24,5512,54.58,61.63
2026-07-24,5514,87.52,92.42
2026-07-24,5515,61.48,70.05
2026-07-24,5516,60.51,69.44
2026-07-24,5519,51.35,57.5
2026-07-24,5520,73.58,83.75
2026-07-24,5521,51.47,58.18
2026-07-24,5522,86.84,89.12
2026-07-24,5523,88.92,92.18
2026-07-24,5524,11.6,30.78
2026-07-24,5525,84.2,88.39
2026-07-24,5529,67.76,74.16
2026-07-24,5530,79.46,82.5
2026-07-24,5531,83.49,86.04
2026-07-24,5532,5.88,31.03
2026-07-24,5533,71.32,80.51
2026-07-24,5534,60.44,69.44
2026-07-24,5536,37.62,58.49
2026-07-24,5538,93.07,94.09
2026-07-24,5541,76.05,82.05
2026-07-24,5543,46.24,72.82
2026-07-24,5546,77.99,84.75
2026-07-24,5547,54.69,65.82
2026-07-24,5548,58.65,64.61
2026-07-24,5601,47.23,79.62
2026-07-24,5603,49.82,54.86
2026-07-24,5604,52.78,67.11
2026-07-24,5607,68.74,75.61
2026-07-24,5608,22.35,28.25
2026-07-24,5609,46.88,52.52
2026-07-24,5701,49.19,54.09
2026-07-24,5702,0.0,0.0
2026-07-24,5703,83.83,88.29
2026-07-24,5704,79.45,83.88
2026-07-24,5706,35.22,38.71
2026-07-24,5810,68.98,72.87
2026-07-24,5848,100.0,100.0
2026-07-24,5859,96.14,96.82
2026-07-24,5863,77.08,81.43
2026-07-24,5864,58.8,68.08
2026-07-24,5867,100.0,100.0
2026-07-24,5871,64.94,70.71
2026-07-24,5876,82.27,87.8
2026-07-24,5878,54.25,72.36
2026-07-24,5880,70.15,74.12
2026-07-24,5901,77.87,77.87
2026-07-24,5902,81.66,85.57
2026-07-24,5903,88.19,91.42
2026-07-24,5904,54.16,69.18
2026-07-24,5905,40.71,47.46
2026-07-24,5906,82.48,86.27
2026-07-24,5907,64.9,69.57
2026-07-24,6005,68.39,71.85
2026-07-24,6015,41.88,49.61
2026-07-24,6016,44.61,51.13
2026-07-24,6020,96.04,96.69
2026-07-24,6021,86.8,90.29
2026-07-24,6023,83.66,85.74
2026-07-24,6024,64.72,68.9
2026-07-24,6026,40.77,49.63
2026-07-24,6027,93.79,95.62
2026-07-24,6028,50.64,64.49
2026-07-24,6030,100.0,100.0
2026-07-24,6031,100.0,100.0
2026-07-24,6035,83.88,93.92
2026-07-24,6038,100.0,100.0
2026-07-24,6039,100.0,100.0
2026-07-24,6040,100.0,100.0
2026-07-24,6101,78.57,87.84
2026-07-24,6103,83.83,91.19
2026-07-24,6104,12.21,19.2
2026-07-24,6107,34.67,40.93
2026-07-24,6108,44.46,52.46
2026-07-24,6109,38.78,50.85
2026-07-24,6110,7.18,18.41
2026-07-24,6111,40.46,44.74
2026-07-24,6112,56.27,58.64
2026-07-24,6113,52.17,53.12
2026-07-24,6114,65.48,73.8
2026-07-24,6115,56.66,61.37
2026-07-24,6116,40.12,42.44
2026-07-24,6117,49.06,54.85
2026-07-24,6118,51.7,56.51
2026-07-24,6120,55.75,60.48
2026-07-24,6121,50.42,67.24
2026-07-24,6122,21.91,31.55
2026-07-24,6123,33.39,43.34
2026-07-24,6124,92.31,93.72
2026-07-24,6125,31.34,36.28
2026-07-24,6126,30.54,36.19
2026-07-24,6127,18.96,22.3
2026-07-24,6128,54.4,59.4
2026-07-24,6129,14.19,17.46
2026-07-24,6130,47.59,62.85
2026-07-24,6131,29.61,41.17
2026-07-24,6132,15.67,35.48
2026-07-24,6133,42.92,46.0
2026-07-24,6134,48.1,53.94
2026-07-24,6135,34.25,38.43
2026-07-24,6136,34.31,46.26
2026-07-24,6137,26.67,38.79
2026-07-24,6138,30.67,47.74
2026-07-24,6139,55.03,67.61
2026-07-24,6140,34.47,46.38
2026-07-24,6141,42.57,54.68
2026-07-24,6142,51.84,59.3
2026-07-24,6143,18.86,29.19
2026-07-24,6144,89.55,89.55
2026-07-24,6146,43.11,54.71
2026-07-24,6147,59.81,64.93
2026-07-24,6148,33.68,36.98
2026-07-24,6149,35.09,39.03
2026-07-24,6150,12.01,16.23
2026-07-24,6151,22.4,37.47
2026-07-24,6152,15.91,23.88
2026-07-24,6153,41.95,47.71
2026-07-24,6154,54.44,63.28
2026-07-24,6155,49.22,55.86
2026-07-24,6156,31.84,39.58
2026-07-24,6158,34.13,43.16
2026-07-24,6160,29.69,38.49
2026-07-24,6161,35.28,39.38
2026-07-24,6162,43.89,51.99
2026-07-24,6163,36.46,43.9
2026-07-24,6164,13.97,24.28
2026-07-24,6165,37.08,47.88
2026-07-24,6166,70.42,78.33
2026-07-24,6167,36.51,43.0
2026-07-24,6168,43.75,45.8
2026-07-24,6169,26.44,30.88
2026-07-24,6170,52.99,56.71
2026-07-24,6171,78.37,87.63
2026-07-24,6172,85.37,91.42
2026-07-24,6173,59.09,65.22
2026-07-24,6174,56.73,63.06
2026-07-24,6175,55.9,61.25
2026-07-24,6176,37.15,47.66
2026-07-24,6177,67.25,75.77
2026-07-24,6179,30.91,41.2
2026-07-24,6180,45.68,50.57
2026-07-24,6181,7.14,12.11
2026-07-24,6182,35.0,39.71
2026-07-24,6183,71.06,77.43
2026-07-24,6184,67.84,72.4
2026-07-24,6185,40.04,52.5
2026-07-24,6186,46.47,52.33
2026-07-24,6187,33.1,51.93
2026-07-24,6188,36.1,42.57
2026-07-24,6189,24.0,34.2
2026-07-24,6190,28.01,35.8
2026-07-24,6191,53.49,57.62
2026-07-24,6192,45.51,56.69
2026-07-24,6193,56.66,61.36
2026-07-24,6194,40.52,56.06
2026-07-24,6195,52.4,53.24
2026-07-24,6196,66.67,71.66
2026-07-24,6197,38.82,45.8
2026-07-24,6198,92.92,94.24
2026-07-24,6199,77.52,83.31
2026-07-24,6201,61.43,69.11
2026-07-24,6202,32.85,40.71
2026-07-24,6203,52.21,59.2
2026-07-24,6204,25.64,29.71
2026-07-24,6205,40.8,45.26
2026-07-24,6206,43.95,52.41
2026-07-24,6207,11.7,16.95
2026-07-24,6208,50.86,63.54
2026-07-24,6209,33.5,41.48
2026-07-24,6210,36.44,54.11
2026-07-24,6212,86.12,91.79
2026-07-24,6213,54.71,62.14
2026-07-24,6214,45.65,56.96
2026-07-24,6215,26.4,32.13
2026-07-24,6216,29.91,39.23
2026-07-24,6217,18.74,28.13
2026-07-24,6218,37.47,48.04
2026-07-24,6219,66.76,70.36
2026-07-24,6220,53.06,63.86
2026-07-24,6221,72.4,74.5
2026-07-24,6222,84.51,90.09
2026-07-24,6223,38.06,49.2
2026-07-24,6224,25.79,38.38
2026-07-24,6225,55.2,65.08
2026-07-24,6226,22.19,26.43
2026-07-24,6227,68.93,72.3
2026-07-24,6228,75.5,80.44
2026-07-24,6229,32.8,36.21
2026-07-24,6230,87.81,87.81
2026-07-24,6231,25.11,31.7
2026-07-24,6232,13.35,18.67
2026-07-24,6233,18.3,26.97
2026-07-24,6234,49.71,52.9
2026-07-24,6235,35.33,40.51
2026-07-24,6236,87.98,92.69
2026-07-24,6237,12.7,18.92
2026-07-24,6239,59.28,66.08
2026-07-24,6240,70.93,82.89
2026-07-24,6241,38.75,46.37
2026-07-24,6242,55.47,63.7
2026-07-24,6243,17.67,23.48
2026-07-24,6244,27.67,32.89
2026-07-24,6245,39.03,45.02
2026-07-24,6246,53.99,62.99
2026-07-24,6248,43.58,48.87
2026-07-24,6249,0.0,14.82
2026-07-24,6250,67.95,70.88
2026-07-24,6252,0.0,40.34
2026-07-24,6253,0.0,0.0
2026-07-24,6254,36.43,49.51
2026-07-24,6256,0.0,0.0
2026-07-24,6257,41.21,50.71
2026-07-24,6258,0.0,0.0
2026-07-24,6259,41.09,42.82
2026-07-24,6261,31.32,39.5
2026-07-24,6262,16.81,28.67
2026-07-24,6263,40.96,43.35
2026-07-24,6264,67.31,71.67
2026-07-24,6265,40.01,44.54
2026-07-24,6266,30.97,38.64
2026-07-24,6267,0.0,0.0
2026-07-24,6268,0.0,0.0
2026-07-24,6269,22.1,29.35
2026-07-24,6270,36.56,41.02
2026-07-24,6271,44.24,52.84
2026-07-24,6272,36.21,50.71
2026-07-24,6274,54.68,66.84
2026-07-24,6275,23.41,29.06
2026-07-24,6276,48.74,48.74
2026-07-24,6277,43.53,56.29
2026-07-24,6278,48.76,60.37
2026-07-24,6279,36.55,45.18
2026-07-24,6280,99.95,99.95
2026-07-24,6281,43.58,55.41
2026-07-24,6282,39.61,43.29
2026-07-24,6283,57.79,62.84
2026-07-24,6284,43.05,48.19
2026-07-24,6285,57.77,63.58
2026-07-24,6287,93.08,94.0
2026-07-24,6289,0.0,0.0
2026-07-24,6290,27.93,38.14
2026-07-24,6291,62.85,63.86
2026-07-24,6292,39.7,46.68
2026-07-24,6293,0.0,0.0
2026-07-24,6294,33.46,37.19
2026-07-24,6295,0.0,22.01
2026-07-24,6296,0.0,0.0
2026-07-24,6297,99.9,99.9
2026-07-24,6299,98.35,98.35
2026-07-24,6402,48.87,63.97
2026-07-24,6403,41.54,41.54
2026-07-24,6404,63.48,67.09
2026-07-24,6405,36.66,52.69
2026-07-24,6406,53.35,58.18
2026-07-24,6407,29.62,36.91
2026-07-24,6409,51.63,67.4
2026-07-24,6411,21.85,34.09
2026-07-24,6412,75.2,79.29
2026-07-24,6414,51.95,67.44
2026-07-24,6415,65.95,79.64
2026-07-24,6416,36.59,47.85
2026-07-24,6417,52.22,66.9
2026-07-24,6418,52.68,58.75
2026-07-24,6419,32.17,39.91
2026-07-24,6423,21.95,39.4
2026-07-24,6425,34.09,42.86
2026-07-24,6426,34.93,41.44
2026-07-24,6427,100.0,100.0
2026-07-24,6428,89.36,91.64
2026-07-24,6429,11.76,37.74
2026-07-24,6431,65.37,70.05
2026-07-24,6432,16.79,33.75
2026-07-24,6434,83.86,84.89
2026-07-24,6435,48.36,55.93
2026-07-24,6436,98.56,98.56
2026-07-24,6437,40.87,65.0
2026-07-24,6438,22.94,32.84
2026-07-24,6441,41.86,44.32
2026-07-24,6442,38.21,57.58
2026-07-24,6443,14.26,16.98
2026-07-24,6446,43.96,56.95
2026-07-24,6449,64.21,74.63
2026-07-24,6451,64.74,70.56
2026-07-24,6452,30.46,39.18
2026-07-24,6453,0.0,0.0
2026-07-24,6455,51.47,68.47
2026-07-24,6456,43.87,48.69
2026-07-24,6458,63.74,65.25
2026-07-24,6461,54.56,63.17
2026-07-24,6462,21.39,30.77
2026-07-24,6464,79.28,85.39
2026-07-24,6465,58.71,67.44
2026-07-24,6467,21.73,36.26
2026-07-24,6468,98.62,98.62
2026-07-24,6469,42.82,48.52
2026-07-24,6470,40.01,40.01
2026-07-24,6471,0.0,0.0
2026-07-24,6472,45.15,55.62
2026-07-24,6473,51.78,69.24
2026-07-24,6474,44.6,67.52
2026-07-24,6475,56.66,73.13
2026-07-24,6477,35.9,43.47
2026-07-24,6479,79.32,86.32
2026-07-24,6481,91.6,96.01
2026-07-24,6482,65.78,67.6
2026-07-24,6483,18.76,45.83
2026-07-24,6484,100.0,100.0
2026-07-24,6485,19.1,26.69
2026-07-24,6486,40.4,43.02
2026-07-24,6488,71.73,80.05
2026-07-24,6489,36.92,62.98
2026-07-24,6490,64.16,70.62
2026-07-24,6491,53.76,63.07
2026-07-24,6492,26.44,30.73
2026-07-24,6493,80.37,80.37
2026-07-24,6494,5.22,15.03
2026-07-24,6495,43.12,52.59
2026-07-24,6496,62.53,65.96
2026-07-24,6497,96.46,97.19
2026-07-24,6498,56.47,71.39
2026-07-24,6499,36.42,42.46
2026-07-24,6502,90.96,90.96
2026-07-24,6503,80.41,80.41
2026-07-24,6504,64.35,70.47
2026-07-24,6505,95.63,96.03
2026-07-24,6506,45.26,60.79
2026-07-24,6508,59.65,61.22
2026-07-24,6509,28.46,37.06
2026-07-24,6510,40.93,51.25
2026-07-24,6511,57.36,72.03
2026-07-24,6512,17.69,36.04
2026-07-24,6515,36.69,50.66
2026-07-24,6516,43.2,53.66
2026-07-24,6517,17.96,19.7
2026-07-24,6518,74.1,84.44
2026-07-24,6523,61.69,63.08
2026-07-24,6525,60.5,69.19
2026-07-24,6526,76.17,78.41
2026-07-24,6527,32.17,42.89
2026-07-24,6529,41.45,71.81
2026-07-24,6530,8.93,17.25
2026-07-24,6531,54.5,65.43
2026-07-24,6532,18.46,33.15
2026-07-24,6533,16.33,21.9
2026-07-24,6534,76.09,83.0
2026-07-24,6535,56.63,64.57
2026-07-24,6536,58.26,74.31
2026-07-24,6538,13.69,37.08
2026-07-24,6539,75.51,85.23
2026-07-24,6540,98.57,99.05
2026-07-24,6541,65.63,71.78
2026-07-24,6542,77.61,84.7
2026-07-24,6543,49.64,66.7
2026-07-24,6545,37.79,44.15
2026-07-24,6546,29.91,40.13
2026-07-24,6547,28.03,35.01
2026-07-24,6548,85.09,87.45
2026-07-24,6549,16.14,29.06
2026-07-24,6550,73.67,77.05
2026-07-24,6551,79.32,83.69
2026-07-24,6552,55.76,58.38
2026-07-24,6555,64.58,69.5
2026-07-24,6556,67.46,78.58
2026-07-24,6558,38.61,40.82
2026-07-24,6559,31.62,52.92
2026-07-24,6560,32.29,40.57
2026-07-24,6561,70.23,73.09
2026-07-24,6562,50.33,52.76
2026-07-24,6563,10.33,32.42
2026-07-24,6564,59.48,64.58
2026-07-24,6565,28.56,41.3
2026-07-24,6566,79.36,84.51
2026-07-24,6567,80.22,88.54
2026-07-24,6568,29.94,41.83
2026-07-24,6569,61.23,66.61
2026-07-24,6570,29.74,43.4
2026-07-24,6572,64.9,69.13
2026-07-24,6573,59.25,64.65
2026-07-24,6574,75.44,78.12
2026-07-24,6575,51.02,54.36
2026-07-24,6576,59.93,66.99
2026-07-24,6577,70.03,74.85
2026-07-24,6578,55.76,63.15
2026-07-24,6579,83.32,86.08
2026-07-24,6580,45.68,58.08
2026-07-24,6581,86.87,90.18
2026-07-24,6582,71.21,74.26
2026-07-24,6583,53.46,82.44
2026-07-24,6584,62.73,76.43
2026-07-24,6585,72.51,79.08
2026-07-24,6586,55.65,62.37
2026-07-24,6587,100.0,100.0
2026-07-24,6588,18.13,24.32
2026-07-24,6589,49.83,57.33
2026-07-24,6590,30.04,56.99
2026-07-24,6591,20.08,26.69
2026-07-24,6592,76.3,79.76
2026-07-24,6593,29.79,44.78
2026-07-24,6595,60.31,79.65
2026-07-24,6596,22.73,26.85
2026-07-24,6597,72.45,80.64
2026-07-24,6598,38.33,52.61
2026-07-24,6599,71.03,76.44
2026-07-24,6601,84.46,86.87
2026-07-24,6602,0.0,0.0
2026-07-24,6603,39.42,50.93
2026-07-24,6604,79.78,85.97
2026-07-24,6605,58.6,65.49
2026-07-24,6606,59.0,70.91
2026-07-24,6607,76.22,81.0
2026-07-24,6608,93.72,96.78
2026-07-24,6609,55.41,57.49
2026-07-24,6610,80.35,82.99
2026-07-24,6611,91.68,91.68
2026-07-24,6612,44.48,64.65
2026-07-24,6613,55.52,60.62
2026-07-24,6614,73.84,74.42
2026-07-24,6615,35.88,51.5
2026-07-24,6616,53.85,62.66
2026-07-24,6617,59.79,67.6
2026-07-24,6618,22.03,31.38
2026-07-24,6620,49.24,59.76
2026-07-24,6621,23.52,36.77
2026-07-24,6622,52.95,64.73
2026-07-24,6624,59.54,76.5
2026-07-24,6625,44.07,48.87
2026-07-24,6626,59.56,77.35
2026-07-24,6627,65.81,77.55
2026-07-24,6629,79.92,85.09
2026-07-24,6633,95.66,95.66
2026-07-24,6634,51.32,66.27
2026-07-24,6635,100.0,100.0
2026-07-24,6637,53.8,60.83
2026-07-24,6638,56.74,70.32
2026-07-24,6639,62.25,72.73
2026-07-24,6640,63.77,65.67
2026-07-24,6641,49.83,59.3
2026-07-24,6642,46.24,56.16
2026-07-24,6643,33.83,36.47
2026-07-24,6645,26.17,43.64
2026-07-24,6648,49.42,64.72
2026-07-24,6649,32.85,52.41
2026-07-24,6650,61.87,80.17
2026-07-24,6651,32.57,50.87
2026-07-24,6652,69.5,79.07
2026-07-24,6653,95.45,95.45
2026-07-24,6654,71.17,78.22
2026-07-24,6655,76.47,86.16
2026-07-24,6656,82.4,90.33
2026-07-24,6657,20.92,35.23
2026-07-24,6658,31.3,42.85
2026-07-24,6659,72.9,81.94
2026-07-24,6660,100.0,100.0
2026-07-24,6661,61.73,65.92
2026-07-24,6662,40.14,47.63
2026-07-24,6664,36.54,55.72
2026-07-24,6665,59.39,65.84
2026-07-24,6666,77.96,78.82
2026-07-24,6667,43.57,50.34
2026-07-24,6668,51.6,53.44
2026-07-24,6669,53.75,64.12
2026-07-24,6670,65.6,78.5
2026-07-24,6671,56.63,75.0
2026-07-24,6672,18.7,30.46
2026-07-24,6673,25.42,30.57
2026-07-24,6674,81.38,84.74
2026-07-24,6676,55.61,62.22
2026-07-24,6677,57.04,64.02
2026-07-24,6679,50.26,57.14
2026-07-24,6680,64.52,72.73
2026-07-24,6681,0.0,0.0
2026-07-24,6682,47.35,52.77
2026-07-24,6683,11.24,26.14
2026-07-24,6684,31.51,36.13
2026-07-24,6688,49.8,73.88
2026-07-24,6689,35.59,48.77
2026-07-24,6690,59.88,59.88
2026-07-24,6691,53.78,69.19
2026-07-24,6692,61.63,71.49
2026-07-24,6693,33.61,48.04
2026-07-24,6695,45.36,50.34
2026-07-24,6696,28.27,41.4
2026-07-24,6697,61.11,66.79
2026-07-24,6698,31.08,39.1
2026-07-24,6699,75.24,85.49
2026-07-24,6701,97.98,97.98
2026-07-24,6702,75.43,79.7
2026-07-24,6703,39.15,51.52
2026-07-24,6704,26.79,39.61
2026-07-24,6705,54.99,73.88
2026-07-24,6706,15.5,27.67
2026-07-24,6707,71.52,80.31
2026-07-24,6708,42.81,52.06
2026-07-24,6709,45.74,59.64
2026-07-24,6712,32.15,41.32
2026-07-24,6713,37.76,60.25
2026-07-24,6715,67.94,80.07
2026-07-24,6716,22.41,35.98
2026-07-24,6717,56.28,75.04
2026-07-24,6719,44.11,50.83
2026-07-24,6720,25.5,57.7
2026-07-24,6721,37.5,52.32
2026-07-24,6722,74.09,76.32
2026-07-24,6723,42.18,58.67
2026-07-24,6724,62.32,62.32
2026-07-24,6725,58.66,64.52
2026-07-24,6726,100.0,100.0
2026-07-24,6727,8.54,25.19
2026-07-24,6728,59.01,63.32
2026-07-24,6729,31.18,47.89
2026-07-24,6730,60.59,74.04
2026-07-24,6731,99.44,99.44
2026-07-24,6732,46.31,49.49
2026-07-24,6733,40.25,49.04
2026-07-24,6734,46.08,59.43
2026-07-24,6735,35.59,48.63
2026-07-24,6736,93.39,93.39
2026-07-24,6737,74.71,80.69
2026-07-24,6738,41.24,65.4
2026-07-24,6739,48.11,59.82
2026-07-24,6741,58.39,69.46
2026-07-24,6742,25.94,34.75
2026-07-24,6743,57.08,63.44
2026-07-24,6744,52.96,66.22
2026-07-24,6746,97.59,99.59
2026-07-24,6748,28.01,36.49
2026-07-24,6749,100.0,100.0
2026-07-24,6750,40.28,58.02
2026-07-24,6751,56.93,64.32
2026-07-24,6752,21.05,47.68
2026-07-24,6753,54.37,61.79
2026-07-24,6754,81.35,83.1
2026-07-24,6755,40.92,53.64
2026-07-24,6756,57.55,61.74
2026-07-24,6757,72.78,75.22
2026-07-24,6758,74.89,81.83
2026-07-24,6760,100.0,100.0
2026-07-24,6761,26.98,39.75
2026-07-24,6762,61.92,77.91
2026-07-24,6763,57.3,61.27
2026-07-24,6764,97.22,97.22
2026-07-24,6767,51.86,59.27
2026-07-24,6768,77.92,82.67
2026-07-24,6770,41.47,45.58
2026-07-24,6771,18.13,40.86
2026-07-24,6772,96.66,98.74
2026-07-24,6775,56.96,62.4
2026-07-24,6776,61.35,66.17
2026-07-24,6778,100.0,100.0
2026-07-24,6779,100.0,100.0
2026-07-24,6780,52.79,83.84
2026-07-24,6781,67.55,68.86
2026-07-24,6782,31.18,47.48
2026-07-24,6784,30.23,49.31
2026-07-24,6785,54.8,61.9
2026-07-24,6786,0.0,9.04
2026-07-24,6787,9.67,24.72
2026-07-24,6788,14.22,24.09
2026-07-24,6789,69.03,72.84
2026-07-24,6790,75.32,79.09
2026-07-24,6791,56.02,74.21
2026-07-24,6792,48.08,53.89
2026-07-24,6793,22.4,38.4
2026-07-24,6794,66.3,79.02
2026-07-24,6796,35.45,47.36
2026-07-24,6797,29.99,48.51
2026-07-24,6798,55.68,70.99
2026-07-24,6799,21.04,32.35
2026-07-24,6803,54.28,56.2
2026-07-24,6804,47.15,62.48
2026-07-24,6805,45.76,59.11
2026-07-24,6806,58.14,59.93
2026-07-24,6807,73.55,83.39
2026-07-24,6808,41.47,53.36
2026-07-24,6810,21.39,36.06
2026-07-24,6811,61.99,63.24
2026-07-24,6812,26.32,40.95
2026-07-24,6813,48.86,61.22
2026-07-24,6814,73.54,82.62
2026-07-24,6815,49.84,67.2
2026-07-24,6816,61.98,70.99
2026-07-24,6817,54.89,54.89
2026-07-24,6818,59.97,66.73
2026-07-24,6819,45.72,57.11
2026-07-24,6820,73.6,73.6
2026-07-24,6821,38.97,48.99
2026-07-24,6822,100.0,100.0
2026-07-24,6823,51.72,55.81
2026-07-24,6824,100.0,100.0
2026-07-24,6825,61.71,73.37
2026-07-24,6826,69.25,75.21
2026-07-24,6827,49.29,62.6
2026-07-24,6829,63.0,67.23
2026-07-24,6830,15.58,35.13
2026-07-24,6831,41.47,62.61
2026-07-24,6832,82.84,86.04
2026-07-24,6833,79.9,84.96
2026-07-24,6834,44.81,57.95
2026-07-24,6835,68.71,78.64
2026-07-24,6837,41.11,59.15
2026-07-24,6838,55.34,61.7
2026-07-24,6839,73.96,80.31
2026-07-24,6840,38.84,53.66
2026-07-24,6841,37.03,47.4
2026-07-24,6842,24.83,40.29
2026-07-24,6843,55.83,76.68
2026-07-24,6844,55.96,64.93
2026-07-24,6846,64.19,66.78
2026-07-24,6847,19.67,55.89
2026-07-24,6848,29.84,52.95
2026-07-24,6849,41.43,50.79
2026-07-24,6850,41.05,60.35
2026-07-24,6851,100.0,100.0
2026-07-24,6854,53.73,65.36
2026-07-24,6855,41.79,61.35
2026-07-24,6856,74.28,83.45
2026-07-24,6857,94.62,94.62
2026-07-24,6858,82.2,89.89
2026-07-24,6859,56.07,63.62
2026-07-24,6861,52.16,53.26
2026-07-24,6862,68.8,69.72
2026-07-24,6863,72.27,75.59
2026-07-24,6864,12.23,36.88
2026-07-24,6865,36.07,50.49
2026-07-24,6866,99.73,99.73
2026-07-24,6867,78.62,86.19
2026-07-24,6868,31.27,55.36
2026-07-24,6869,45.1,54.57
2026-07-24,6870,57.88,71.75
2026-07-24,6872,43.48,58.05
2026-07-24,6873,52.49,61.62
2026-07-24,6874,39.58,53.53
2026-07-24,6875,52.59,61.29
2026-07-24,6876,15.47,32.01
2026-07-24,6877,57.19,74.69
2026-07-24,6878,84.36,88.61
2026-07-24,6879,80.25,89.17
2026-07-24,6881,49.96,57.92
2026-07-24,6882,31.49,58.83
2026-07-24,6883,80.38,87.72
2026-07-24,6884,69.36,73.16
2026-07-24,6885,22.47,36.68
2026-07-24,6886,84.94,90.03
2026-07-24,6887,82.06,91.85
2026-07-24,6890,91.93,92.94
2026-07-24,6891,73.92,77.16
2026-07-24,6892,36.89,57.84
2026-07-24,6894,55.13,61.05
2026-07-24,6895,51.16,61.26
2026-07-24,6897,100.0,100.0
2026-07-24,6898,45.85,59.2
2026-07-24,6899,65.95,80.11
2026-07-24,6901,80.81,82.94
2026-07-24,6902,57.72,70.92
2026-07-24,6903,64.15,69.54
2026-07-24,6904,64.36,79.9
2026-07-24,6905,100.0,100.0
2026-07-24,6906,47.7,57.8
2026-07-24,6907,64.02,68.28
2026-07-24,6908,86.39,86.39
2026-07-24,6909,21.43,38.45
2026-07-24,6910,49.38,56.88
2026-07-24,6911,44.33,60.04
2026-07-24,6912,68.61,77.05
2026-07-24,6913,42.3,54.08
2026-07-24,6914,66.66,71.75
2026-07-24,6915,84.81,88.45
2026-07-24,6916,72.69,78.96
2026-07-24,6917,29.11,44.91
2026-07-24,6918,27.97,50.15
2026-07-24,6919,67.49,74.64
2026-07-24,6920,57.42,64.24
2026-07-24,6921,75.24,78.09
2026-07-24,6922,56.75,62.97
2026-07-24,6923,55.04,69.79
2026-07-24,6924,73.08,80.24
2026-07-24,6925,41.69,60.37
2026-07-24,6926,60.92,80.7
2026-07-24,6927,52.88,68.07
2026-07-24,6928,76.07,79.2
2026-07-24,6929,86.91,89.53
2026-07-24,6930,100.0,100.0
2026-07-24,6931,49.94,69.68
2026-07-24,6932,75.16,81.02
2026-07-24,6933,61.25,61.25
2026-07-24,6934,55.26,66.05
2026-07-24,6935,73.15,83.82
2026-07-24,6936,64.73,76.06
2026-07-24,6937,54.24,62.92
2026-07-24,6938,54.14,67.47
2026-07-24,6939,56.05,64.31
2026-07-24,6940,37.99,53.95
2026-07-24,6942,100.0,100.0
2026-07-24,6943,100.0,100.0
2026-07-24,6944,34.4,52.27
2026-07-24,6945,52.36,62.81
2026-07-24,6946,90.91,93.85
2026-07-24,6947,58.72,70.88
2026-07-24,6949,61.68,73.44
2026-07-24,6951,63.9,66.23
2026-07-24,6952,79.79,86.72
2026-07-24,6953,56.2,63.56
2026-07-24,6954,100.0,100.0
2026-07-24,6955,49.64,60.3
2026-07-24,6957,53.31,73.57
2026-07-24,6958,93.0,94.14
2026-07-24,6959,33.17,40.78
2026-07-24,6961,33.34,44.38
2026-07-24,6962,46.85,53.05
2026-07-24,6963,84.75,87.35
2026-07-24,6965,90.88,92.36
2026-07-24,6967,47.92,75.65
2026-07-24,6968,44.18,58.67
2026-07-24,6969,40.67,51.94
2026-07-24,6971,61.37,73.78
2026-07-24,6972,63.73,83.82
2026-07-24,6973,41.37,67.35
2026-07-24,6976,74.49,80.49
2026-07-24,6977,15.91,42.79
2026-07-24,6978,98.31,98.31
2026-07-24,6979,39.6,59.53
2026-07-24,6980,72.41,77.66
2026-07-24,6982,53.39,65.01
2026-07-24,6983,16.01,44.17
2026-07-24,6984,27.7,56.61
2026-07-24,6985,100.0,100.0
2026-07-24,6986,34.13,49.26
2026-07-24,6987,85.96,90.06
2026-07-24,6988,66.67,78.41
2026-07-24,6990,86.26,89.87
2026-07-24,6991,100.0,100.0
2026-07-24,6992,45.87,75.25
2026-07-24,6993,100.0,100.0
2026-07-24,6994,36.59,47.77
2026-07-24,6995,21.07,44.06
2026-07-24,6996,55.8,59.6
2026-07-24,6997,77.74,82.26
2026-07-24,6999,57.37,77.51
2026-07-24,7402,26.96,35.52
2026-07-24,7415,36.97,61.66
2026-07-24,7418,85.31,96.15
2026-07-24,7419,39.16,49.52
2026-07-24,7421,0.0,0.0
2026-07-24,7422,81.09,87.64
2026-07-24,7426,100.0,100.0
2026-07-24,7427,19.64,31.69
2026-07-24,7443,69.6,82.46
2026-07-24,7452,87.89,87.89
2026-07-24,7455,73.73,82.63
2026-07-24,7507,70.24,78.24
2026-07-24,7516,14.81,36.66
2026-07-24,7530,45.77,55.29
2026-07-24,7547,66.13,73.12
2026-07-24,7551,42.93,56.68
2026-07-24,7555,86.14,87.67
2026-07-24,7556,54.78,64.61
2026-07-24,7558,22.88,52.72
2026-07-24,7561,55.15,60.63
2026-07-24,7562,63.32,76.68
2026-07-24,7566,51.84,62.34
2026-07-24,7570,100.0,100.0
2026-07-24,7575,25.96,53.24
2026-07-24,7578,44.4,64.51
2026-07-24,7583,73.03,88.83
2026-07-24,7584,53.0,71.21
2026-07-24,7590,78.21,82.62
2026-07-24,7595,45.91,72.11
2026-07-24,7607,62.54,72.02
2026-07-24,7610,38.26,48.6
2026-07-24,7631,54.36,75.07
2026-07-24,7642,78.35,80.03
2026-07-24,7660,100.0,100.0
2026-07-24,7669,4.94,32.58
2026-07-24,7689,87.11,91.74
2026-07-24,7702,86.37,92.56
2026-07-24,7703,46.66,57.75
2026-07-24,7704,43.12,59.37
2026-07-24,7705,61.81,68.85
2026-07-24,7706,91.29,91.29
2026-07-24,7707,39.99,45.72
2026-07-24,7708,61.96,63.59
2026-07-24,7709,77.41,79.45
2026-07-24,7710,99.27,99.27
2026-07-24,7711,54.67,61.79
2026-07-24,7712,35.55,52.23
2026-07-24,7713,78.25,84.69
2026-07-24,7714,47.95,66.63
2026-07-24,7715,39.76,57.39
2026-07-24,7716,66.0,82.81
2026-07-24,7717,35.38,55.69
2026-07-24,7718,67.95,78.57
2026-07-24,7719,11.27,19.58
2026-07-24,7720,100.0,100.0
2026-07-24,7721,52.04,60.69
2026-07-24,7722,83.93,84.99
2026-07-24,7723,48.42,56.49
2026-07-24,7724,68.12,84.26
2026-07-24,7725,79.14,83.73
2026-07-24,7726,80.31,87.18
2026-07-24,7728,47.18,57.12
2026-07-24,7729,44.16,56.93
2026-07-24,7730,60.86,70.08
2026-07-24,7731,67.69,72.14
2026-07-24,7732,81.89,88.8
2026-07-24,7734,67.1,74.67
2026-07-24,7735,88.44,94.31
2026-07-24,7736,76.73,83.94
2026-07-24,7737,56.78,78.34
2026-07-24,7738,32.18,57.82
2026-07-24,7740,54.52,65.6
2026-07-24,7742,65.02,69.01
2026-07-24,7743,57.39,74.7
2026-07-24,7744,58.62,77.33
2026-07-24,7745,56.72,71.19
2026-07-24,7746,92.41,95.51
2026-07-24,7747,70.7,77.84
2026-07-24,7748,58.43,70.44
2026-07-24,7749,29.01,50.27
2026-07-24,7750,61.59,77.51
2026-07-24,7751,36.95,47.08
2026-07-24,7752,81.68,86.13
2026-07-24,7753,65.34,74.15
2026-07-24,7754,59.2,71.47
2026-07-24,7756,59.42,70.84
2026-07-24,7757,43.47,57.9
2026-07-24,7758,80.14,83.37
2026-07-24,7759,73.87,81.34
2026-07-24,7760,47.33,63.22
2026-07-24,7761,33.99,51.38
2026-07-24,7762,39.53,55.37
2026-07-24,7763,76.51,81.42
2026-07-24,7764,68.79,80.99
2026-07-24,7765,59.65,60.76
2026-07-24,7767,54.77,72.04
2026-07-24,7768,55.2,64.46
2026-07-24,7769,57.29,67.23
2026-07-24,7770,62.44,74.47
2026-07-24,7771,75.71,82.18
2026-07-24,7772,52.82,56.09
2026-07-24,7773,43.09,56.79
2026-07-24,7775,100.0,100.0
2026-07-24,7776,63.72,74.95
2026-07-24,7777,62.68,68.18
2026-07-24,7779,56.73,66.33
2026-07-24,7780,73.57,75.39
2026-07-24,7781,71.71,74.04
2026-07-24,7782,65.8,75.9
2026-07-24,7783,89.57,91.16
2026-07-24,7784,83.26,88.58
2026-07-24,7785,72.06,85.59
2026-07-24,7786,76.61,81.98
2026-07-24,7788,55.69,69.56
2026-07-24,7789,42.61,71.39
2026-07-24,7790,32.02,70.24
2026-07-24,7791,70.07,80.09
2026-07-24,7792,62.23,70.63
2026-07-24,7793,100.0,100.0
2026-07-24,7794,71.58,81.49
2026-07-24,7795,65.94,75.66
2026-07-24,7796,46.77,59.37
2026-07-24,7797,62.26,78.92
2026-07-24,7798,89.39,94.49
2026-07-24,7799,71.5,79.5
2026-07-24,7801,67.37,70.43
2026-07-24,7803,70.37,78.84
2026-07-24,7805,65.32,70.55
2026-07-24,7806,58.33,74.67
2026-07-24,7808,76.94,77.96
2026-07-24,7810,36.34,46.8
2026-07-24,7811,65.17,71.79
2026-07-24,7812,53.92,62.13
2026-07-24,7813,27.44,42.76
2026-07-24,7814,71.66,77.57
2026-07-24,7815,50.32,60.78
2026-07-24,7816,71.29,78.93
2026-07-24,7817,100.0,100.0
2026-07-24,7818,88.86,90.22
2026-07-24,7819,55.4,59.12
2026-07-24,7820,65.32,76.2
2026-07-24,7821,74.93,80.47
2026-07-24,7822,63.73,68.19
2026-07-24,7823,58.6,73.07
2026-07-24,7824,67.08,79.76
2026-07-24,7825,27.49,47.58
2026-07-24,7826,60.74,84.38
2026-07-24,7827,70.48,77.37
2026-07-24,7828,53.83,64.42
2026-07-24,7829,71.18,83.15
2026-07-24,7830,100.0,100.0
2026-07-24,7831,55.97,77.47
2026-07-24,7832,87.57,92.97
2026-07-24,7833,57.38,74.46
2026-07-24,7834,60.54,74.53
2026-07-24,7835,62.99,75.21
2026-07-24,7836,63.31,71.87
2026-07-24,7837,67.76,75.04
2026-07-24,7839,55.95,75.46
2026-07-24,7840,76.24,89.6
2026-07-24,7841,66.49,77.77
2026-07-24,7842,62.3,64.66
2026-07-24,7843,61.47,67.65
2026-07-24,7844,100.0,100.0
2026-07-24,7846,75.12,85.38
2026-07-24,7847,43.49,63.09
2026-07-24,7848,51.52,67.2
2026-07-24,7849,95.78,95.78
2026-07-24,7850,54.36,71.1
2026-07-24,7851,74.37,83.72
2026-07-24,7853,17.95,26.74
2026-07-24,7854,79.77,89.47
2026-07-24,7855,99.48,99.48
2026-07-24,7856,61.1,66.41
2026-07-24,7857,76.05,83.64
2026-07-24,7858,30.41,47.52
2026-07-24,7859,100.0,100.0
2026-07-24,7860,89.27,94.54
2026-07-24,7861,66.9,77.37
2026-07-24,7862,84.22,85.85
2026-07-24,7863,96.02,98.53
2026-07-24,7864,99.85,99.85
2026-07-24,7865,47.71,73.0
2026-07-24,7866,45.84,61.04
2026-07-24,7867,85.56,95.54
2026-07-24,7868,40.66,60.05
2026-07-24,7869,86.5,88.88
2026-07-24,7870,49.01,78.39
2026-07-24,7871,57.12,62.84
2026-07-24,7872,61.32,65.09
2026-07-24,7873,76.97,86.2
2026-07-24,7875,96.46,96.46
2026-07-24,7876,77.27,85.96
2026-07-24,7877,61.47,72.64
2026-07-24,7878,31.37,46.74
2026-07-24,7879,45.82,61.96
2026-07-24,7880,38.23,70.24
2026-07-24,7881,82.45,84.32
2026-07-24,7882,77.79,83.58
2026-07-24,7883,59.52,71.31
2026-07-24,7884,100.0,100.0
2026-07-24,7885,57.43,76.64
2026-07-24,7886,43.6,65.77
2026-07-24,7887,27.57,43.27
2026-07-24,7888,62.17,80.87
2026-07-24,7889,45.73,83.94
2026-07-24,7890,65.96,86.06
2026-07-24,7891,53.48,56.34
2026-07-24,7892,63.51,75.18
2026-07-24,7893,80.01,86.38
2026-07-24,7894,46.98,64.03
2026-07-24,7895,65.6,74.1
2026-07-24,7896,82.95,90.87
2026-07-24,7897,98.33,98.33
2026-07-24,7898,64.16,69.34
2026-07-24,7899,23.88,42.93
2026-07-24,7901,75.37,84.54
2026-07-24,7902,85.74,90.13
2026-07-24,7904,89.32,92.36
2026-07-24,7906,100.0,100.0
2026-07-24,7907,66.66,73.9
2026-07-24,7909,76.12,83.78
2026-07-24,7911,50.31,66.88
2026-07-24,7912,72.33,79.36
2026-07-24,7913,86.43,90.43
2026-07-24,7915,70.83,86.17
2026-07-24,7916,100.0,100.0
2026-07-24,7917,82.62,87.14
2026-07-24,7918,77.07,79.5
2026-07-24,7919,42.07,50.06
2026-07-24,7920,80.78,89.68
2026-07-24,7921,75.29,83.35
2026-07-24,7922,93.94,95.42
2026-07-24,7924,76.22,83.76
2026-07-24,7926,59.45,73.49
2026-07-24,7927,42.08,70.47
2026-07-24,7928,59.11,74.34
2026-07-24,7929,62.06,82.47
2026-07-24,7930,55.72,66.1
2026-07-24,7931,84.9,96.7
2026-07-24,7932,100.0,100.0
2026-07-24,7933,76.04,87.59
2026-07-24,7934,100.0,100.0
2026-07-24,7935,71.77,89.84
2026-07-24,7936,70.21,74.11
2026-07-24,7939,85.45,88.0
2026-07-24,8002,0.0,0.0
2026-07-24,8009,0.0,0.0
2026-07-24,8010,20.25,46.01
2026-07-24,8011,25.0,30.78
2026-07-24,8012,93.02,93.02
2026-07-24,8014,37.88,37.88
2026-07-24,8015,0.0,29.54
2026-07-24,8016,29.37,45.68
2026-07-24,8018,0.0,21.62
2026-07-24,8019,90.33,93.81
2026-07-24,8020,32.36,59.32
2026-07-24,8021,36.93,46.23
2026-07-24,8022,70.18,70.18
2026-07-24,8023,0.0,0.0
2026-07-24,8024,18.86,28.59
2026-07-24,8026,0.0,0.0
2026-07-24,8027,15.48,27.14
2026-07-24,8028,39.55,53.04
2026-07-24,8029,62.69,75.2
2026-07-24,8030,0.0,0.0
2026-07-24,8031,25.57,25.57
2026-07-24,8032,74.22,75.97
2026-07-24,8033,28.48,38.19
2026-07-24,8034,8.72,18.03
2026-07-24,8035,17.63,43.5
2026-07-24,8036,20.61,20.61
2026-07-24,8037,0.0,0.0
2026-07-24,8038,15.0,20.33
2026-07-24,8039,61.41,68.88
2026-07-24,8040,44.6,50.7
2026-07-24,8042,58.47,66.69
2026-07-24,8043,37.54,41.45
2026-07-24,8044,54.79,61.63
2026-07-24,8045,54.55,66.81
2026-07-24,8046,80.58,85.45
2026-07-24,8047,71.7,80.79
2026-07-24,8048,27.77,39.17
2026-07-24,8049,27.16,33.05
2026-07-24,8050,37.75,44.05
2026-07-24,8051,0.0,0.0
2026-07-24,8052,0.0,0.0
2026-07-24,8053,80.37,85.44
2026-07-24,8054,29.84,37.35
2026-07-24,8055,0.0,0.0
2026-07-24,8056,53.93,60.6
2026-07-24,8057,67.07,67.07
2026-07-24,8058,51.91,69.27
2026-07-24,8059,69.35,72.94
2026-07-24,8060,34.06,49.67
2026-07-24,8061,0.0,25.89
2026-07-24,8062,0.0,0.0
2026-07-24,8064,36.74,43.25
2026-07-24,8065,0.0,37.58
2026-07-24,8066,21.76,38.74
2026-07-24,8067,56.73,81.35
2026-07-24,8068,57.95,61.87
2026-07-24,8069,68.36,76.95
2026-07-24,8070,69.69,73.11
2026-07-24,8071,22.86,31.41
2026-07-24,8072,57.87,59.82
2026-07-24,8073,0.0,0.0
2026-07-24,8074,29.2,38.3
2026-07-24,8076,25.57,34.56
2026-07-24,8077,76.8,82.07
2026-07-24,8080,82.53,84.11
2026-07-24,8081,23.68,36.62
2026-07-24,8082,62.88,71.69
2026-07-24,8083,43.93,55.74
2026-07-24,8084,54.67,65.23
2026-07-24,8085,31.67,40.76
2026-07-24,8086,46.9,52.66
2026-07-24,8087,43.9,57.66
2026-07-24,8088,18.19,20.22
2026-07-24,8089,37.87,40.98
2026-07-24,8091,32.24,46.31
2026-07-24,8092,41.1,60.42
2026-07-24,8093,64.0,67.55
2026-07-24,8094,11.96,43.02
2026-07-24,8095,18.09,51.28
2026-07-24,8096,46.46,53.18
2026-07-24,8097,60.78,72.87
2026-07-24,8098,33.15,57.64
2026-07-24,8099,74.78,81.95
2026-07-24,8101,80.45,82.27
2026-07-24,8102,25.15,39.62
2026-07-24,8103,27.95,42.49
2026-07-24,8104,30.38,33.9
2026-07-24,8105,57.62,61.07
2026-07-24,8106,27.88,60.82
2026-07-24,8107,44.3,53.8
2026-07-24,8108,0.0,0.0
2026-07-24,8109,34.87,53.56
2026-07-24,8110,47.87,50.94
2026-07-24,8111,25.0,35.33
2026-07-24,8112,33.2,37.39
2026-07-24,8114,33.7,48.36
2026-07-24,8115,78.23,86.41
2026-07-24,8119,27.16,46.3
2026-07-24,8121,55.12,61.63
2026-07-24,8122,92.23,93.1
2026-07-24,8127,0.0,7.67
2026-07-24,8130,59.07,70.92
2026-07-24,8131,70.98,73.1
2026-07-24,8143,0.0,0.0
2026-07-24,8147,32.8,48.39
2026-07-24,8150,62.82,68.43
2026-07-24,8152,100.0,100.0
2026-07-24,8155,37.76,49.33
2026-07-24,8157,78.64,78.64
2026-07-24,8162,60.38,74.07
2026-07-24,8163,41.11,46.5
2026-07-24,8171,51.93,60.82
2026-07-24,8172,0.0,0.0
2026-07-24,8176,21.77,32.54
2026-07-24,8182,63.78,66.79
2026-07-24,8183,43.39,46.97
2026-07-24,8197,83.38,84.91
2026-07-24,8201,45.88,57.83
2026-07-24,8204,0.0,0.0
2026-07-24,8210,62.51,70.44
2026-07-24,8213,40.09,50.28
2026-07-24,8215,50.0,52.85
2026-07-24,8218,0.0,0.0
2026-07-24,8219,0.0,0.0
2026-07-24,8221,0.0,0.0
2026-07-24,8222,31.52,36.93
2026-07-24,8225,73.02,79.65
2026-07-24,8227,18.22,27.87
2026-07-24,8234,45.92,53.75
2026-07-24,8240,47.02,53.82
2026-07-24,8249,53.54,57.61
2026-07-24,8255,46.65,51.94
2026-07-24,8259,0.0,0.0
2026-07-24,8261,45.82,52.02
2026-07-24,8264,0.0,0.0
2026-07-24,8271,37.22,42.89
2026-07-24,8272,25.15,38.05
2026-07-24,8276,33.56,47.96
2026-07-24,8277,13.48,19.98
2026-07-24,8279,52.51,62.22
2026-07-24,8281,34.88,44.49
2026-07-24,8284,46.81,63.08
2026-07-24,8286,0.0,0.0
2026-07-24,8287,70.24,70.24
2026-07-24,8289,33.62,42.86
2026-07-24,8291,71.9,71.9
2026-07-24,8297,92.95,92.95
2026-07-24,8298,81.25,81.25
2026-07-24,8299,33.16,43.59
2026-07-24,8307,97.93,99.42
2026-07-24,8325,0.0,0.0
2026-07-24,8329,87.2,90.81
2026-07-24,8341,46.48,48.94
2026-07-24,8342,65.66,71.7
2026-07-24,8345,71.53,82.2
2026-07-24,8349,66.92,71.03
2026-07-24,8351,70.91,80.5
2026-07-24,8354,48.05,64.76
2026-07-24,8358,45.66,51.51
2026-07-24,8359,79.54,83.39
2026-07-24,8361,0.0,0.0
2026-07-24,8367,61.38,70.64
2026-07-24,8374,68.57,71.69
2026-07-24,8375,40.34,77.08
2026-07-24,8380,0.0,19.38
2026-07-24,8382,56.89,65.98
2026-07-24,8383,49.47,56.37
2026-07-24,8390,42.69,48.25
2026-07-24,8401,54.39,62.91
2026-07-24,8403,32.25,38.53
2026-07-24,8404,73.66,78.92
2026-07-24,8409,38.58,48.57
2026-07-24,8410,51.12,59.01
2026-07-24,8411,79.17,81.77
2026-07-24,8415,89.55,92.82
2026-07-24,8416,77.11,77.11
2026-07-24,8419,40.55,53.22
2026-07-24,8421,59.43,64.03
2026-07-24,8422,33.59,37.02
2026-07-24,8423,54.85,63.05
2026-07-24,8424,50.7,60.57
2026-07-24,8426,70.26,74.33
2026-07-24,8427,0.0,0.0
2026-07-24,8429,38.03,41.63
2026-07-24,8431,15.37,23.52
2026-07-24,8432,56.47,61.59
2026-07-24,8433,60.42,67.52
2026-07-24,8435,20.64,41.13
2026-07-24,8436,30.27,39.48
2026-07-24,8437,28.04,41.77
2026-07-24,8438,68.25,80.53
2026-07-24,8440,29.05,32.6
2026-07-24,8442,61.4,71.44
2026-07-24,8443,60.89,69.36
2026-07-24,8444,77.61,85.95
2026-07-24,8446,42.87,50.2
2026-07-24,8450,56.66,58.33
2026-07-24,8452,100.0,100.0
2026-07-24,8454,79.72,81.37
2026-07-24,8455,87.77,89.9
2026-07-24,8458,48.85,72.45
2026-07-24,8462,58.8,65.41
2026-07-24,8463,76.69,82.13
2026-07-24,8464,78.17,87.0
2026-07-24,8465,41.56,58.22
2026-07-24,8466,67.45,77.55
2026-07-24,8467,73.88,82.01
2026-07-24,8472,55.75,63.04
2026-07-24,8473,65.58,69.5
2026-07-24,8475,100.0,100.0
2026-07-24,8476,62.15,71.43
2026-07-24,8477,75.87,78.19
2026-07-24,8478,75.66,76.53
2026-07-24,8479,41.51,62.09
2026-07-24,8481,53.62,66.44
2026-07-24,8482,90.26,95.18
2026-07-24,8485,0.0,96.18
2026-07-24,8487,45.92,55.81
2026-07-24,8488,80.3,87.1
2026-07-24,8489,47.99,57.18
2026-07-24,8490,29.07,45.34
2026-07-24,8491,0.0,9.23
2026-07-24,8492,88.34,92.97
2026-07-24,8495,89.86,92.1
2026-07-24,8496,84.71,87.43
2026-07-24,8499,72.65,79.81
2026-07-24,8707,0.0,0.0
2026-07-24,8708,36.63,43.67
2026-07-24,8710,18.1,28.87
2026-07-24,8712,63.73,76.09
2026-07-24,8718,28.24,35.31
2026-07-24,8719,79.45,86.77
2026-07-24,8720,47.24,56.82
2026-07-24,8721,0.0,0.0
2026-07-24,8722,56.87,62.7
2026-07-24,8723,41.3,50.62
2026-07-24,8724,33.58,40.62
2026-07-24,8725,25.24,32.32
2026-07-24,8905,88.78,92.47
2026-07-24,8906,49.92,55.46
2026-07-24,8908,85.98,88.97
2026-07-24,8916,59.65,66.56
2026-07-24,8917,65.8,82.83
2026-07-24,8921,63.01,85.56
2026-07-24,8923,74.55,82.32
2026-07-24,8924,29.85,38.36
2026-07-24,8925,27.42,41.2
2026-07-24,8926,53.37,58.77
2026-07-24,8927,74.15,83.25
2026-07-24,8928,35.67,49.16
2026-07-24,8929,39.18,45.67
2026-07-24,8930,56.92,68.86
2026-07-24,8931,78.56,81.47
2026-07-24,8932,75.4,80.5
2026-07-24,8933,47.58,52.74
2026-07-24,8934,94.77,94.77
2026-07-24,8935,42.46,50.72
2026-07-24,8936,22.93,31.68
2026-07-24,8937,87.85,90.79
2026-07-24,8938,45.07,56.96
2026-07-24,8940,62.76,70.88
2026-07-24,8941,46.42,67.11
2026-07-24,8942,41.72,50.57
2026-07-24,8945,0.0,0.0
2026-07-24,8977,94.48,96.97
2026-07-24,8996,35.44,51.09
2026-07-24,8999,20.5,62.83
2026-07-24,9103,3.71,11.7
2026-07-24,9105,15.08,24.86
2026-07-24,9110,21.86,44.09
2026-07-24,9136,63.19,67.9
2026-07-24,9801,66.04,69.31
2026-07-24,9802,56.23,65.25
2026-07-24,9902,50.29,56.53
2026-07-24,9904,64.81,69.25
2026-07-24,9905,72.26,73.83
2026-07-24,9906,74.97,78.76
2026-07-24,9907,70.6,74.7
2026-07-24,9908,74.79,80.6
2026-07-24,9910,86.71,88.91
2026-07-24,9911,61.42,67.87
2026-07-24,9912,55.57,62.52
2026-07-24,9914,54.97,66.63
2026-07-24,9917,70.99,76.58
2026-07-24,9918,77.04,84.59
2026-07-24,9919,42.77,46.07
2026-07-24,9921,56.51,65.86
2026-07-24,9922,59.03,69.33
2026-07-24,9924,53.51,61.89
2026-07-24,9925,62.5,69.06
2026-07-24,9926,73.65,83.82
2026-07-24,9927,52.7,58.92
2026-07-24,9928,67.16,74.49
2026-07-24,9929,84.0,88.13
2026-07-24,9930,76.88,77.81
2026-07-24,9931,73.42,78.06
2026-07-24,9933,55.65,62.23
2026-07-24,9934,59.6,67.07
2026-07-24,9935,49.53,62.41
2026-07-24,9936,20.07,29.04
2026-07-24,9937,82.53,89.25
2026-07-24,9938,46.9,55.13
2026-07-24,9939,51.63,61.78
2026-07-24,9940,78.01,81.52
2026-07-24,9941,66.9,70.48
2026-07-24,9942,39.14,52.94
2026-07-24,9943,69.48,71.09
2026-07-24,9944,66.13,78.75
2026-07-24,9945,60.85,64.96
2026-07-24,9946,78.51,81.41
2026-07-24,9947,0.0,0.0
2026-07-24,9948,0.0,0.0
2026-07-24,9949,53.62,73.27
2026-07-24,9950,80.07,83.41
2026-07-24,9951,39.55,46.8
2026-07-24,9952,0.0,0.0
2026-07-24,9953,0.0,0.0
2026-07-24,9955,56.57,61.79
2026-07-24,9956,0.0,0.0
2026-07-24,9957,95.48,96.03
2026-07-24,9958,43.4,53.36
2026-07-24,9959,0.0,0.0
2026-07-24,9960,60.17,76.29
2026-07-24,9961,89.73,93.39
2026-07-24,9962,39.99,47.1
2026-07-24,9963,100.0,100.0
2026-07-24,9964,100.0,100.0
2026-07-24,9965,0.0,0.0
