broker,ops,flips,bought,dumped,stocks,updated
?亞,60,9,14083.4,43.2,"[""1303"", ""1504"", ""1513"", ""2059"", ""2313"", ""2317"", ""2327"", ""2330"", ""2344"", ""2351"", ""2395"", ""2404"", ""2408"", ""2454"", ""2455"", ""2492"", ""2883"", ""3026"", ""3037"", ""3042"", ""3189"", ""3532"", ""3653"", ""3665"", ""3711"", ""4958"", ""6139"", ""6442"", ""6669"", ""6805"", ""8039"", ""8046"", ""8454"", ""8996""]",2026-10-01
?亞網路,18,11,883.3,496.6,"[""1108"", ""1503"", ""1612"", ""2031"", ""2305"", ""2359"", ""2387"", ""2388"", ""2481"", ""2739"", ""3543"", ""6166"", ""6525"", ""6834"", ""7795""]",2026-10-01
?亞鑫豐,55,25,7522.8,1324.2,"[""1301"", ""1423"", ""1503"", ""1513"", ""1526"", ""1608"", ""1612"", ""1709"", ""1718"", ""2010"", ""2025"", ""2031"", ""2103"", ""2241"", ""2301"", ""2324"", ""2344"", ""2357"", ""2360"", ""2408"", ""2449"", ""2478"", ""2484"", ""2496"", ""2634"", ""2645"", ""3042"", ""3413"", ""3481"", ""3661"", ""3669"", ""3679"", ""3716"", ""6152"", ""6226"", ""6282"", ""6446"", ""6672"", ""6863"", ""7711"", ""7795"", ""8110"", ""8454"", ""9904"", ""9914""]",2026-10-01
上海匯豐,423,136,134992.3,14637.7,"[""1301"", ""1303"", ""1326"", ""1514"", ""1560"", ""1809"", ""1815"", ""2010"", ""2031"", ""2059"", ""2069"", ""2103"", ""2254"", ""2301"", ""2303"", ""2305"", ""2308"", ""2313"", ""2317"", ""2324"", ""2327"", ""2330"", ""2337"", ""2342"", ""2344"", ""2347"", ""2351"", ""2353"", ""2357"", ""2360"", ""2368"", ""2369"", ""2376"", ""2379"", ""2382"", ""2395"", ""2404"", ""2408"", ""2409"", ""2413"", ""2436"", ""2449"", ""2454"", ""2455"", ""2465"", ""2492"", ""2546"", ""2603"", ""2633"", ""2723"", ""2816"", ""2880"", ""2883"", ""2884"", ""2886"", ""2887"", ""2890"", ""2891"", ""3008"", ""3017"", ""3023"", ""3026"", ""3037"", ""3042"", ""3044"", ""3081"", ""3090"", ""3105"", ""3141"", ""3152"", ""3162"", ""3189"", ""3211"", ""3227"", ""3231"", ""3260"", ""3264"", ""3293"", ""3324"", ""3356"", ""3406"", ""3443"", ""3450"", ""3481"", ""3504"", ""3529"", ""3605"", ""3653"", ""3661"", ""3665"", ""3707"", ""3708"", ""3711"", ""4772"", ""4908"", ""4958"", ""4979"", ""5274"", ""5289"", ""5291"", ""5347"", ""5351"", ""5475"", ""5483"", ""5515"", ""5519"", ""6121"", ""6139"", ""6147"", ""6166"", ""6173"", ""6182"", ""6187"", ""6213"", ""6231"", ""6271"", ""6274"", ""6278"", ""6279"", ""6409"", ""6442"", ""6488"", ""6505"", ""6510"", ""6531"", ""6533"", ""6589"", ""6643"", ""6669"", ""6770"", ""6782"", ""6805"", ""7749"", ""7769"", ""8021"", ""8028"", ""8042"", ""8043"", ""8046"", ""8054"", ""8064"", ""8069"", ""8070"", ""8150"", ""8358"", ""8996"", ""9904"", ""9914"", ""9941"", ""9945""]",2026-10-01
中信三重,52,24,2619.3,524.1,"[""1409"", ""1727"", ""2103"", ""2254"", ""2317"", ""2338"", ""2413"", ""2464"", ""2465"", ""2481"", ""2484"", ""2492"", ""2890"", ""2923"", ""3094"", ""3167"", ""3450"", ""3532"", ""3543"", ""4133"", ""4169"", ""4989"", ""5515"", ""6139"", ""6152"", ""6209"", ""6213"", ""6224"", ""6226"", ""6282"", ""6668"", ""6669"", ""6672"", ""6706"", ""6715"", ""6834"", ""7610"", ""7769"", ""7795"", ""8021"", ""8070""]",2026-10-01
中信中壢,57,25,2082.0,885.3,"[""1409"", ""1526"", ""2010"", ""2020"", ""2254"", ""2360"", ""2368"", ""2395"", ""2413"", ""2444"", ""2455"", ""2489"", ""2492"", ""2493"", ""2546"", ""2615"", ""2883"", ""3016"", ""3026"", ""3189"", ""3229"", ""3311"", ""3605"", ""4764"", ""5484"", ""5522"", ""6005"", ""6112"", ""6152"", ""6168"", ""6213"", ""6226"", ""6278"", ""6668"", ""6861"", ""6906"", ""7722"", ""7769"", ""8046"", ""8070"", ""9904"", ""9945""]",2026-10-01
中信嘉義,40,14,3927.8,583.3,"[""1612"", ""2031"", ""2332"", ""2340"", ""2359"", ""2387"", ""2409"", ""2489"", ""2542"", ""2739"", ""3229"", ""3356"", ""3481"", ""3605"", ""3652"", ""3717"", ""4989"", ""5225"", ""5484"", ""5522"", ""6206"", ""6225"", ""6226"", ""6272"", ""6589"", ""6691"", ""6969"", ""9904""]",2026-10-01
中信松江,48,16,22758.5,8108.1,"[""1528"", ""1605"", ""1713"", ""2301"", ""2313"", ""2327"", ""2332"", ""2338"", ""2344"", ""2404"", ""2409"", ""2421"", ""2489"", ""2546"", ""3026"", ""3037"", ""3055"", ""3481"", ""3533"", ""3715"", ""5292"", ""5484"", ""6209"", ""6225"", ""6226"", ""6409"", ""6589"", ""6869"", ""6924"", ""7765"", ""8028"", ""8150"", ""8996"", ""9945""]",2026-10-01
中信託三重,56,25,2009.7,499.1,"[""2221"", ""3066"", ""3081"", ""3141"", ""3162"", ""3234"", ""3374"", ""3441"", ""3664"", ""3693"", ""4542"", ""4908"", ""4931"", ""4971"", ""4973"", ""5202"", ""5289"", ""5386"", ""5425"", ""5475"", ""5904"", ""6179"", ""6182"", ""6187"", ""6218"", ""6231"", ""6279"", ""6488"", ""6588"", ""6640"", ""6727"", ""6739"", ""7717"", ""7751"", ""7842"", ""8050"", ""8096"", ""8358""]",2026-10-01
中信託中壢,41,16,1474.4,576.1,"[""1785"", ""1815"", ""2070"", ""3105"", ""3163"", ""3264"", ""3297"", ""3441"", ""3520"", ""3529"", ""3564"", ""3624"", ""3693"", ""4542"", ""4577"", ""4931"", ""4973"", ""5328"", ""5450"", ""5483"", ""6173"", ""6187"", ""6207"", ""6274"", ""6290"", ""6547"", ""6584"", ""6590"", ""8043""]",2026-10-01
中信託嘉義,28,10,613.5,57.3,"[""3219"", ""3236"", ""3520"", ""3529"", ""3624"", ""4556"", ""4973"", ""5251"", ""5351"", ""5464"", ""5475"", ""6148"", ""6231"", ""6259"", ""6279"", ""6716"", ""6739"", ""8050"", ""8240"", ""8431""]",2026-10-01
中信託忠,164,71,12660.1,3001.9,"[""1301"", ""1303"", ""1326"", ""1504"", ""1513"", ""1528"", ""1605"", ""1721"", ""1795"", ""2025"", ""2027"", ""2059"", ""2103"", ""2301"", ""2305"", ""2312"", ""2330"", ""2351"", ""2352"", ""2368"", ""2377"", ""2382"", ""2388"", ""2406"", ""2408"", ""2409"", ""2454"", ""2464"", ""2472"", ""2481"", ""2492"", ""2493"", ""2546"", ""2548"", ""2637"", ""2801"", ""2882"", ""2890"", ""3008"", ""3016"", ""3017"", ""3021"", ""3042"", ""3046"", ""3055"", ""3167"", ""3231"", ""3356"", ""3376"", ""3533"", ""3605"", ""3653"", ""3708"", ""4566"", ""4764"", ""4807"", ""4967"", ""4977"", ""4989"", ""5434"", ""5519"", ""5522"", ""5706"", ""6209"", ""6213"", ""6226"", ""6243"", ""6282"", ""6409"", ""6442"", ""6505"", ""6515"", ""6526"", ""6531"", ""6533"", ""6669"", ""6672"", ""6691"", ""6706"", ""6715"", ""6782"", ""6830"", ""6834"", ""6919"", ""6933"", ""7711"", ""7722"", ""7730"", ""7769"", ""8039"", ""8046"", ""8110"", ""8261"", ""8454"", ""8996"", ""9904"", ""9907""]",2026-10-01
中信託忠孝,105,48,2883.2,816.1,"[""1595"", ""3081"", ""3105"", ""3114"", ""3147"", ""3162"", ""3211"", ""3234"", ""3260"", ""3339"", ""3362"", ""3374"", ""3388"", ""3441"", ""3498"", ""3675"", ""3693"", ""4541"", ""4542"", ""4768"", ""4939"", ""4973"", ""5202"", ""5309"", ""5314"", ""5371"", ""5443"", ""5464"", ""5498"", ""6147"", ""6173"", ""6187"", ""6204"", ""6231"", ""6259"", ""6279"", ""6488"", ""6510"", ""6588"", ""6617"", ""6640"", ""6683"", ""6693"", ""6727"", ""6829"", ""6925"", ""7751"", ""7792"", ""7828"", ""8042"", ""8043"", ""8050"", ""8064"", ""8096"", ""8227""]",2026-10-01
中信託文,103,47,3992.4,728.3,"[""1218"", ""1303"", ""1326"", ""1409"", ""1503"", ""1519"", ""1528"", ""1809"", ""2010"", ""2059"", ""2241"", ""2303"", ""2305"", ""2313"", ""2344"", ""2360"", ""2363"", ""2382"", ""2387"", ""2408"", ""2413"", ""2434"", ""2454"", ""2464"", ""2468"", ""2472"", ""2492"", ""2546"", ""2601"", ""2915"", ""3016"", ""3017"", ""3055"", ""3311"", ""3356"", ""3437"", ""3450"", ""3481"", ""3504"", ""3665"", ""3669"", ""3708"", ""4566"", ""4736"", ""4764"", ""4927"", ""4976"", ""4989"", ""5522"", ""6166"", ""6168"", ""6213"", ""6226"", ""6668"", ""6689"", ""6691"", ""6706"", ""6715"", ""6830"", ""6861"", ""6906"", ""6949"", ""7722"", ""7768"", ""7788"", ""7795"", ""8046"", ""8150"", ""8454"", ""9914""]",2026-10-01
中信託文心,63,28,2205.8,254.4,"[""2221"", ""3066"", ""3227"", ""3234"", ""3297"", ""3434"", ""3441"", ""3529"", ""3564"", ""4542"", ""4908"", ""4931"", ""4939"", ""4973"", ""5274"", ""5314"", ""5425"", ""5475"", ""6026"", ""6173"", ""6179"", ""6182"", ""6227"", ""6461"", ""6588"", ""6640"", ""6683"", ""6716"", ""6727"", ""6739"", ""6907"", ""7717"", ""8043"", ""8064"", ""8084"", ""8111""]",2026-10-01
中信託新,80,37,14724.1,5445.6,"[""1528"", ""1709"", ""1727"", ""2027"", ""2059"", ""2069"", ""2317"", ""2338"", ""2342"", ""2409"", ""2413"", ""2426"", ""2434"", ""2436"", ""2454"", ""2464"", ""2467"", ""2496"", ""2915"", ""3026"", ""3055"", ""3167"", ""3231"", ""3356"", ""3450"", ""3481"", ""3605"", ""3653"", ""3665"", ""4736"", ""5285"", ""5706"", ""6213"", ""6278"", ""6442"", ""6446"", ""6515"", ""6669"", ""6672"", ""6691"", ""6861"", ""6969"", ""7711"", ""7749"", ""7788"", ""7795"", ""7799"", ""8103"", ""8150"", ""8996"", ""9914""]",2026-10-01
中信託新竹,50,19,1314.1,167.4,"[""1595"", ""3141"", ""3152"", ""3234"", ""3354"", ""3441"", ""3498"", ""3520"", ""3624"", ""3693"", ""4542"", ""4556"", ""4772"", ""4908"", ""4973"", ""5274"", ""5291"", ""5309"", ""5312"", ""5314"", ""5425"", ""5443"", ""6179"", ""6187"", ""6291"", ""6590"", ""6620"", ""6643"", ""6907"", ""7772"", ""7842"", ""8027"", ""8042"", ""8043"", ""8064""]",2026-10-01
中信託松江,18,8,1548.1,422.2,"[""3234"", ""3520"", ""3664"", ""4556"", ""5312"", ""5351"", ""6182"", ""6187"", ""6207"", ""6279"", ""6461"", ""6588"", ""6620"", ""6907"", ""8358""]",2026-10-01
中信託永,70,28,5045.6,859.2,"[""1307"", ""1605"", ""1727"", ""2327"", ""2342"", ""2363"", ""2369"", ""2404"", ""2408"", ""2421"", ""2425"", ""2444"", ""2454"", ""2465"", ""2481"", ""2489"", ""2491"", ""2546"", ""2851"", ""2891"", ""3008"", ""3037"", ""3090"", ""3189"", ""3356"", ""3605"", ""3708"", ""4956"", ""5608"", ""6206"", ""6278"", ""6442"", ""6533"", ""6579"", ""6589"", ""6691"", ""6706"", ""6830"", ""6861"", ""6969"", ""7768"", ""7795"", ""7799"", ""8046"", ""8454"", ""9904"", ""9914""]",2026-10-01
中信託永康,40,15,795.6,92.1,"[""1785"", ""3141"", ""3152"", ""3498"", ""3508"", ""3624"", ""3675"", ""3693"", ""3707"", ""4416"", ""4931"", ""4971"", ""4973"", ""5291"", ""5314"", ""5386"", ""5425"", ""5475"", ""6207"", ""6279"", ""6290"", ""6588"", ""6683"", ""7828"", ""8042"", ""8096"", ""8431""]",2026-10-01
中信託高,114,50,12306.9,2154.5,"[""1312"", ""1409"", ""1503"", ""1605"", ""1709"", ""2020"", ""2049"", ""2069"", ""2204"", ""2305"", ""2317"", ""2330"", ""2337"", ""2338"", ""2340"", ""2342"", ""2344"", ""2382"", ""2387"", ""2392"", ""2409"", ""2426"", ""2436"", ""2481"", ""2489"", ""2493"", ""2496"", ""2542"", ""2610"", ""2645"", ""2891"", ""3016"", ""3018"", ""3055"", ""3167"", ""3450"", ""3481"", ""3504"", ""4169"", ""4764"", ""4976"", ""4977"", ""5225"", ""5519"", ""5706"", ""6224"", ""6225"", ""6226"", ""6243"", ""6278"", ""6426"", ""6442"", ""6446"", ""6515"", ""6525"", ""6533"", ""6672"", ""6830"", ""6831"", ""6834"", ""6869"", ""6924"", ""6933"", ""7711"", ""7765"", ""8021"", ""8033"", ""8039"", ""8070"", ""8454"", ""8996"", ""9904"", ""9914""]",2026-10-01
中信託高雄,75,28,3351.8,387.0,"[""2221"", ""3141"", ""3147"", ""3317"", ""3388"", ""3434"", ""3441"", ""3498"", ""3529"", ""3680"", ""3691"", ""3693"", ""4577"", ""4707"", ""4772"", ""4931"", ""5274"", ""5314"", ""5328"", ""5425"", ""5475"", ""6026"", ""6147"", ""6173"", ""6179"", ""6187"", ""6218"", ""6259"", ""6588"", ""6620"", ""6727"", ""6811"", ""6907"", ""7717"", ""7751"", ""7828"", ""8038"", ""8040"", ""8042"", ""8043"", ""8064"", ""8096"", ""8227"", ""8358""]",2026-10-01
中國信託,669,272,125127.7,14293.8,"[""1303"", ""1307"", ""1314"", ""1409"", ""1504"", ""1528"", ""1560"", ""1605"", ""1608"", ""1709"", ""1713"", ""1717"", ""1727"", ""1802"", ""2010"", ""2030"", ""2049"", ""2059"", ""2103"", ""2301"", ""2303"", ""2305"", ""2308"", ""2313"", ""2317"", ""2324"", ""2327"", ""2330"", ""2337"", ""2338"", ""2342"", ""2344"", ""2347"", ""2351"", ""2357"", ""2360"", ""2368"", ""2375"", ""2376"", ""2379"", ""2382"", ""2392"", ""2395"", ""2404"", ""2408"", ""2409"", ""2413"", ""2421"", ""2426"", ""2434"", ""2449"", ""2454"", ""2455"", ""2464"", ""2465"", ""2467"", ""2481"", ""2483"", ""2484"", ""2489"", ""2492"", ""2493"", ""2496"", ""2542"", ""2546"", ""2603"", ""2610"", ""2618"", ""2633"", ""2634"", ""2637"", ""2739"", ""2816"", ""2855"", ""2882"", ""2883"", ""2884"", ""2886"", ""2887"", ""2890"", ""2891"", ""3006"", ""3008"", ""3016"", ""3017"", ""3026"", ""3037"", ""3042"", ""3044"", ""3055"", ""3090"", ""3167"", ""3189"", ""3231"", ""3406"", ""3413"", ""3437"", ""3443"", ""3450"", ""3481"", ""3504"", ""3532"", ""3533"", ""3605"", ""3653"", ""3661"", ""3665"", ""3679"", ""3702"", ""3708"", ""3711"", ""3715"", ""4722"", ""4736"", ""4764"", ""4770"", ""4927"", ""4958"", ""4976"", ""4989"", ""5285"", ""5434"", ""5515"", ""5519"", ""5522"", ""5876"", ""6116"", ""6139"", ""6209"", ""6213"", ""6225"", ""6226"", ""6272"", ""6278"", ""6282"", ""6416"", ""6426"", ""6446"", ""6456"", ""6505"", ""6515"", ""6525"", ""6531"", ""6533"", ""6589"", ""6669"", ""6689"", ""6691"", ""6706"", ""6715"", ""6770"", ""6782"", ""6805"", ""6830"", ""6861"", ""6869"", ""6906"", ""6909"", ""6919"", ""6949"", ""7711"", ""7730"", ""7769"", ""7788"", ""7795"", ""7799"", ""8021"", ""8028"", ""8039"", ""8046"", ""8070"", ""8103"", ""8110"", ""8112"", ""8150"", ""8261"", ""8454"", ""8996"", ""9904"", ""9914"", ""9921"", ""9933""]",2026-10-01
中國信託證,320,151,32050.9,3526.7,"[""1569"", ""1785"", ""1815"", ""2221"", ""3081"", ""3105"", ""3141"", ""3147"", ""3152"", ""3162"", ""3211"", ""3219"", ""3234"", ""3264"", ""3324"", ""3339"", ""3354"", ""3357"", ""3362"", ""3374"", ""3441"", ""3491"", ""3498"", ""3508"", ""3529"", ""3624"", ""3664"", ""3675"", ""3680"", ""3693"", ""4542"", ""4772"", ""4903"", ""4908"", ""4931"", ""4971"", ""4973"", ""4979"", ""5251"", ""5274"", ""5289"", ""5291"", ""5312"", ""5314"", ""5328"", ""5347"", ""5351"", ""5371"", ""5386"", ""5425"", ""5450"", ""5464"", ""5475"", ""5483"", ""6121"", ""6147"", ""6173"", ""6179"", ""6182"", ""6187"", ""6190"", ""6217"", ""6223"", ""6259"", ""6274"", ""6279"", ""6291"", ""6488"", ""6510"", ""6538"", ""6584"", ""6588"", ""6617"", ""6620"", ""6640"", ""6643"", ""6683"", ""6690"", ""6716"", ""6727"", ""6733"", ""6739"", ""6907"", ""6945"", ""7751"", ""7772"", ""7792"", ""7825"", ""7828"", ""8027"", ""8038"", ""8042"", ""8043"", ""8050"", ""8054"", ""8064"", ""8069"", ""8085"", ""8227"", ""8358"", ""8431"", ""8937""]",2026-10-01
中農,47,14,1649.1,151.2,"[""1423"", ""1560"", ""1713"", ""1717"", ""1810"", ""2020"", ""2030"", ""2031"", ""2204"", ""2332"", ""2338"", ""2340"", ""2342"", ""2387"", ""2413"", ""2425"", ""2484"", ""2542"", ""2603"", ""2633"", ""2739"", ""2801"", ""2816"", ""3021"", ""3211"", ""3441"", ""3675"", ""4416"", ""4540"", ""4735"", ""5202"", ""5299"", ""5483"", ""6213"", ""6472"", ""6526"", ""6753"", ""9914""]",2026-10-01
中銀台北,28,8,1028.2,179.9,"[""1713"", ""2301"", ""2330"", ""2360"", ""2387"", ""2449"", ""2484"", ""3006"", ""3041"", ""3229"", ""3652"", ""4566"", ""4976"", ""5225"", ""6168"", ""6669"", ""8046"", ""9914""]",2026-10-01
中銀員林,33,11,1233.6,245.9,"[""1528"", ""1612"", ""1718"", ""2332"", ""2351"", ""2387"", ""2472"", ""2546"", ""3055"", ""3481"", ""3679"", ""3708"", ""5608"", ""6226"", ""6446"", ""6672"", ""6969"", ""7795"", ""7799"", ""8033"", ""9904"", ""9941""]",2026-10-01
中銀豐原,76,29,5845.3,1583.6,"[""1303"", ""1312"", ""1608"", ""1709"", ""1713"", ""1727"", ""1810"", ""2010"", ""2025"", ""2303"", ""2332"", ""2337"", ""2353"", ""2357"", ""2360"", ""2387"", ""2409"", ""2449"", ""2455"", ""2467"", ""2468"", ""2481"", ""2484"", ""2546"", ""2601"", ""2633"", ""3006"", ""3017"", ""3356"", ""3481"", ""3669"", ""3679"", ""3717"", ""4551"", ""4967"", ""4976"", ""5706"", ""6152"", ""6271"", ""6451"", ""6669"", ""6691"", ""6834"", ""6933"", ""7722"", ""7788"", ""8110"", ""9904""]",2026-10-01
中銀高雄,7,3,1507.0,80.1,"[""2025"", ""2338"", ""2413"", ""2816"", ""3229"", ""4967"", ""7730""]",2026-10-01
亞東,85,39,4323.9,515.3,"[""1301"", ""1423"", ""1513"", ""1528"", ""1560"", ""1612"", ""2313"", ""2327"", ""2337"", ""2347"", ""2387"", ""2421"", ""2426"", ""2449"", ""2467"", ""2542"", ""2645"", ""2739"", ""2915"", ""3017"", ""3037"", ""3081"", ""3152"", ""3163"", ""3324"", ""3376"", ""3413"", ""3450"", ""3467"", ""3504"", ""3529"", ""3543"", ""3711"", ""4416"", ""4541"", ""4566"", ""4736"", ""4931"", ""4967"", ""4971"", ""5225"", ""5251"", ""5483"", ""6152"", ""6182"", ""6510"", ""6515"", ""6533"", ""6640"", ""6643"", ""6683"", ""6691"", ""6716"", ""6739"", ""6770"", ""7711"", ""7722"", ""7792"", ""8454"", ""9904""]",2026-10-01
亞東台中,13,4,200.0,34.3,"[""2465"", ""2546"", ""2603"", ""3354"", ""5450"", ""5522"", ""6225"", ""6533"", ""8111"", ""8454"", ""9907"", ""9914""]",2026-10-01
亞東台南,12,4,557.0,86.0,"[""1326"", ""2413"", ""2496"", ""3691"", ""3716"", ""4956"", ""5443"", ""5608"", ""8050"", ""8110""]",2026-10-01
亞東新竹,30,11,3399.7,2811.1,"[""1303"", ""1326"", ""2010"", ""2547"", ""2633"", ""2645"", ""3234"", ""3504"", ""4556"", ""4764"", ""5312"", ""5519"", ""6023"", ""6188"", ""6505"", ""6617"", ""6693"", ""6716"", ""6861"", ""6907"", ""7788"", ""7799"", ""8096"", ""8103"", ""9904""]",2026-10-01
亞東板橋,57,19,2201.3,273.0,"[""1303"", ""2025"", ""2070"", ""2359"", ""2392"", ""2472"", ""2492"", ""2496"", ""2546"", ""2633"", ""2637"", ""3105"", ""3260"", ""3508"", ""3624"", ""3680"", ""4416"", ""4551"", ""4764"", ""4768"", ""5299"", ""5498"", ""6005"", ""6187"", ""6227"", ""6416"", ""6579"", ""6683"", ""6693"", ""6739"", ""6861"", ""7765"", ""7792"", ""8046"", ""8076"", ""8103"", ""8111"", ""8937"", ""8996""]",2026-10-01
亞東高雄,23,6,340.5,98.0,"[""1423"", ""1612"", ""2010"", ""2025"", ""2816"", ""3094"", ""3441"", ""3504"", ""4566"", ""4939"", ""5519"", ""6148"", ""6291"", ""6533"", ""6577"", ""7792""]",2026-10-01
京城,33,9,2322.2,114.7,"[""1503"", ""1721"", ""2434"", ""2464"", ""2484"", ""2496"", ""2542"", ""2618"", ""2634"", ""2880"", ""2891"", ""3026"", ""3518"", ""5230"", ""5291"", ""5328"", ""5425"", ""5475"", ""5706"", ""6112"", ""6204"", ""6207"", ""6245"", ""6525"", ""6640"", ""6715"", ""6830"", ""6885"", ""6925"", ""7799"", ""8112"", ""9904"", ""9945""]",2026-10-01
京城嘉義,29,7,3364.6,575.5,"[""1307"", ""1608"", ""1612"", ""1713"", ""2010"", ""2305"", ""2352"", ""2363"", ""2455"", ""2630"", ""3234"", ""3481"", ""3532"", ""3715"", ""4171"", ""4566"", ""4977"", ""5314"", ""5484"", ""6461"", ""6533"", ""8039"", ""8085"", ""8431""]",2026-10-01
企銀,24,9,1754.8,196.3,"[""1504"", ""2010"", ""2020"", ""2301"", ""2330"", ""2395"", ""2434"", ""2454"", ""2465"", ""2630"", ""3008"", ""3017"", ""3231"", ""3504"", ""3533"", ""3711"", ""4736"", ""5515"", ""6213"", ""6515""]",2026-10-01
企銀九如,11,4,210.2,9.0,"[""2542"", ""2633"", ""3661"", ""5706"", ""6869"", ""8070""]",2026-10-01
企銀北高,4,2,111.4,41.0,"[""1608"", ""2404"", ""6152""]",2026-10-01
企銀台中,13,3,799.8,28.9,"[""1612"", ""2010"", ""2103"", ""2395"", ""2413"", ""2436"", ""2887"", ""2890"", ""3679"", ""3708"", ""8112""]",2026-10-01
企銀台南,12,7,203.0,71.1,"[""1721"", ""2031"", ""2426"", ""4967"", ""5515"", ""6226"", ""6579"", ""6919"", ""7711""]",2026-10-01
企銀嘉義,11,5,96.3,59.3,"[""2421"", ""2496"", ""2633"", ""6112"", ""6226""]",2026-10-01
企銀埔墘,11,4,496.5,45.6,"[""2020"", ""2633"", ""3094"", ""3665"", ""3717"", ""4169"", ""5225"", ""6282"", ""6830""]",2026-10-01
企銀太平,20,5,1385.5,15.7,"[""1303"", ""1605"", ""2332"", ""2353"", ""2368"", ""2387"", ""2816"", ""3094"", ""4976"", ""5706"", ""6409"", ""6446"", ""6672"", ""9945""]",2026-10-01
企銀屏東,8,1,212.0,1.0,"[""1608"", ""1810"", ""2010"", ""2816"", ""5706"", ""9945""]",2026-10-01
企銀岡山,16,2,1809.0,302.0,"[""1513"", ""2027"", ""2069"", ""2241"", ""2409"", ""2542"", ""2890"", ""3437"", ""6885"", ""8070"", ""9945""]",2026-10-01
企銀桃園,21,5,2012.7,56.8,"[""1326"", ""1608"", ""1709"", ""2020"", ""2059"", ""2103"", ""2344"", ""2436"", ""2633"", ""3019"", ""3311"", ""3450"", ""6672"", ""6753"", ""8261"", ""8454""]",2026-10-01
企銀民雄,11,3,701.9,293.5,"[""2413"", ""2434"", ""2610"", ""2855"", ""3708"", ""5522"", ""5706"", ""8039""]",2026-10-01
企銀竹北,17,7,1495.8,257.5,"[""1528"", ""1560"", ""1612"", ""1713"", ""2327"", ""2344"", ""2406"", ""2408"", ""2455"", ""6213"", ""6226"", ""6691""]",2026-10-01
企銀豐原,11,5,2016.7,592.1,"[""1303"", ""1326"", ""1612"", ""2344"", ""3006"", ""3661"", ""5522"", ""6213""]",2026-10-01
元大,2663,1326,1882071.3,703996.9,"[""1218"", ""1301"", ""1303"", ""1307"", ""1312"", ""1314"", ""1326"", ""1339"", ""1409"", ""1423"", ""1503"", ""1504"", ""1513"", ""1514"", ""1519"", ""1526"", ""1528"", ""1569"", ""1605"", ""1608"", ""1612"", ""1709"", ""1713"", ""1717"", ""1718"", ""1721"", ""1727"", ""1785"", ""1795"", ""1802"", ""1809"", ""1810"", ""1815"", ""2006"", ""2010"", ""2020"", ""2025"", ""2030"", ""2031"", ""2049"", ""2059"", ""2061"", ""2069"", ""2070"", ""2103"", ""2204"", ""2221"", ""2241"", ""2254"", ""2301"", ""2303"", ""2305"", ""2308"", ""2312"", ""2313"", ""2317"", ""2324"", ""2327"", ""2330"", ""2332"", ""2337"", ""2338"", ""2340"", ""2342"", ""2344"", ""2347"", ""2351"", ""2352"", ""2353"", ""2357"", ""2359"", ""2360"", ""2363"", ""2368"", ""2369"", ""2375"", ""2376"", ""2377"", ""2379"", ""2382"", ""2387"", ""2388"", ""2392"", ""2395"", ""2404"", ""2406"", ""2408"", ""2409"", ""2413"", ""2421"", ""2425"", ""2426"", ""2434"", ""2436"", ""2449"", ""2451"", ""2454"", ""2455"", ""2464"", ""2465"", ""2467"", ""2468"", ""2472"", ""2478"", ""2481"", ""2483"", ""2484"", ""2489"", ""2491"", ""2492"", ""2493"", ""2496"", ""2542"", ""2546"", ""2548"", ""2601"", ""2603"", ""2615"", ""2618"", ""2630"", ""2633"", ""2634"", ""2645"", ""2723"", ""2739"", ""2801"", ""2816"", ""2855"", ""2880"", ""2882"", ""2883"", ""2884"", ""2885"", ""2886"", ""2887"", ""2890"", ""2891"", ""2912"", ""2915"", ""2923"", ""3003"", ""3006"", ""3008"", ""3016"", ""3017"", ""3018"", ""3019"", ""3021"", ""3026"", ""3036"", ""3037"", ""3042"", ""3044"", ""3046"", ""3049"", ""3055"", ""3081"", ""3090"", ""3094"", ""3105"", ""3141"", ""3147"", ""3152"", ""3162"", ""3163"", ""3167"", ""3189"", ""3211"", ""3219"", ""3227"", ""3229"", ""3231"", ""3234"", ""3260"", ""3264"", ""3293"", ""3296"", ""3297"", ""3311"", ""3324"", ""3339"", ""3354"", ""3357"", ""3362"", ""3363"", ""3374"", ""3376"", ""3388"", ""3406"", ""3413"", ""3441"", ""3443"", ""3450"", ""3455"", ""3467"", ""3481"", ""3498"", ""3504"", ""3520"", ""3529"", ""3532"", ""3533"", ""3543"", ""3605"", ""3624"", ""3652"", ""3653"", ""3661"", ""3665"", ""3669"", ""3675"", ""3679"", ""3680"", ""3693"", ""3702"", ""3707"", ""3708"", ""3709"", ""3711"", ""3715"", ""3717"", ""4133"", ""4169"", ""4174"", ""4510"", ""4542"", ""4551"", ""4556"", ""4566"", ""4576"", ""4735"", ""4736"", ""4764"", ""4768"", ""4770"", ""4772"", ""4908"", ""4919"", ""4927"", ""4931"", ""4939"", ""4956"", ""4958"", ""4967"", ""4971"", ""4973"", ""4976"", ""4977"", ""4979"", ""4989"", ""4991"", ""5225"", ""5251"", ""5274"", ""5285"", ""5289"", ""5291"", ""5292"", ""5309"", ""5312"", ""5314"", ""5328"", ""5347"", ""5351"", ""5371"", ""5386"", ""5425"", ""5434"", ""5443"", ""5464"", ""5475"", ""5483"", ""5484"", ""5498"", ""5515"", ""5519"", ""5522"", ""5706"", ""5876"", ""5904"", ""6005"", ""6112"", ""6116"", ""6121"", ""6133"", ""6139"", ""6141"", ""6147"", ""6148"", ""6152"", ""6166"", ""6168"", ""6173"", ""6175"", ""6179"", ""6182"", ""6187"", ""6188"", ""6190"", ""6199"", ""6204"", ""6206"", ""6207"", ""6209"", ""6213"", ""6217"", ""6218"", ""6221"", ""6223"", ""6224"", ""6226"", ""6227"", ""6231"", ""6243"", ""6244"", ""6245"", ""6257"", ""6259"", ""6269"", ""6271"", ""6272"", ""6274"", ""6278"", ""6279"", ""6282"", ""6290"", ""6291"", ""6409"", ""6416"", ""6426"", ""6442"", ""6443"", ""6446"", ""6451"", ""6456"", ""6472"", ""6488"", ""6505"", ""6510"", ""6515"", ""6517"", ""6525"", ""6526"", ""6531"", ""6533"", ""6538"", ""6547"", ""6548"", ""6577"", ""6579"", ""6584"", ""6588"", ""6589"", ""6617"", ""6620"", ""6640"", ""6643"", ""6669"", ""6672"", ""6683"", ""6690"", ""6691"", ""6693"", ""6706"", ""6715"", ""6716"", ""6727"", ""6739"", ""6753"", ""6770"", ""6805"", ""6811"", ""6829"", ""6830"", ""6831"", ""6834"", ""6861"", ""6869"", ""6872"", ""6906"", ""6907"", ""6909"", ""6919"", ""6924"", ""6933"", ""6945"", ""6949"", ""6969"", ""7610"", ""7711"", ""7714"", ""7717"", ""7722"", ""7730"", ""7750"", ""7751"", ""7765"", ""7768"", ""7769"", ""7772"", ""7788"", ""7792"", ""7795"", ""7799"", ""7828"", ""7842"", ""8021"", ""8027"", ""8028"", ""8033"", ""8039"", ""8042"", ""8043"", ""8046"", ""8050"", ""8054"", ""8064"", ""8069"", ""8084"", ""8085"", ""8096"", ""8103"", ""8110"", ""8111"", ""8112"", ""8150"", ""8182"", ""8227"", ""8261"", ""8358"", ""8383"", ""8431"", ""8454"", ""8937"", ""8996"", ""9904"", ""9914"", ""9921"", ""9933"", ""9945""]",2026-10-01
元大三峽,21,5,586.1,218.8,"[""1528"", ""1605"", ""2436"", ""2468"", ""2493"", ""3026"", ""3152"", ""3708"", ""4924"", ""5351"", ""5464"", ""5519"", ""6279"", ""6811"", ""6906"", ""7711"", ""8039"", ""8076"", ""8085"", ""9904""]",2026-10-01
元大三民,100,43,11847.4,2416.3,"[""1303"", ""1560"", ""1795"", ""1809"", ""2254"", ""2301"", ""2303"", ""2313"", ""2408"", ""2425"", ""2455"", ""2542"", ""3026"", ""3037"", ""3041"", ""3081"", ""3162"", ""3227"", ""3357"", ""3388"", ""3437"", ""3450"", ""3543"", ""3664"", ""3679"", ""3707"", ""3708"", ""3711"", ""4542"", ""4764"", ""4931"", ""4991"", ""5202"", ""5251"", ""5291"", ""5328"", ""5371"", ""5443"", ""6173"", ""6207"", ""6221"", ""6227"", ""6259"", ""6291"", ""6488"", ""6533"", ""6584"", ""6617"", ""6620"", ""6672"", ""6683"", ""6907"", ""6945"", ""7714"", ""7795"", ""8021"", ""8033"", ""8050"", ""8069"", ""8431"", ""8454"", ""8996"", ""9904""]",2026-10-01
元大三重,35,17,1601.4,225.9,"[""1569"", ""2454"", ""2481"", ""2816"", ""2887"", ""2923"", ""3042"", ""3141"", ""3147"", ""3413"", ""3675"", ""3693"", ""4956"", ""5475"", ""6226"", ""6689"", ""6834"", ""6907"", ""8046"", ""8096"", ""8103"", ""8358""]",2026-10-01
元大上新,57,23,2949.6,299.7,"[""1526"", ""1560"", ""1608"", ""1709"", ""2031"", ""2254"", ""2301"", ""2368"", ""2409"", ""2425"", ""2438"", ""2455"", ""2465"", ""2481"", ""2492"", ""2542"", ""2816"", ""3090"", ""3229"", ""3356"", ""3532"", ""4736"", ""4764"", ""4976"", ""6141"", ""6213"", ""6225"", ""6226"", ""6426"", ""6525"", ""6589"", ""6805"", ""6909"", ""7722"", ""7765"", ""8033"", ""9904"", ""9914""]",2026-10-01
元大上新莊,20,12,441.7,276.3,"[""3219"", ""3362"", ""3441"", ""3498"", ""3693"", ""4171"", ""4971"", ""5443"", ""5475"", ""6173"", ""6207"", ""6274"", ""6488"", ""6584"", ""8042"", ""8043"", ""8050""]",2026-10-01
元大中北,47,18,4212.4,801.4,"[""2103"", ""2303"", ""2327"", ""2337"", ""2340"", ""2344"", ""2352"", ""2359"", ""2363"", ""2375"", ""2413"", ""2454"", ""2455"", ""2489"", ""2491"", ""3443"", ""3450"", ""3679"", ""3708"", ""3715"", ""4551"", ""4566"", ""4967"", ""5285"", ""5484"", ""5608"", ""6005"", ""6133"", ""6409"", ""6446"", ""6456"", ""6689"", ""6919"", ""7730"", ""8033"", ""8103""]",2026-10-01
元大中和,71,28,7985.6,362.9,"[""1446"", ""1810"", ""2221"", ""2305"", ""2330"", ""2338"", ""2359"", ""2363"", ""2368"", ""2387"", ""2408"", ""2464"", ""2723"", ""2739"", ""2883"", ""2887"", ""3016"", ""3297"", ""3354"", ""3356"", ""3450"", ""3652"", ""3664"", ""3693"", ""3707"", ""4169"", ""4541"", ""4764"", ""4971"", ""4979"", ""4991"", ""5314"", ""5371"", ""5475"", ""6026"", ""6112"", ""6147"", ""6179"", ""6207"", ""6213"", ""6225"", ""6227"", ""6274"", ""6442"", ""6620"", ""6782"", ""6907"", ""6924"", ""6933"", ""7795"", ""8039"", ""8043"", ""8431""]",2026-10-01
元大中壢,247,124,19150.5,6664.4,"[""1326"", ""1503"", ""1504"", ""1519"", ""1526"", ""1528"", ""1709"", ""1713"", ""1727"", ""1810"", ""1815"", ""2020"", ""2030"", ""2033"", ""2059"", ""2221"", ""2241"", ""2305"", ""2338"", ""2342"", ""2351"", ""2353"", ""2375"", ""2377"", ""2387"", ""2388"", ""2408"", ""2436"", ""2455"", ""2478"", ""2481"", ""2489"", ""2492"", ""2493"", ""2496"", ""2546"", ""2633"", ""2634"", ""2801"", ""2884"", ""2890"", ""2891"", ""2912"", ""3026"", ""3037"", ""3041"", ""3042"", ""3046"", ""3055"", ""3234"", ""3260"", ""3293"", ""3324"", ""3406"", ""3450"", ""3455"", ""3481"", ""3498"", ""3504"", ""3520"", ""3532"", ""3624"", ""3673"", ""3675"", ""3693"", ""3707"", ""3711"", ""4133"", ""4416"", ""4542"", ""4566"", ""4576"", ""4707"", ""4764"", ""4908"", ""4927"", ""4931"", ""4939"", ""4971"", ""5225"", ""5285"", ""5299"", ""5328"", ""5425"", ""5443"", ""5450"", ""5464"", ""5475"", ""5483"", ""5484"", ""5515"", ""5519"", ""5522"", ""5608"", ""5706"", ""6121"", ""6139"", ""6152"", ""6173"", ""6182"", ""6187"", ""6204"", ""6207"", ""6209"", ""6217"", ""6226"", ""6231"", ""6245"", ""6259"", ""6271"", ""6279"", ""6290"", ""6426"", ""6446"", ""6451"", ""6461"", ""6505"", ""6525"", ""6533"", ""6589"", ""6617"", ""6620"", ""6640"", ""6668"", ""6672"", ""6683"", ""6691"", ""6693"", ""6739"", ""6753"", ""6770"", ""6869"", ""6907"", ""6933"", ""7717"", ""7722"", ""7730"", ""7765"", ""7772"", ""7788"", ""7799"", ""7825"", ""8021"", ""8043"", ""8046"", ""8076"", ""8111"", ""8150"", ""8454"", ""8996"", ""9933"", ""9945""]",2026-10-01
元大中山,62,24,3214.8,515.5,"[""1608"", ""1612"", ""1727"", ""2030"", ""2312"", ""2327"", ""2338"", ""2351"", ""2369"", ""2409"", ""2413"", ""2426"", ""2449"", ""2455"", ""2464"", ""2467"", ""2492"", ""2493"", ""2496"", ""2615"", ""2633"", ""2883"", ""2923"", ""3006"", ""3094"", ""3229"", ""3443"", ""3450"", ""3661"", ""4764"", ""5706"", ""5876"", ""6213"", ""6226"", ""6278"", ""6282"", ""6442"", ""6669"", ""6909"", ""6933"", ""7768"", ""8039"", ""8110"", ""9914""]",2026-10-01
元大中山北,26,8,609.1,223.4,"[""3152"", ""3211"", ""3227"", ""3498"", ""3564"", ""3664"", ""4924"", ""4971"", ""5309"", ""5328"", ""5351"", ""6026"", ""6179"", ""6187"", ""6204"", ""6274"", ""6590"", ""6716"", ""6907"", ""7825"", ""8043"", ""8050""]",2026-10-01
元大中崙,93,42,6778.2,4021.1,"[""1301"", ""1303"", ""1307"", ""1815"", ""2301"", ""2344"", ""2347"", ""2363"", ""2368"", ""2369"", ""2615"", ""3021"", ""3042"", ""3046"", ""3264"", ""3362"", ""3374"", ""3376"", ""3388"", ""3441"", ""3443"", ""3455"", ""3481"", ""3577"", ""3605"", ""3653"", ""3680"", ""3693"", ""3711"", ""4133"", ""4551"", ""4556"", ""4566"", ""4967"", ""5225"", ""5312"", ""5515"", ""5706"", ""6179"", ""6182"", ""6207"", ""6213"", ""6274"", ""6515"", ""6533"", ""6683"", ""7714"", ""7769"", ""7792"", ""7825"", ""8039"", ""8043"", ""8046"", ""8064"", ""8150"", ""8261"", ""9904"", ""9945""]",2026-10-01
元大中港,36,17,1562.3,535.1,"[""1519"", ""1526"", ""1718"", ""1809"", ""2241"", ""2313"", ""2408"", ""2413"", ""2634"", ""3167"", ""3504"", ""4976"", ""5515"", ""5519"", ""5876"", ""6116"", ""6166"", ""6168"", ""6225"", ""6243"", ""6689"", ""6933"", ""7711"", ""7765"", ""7768"", ""8039"", ""8046"", ""8112"", ""9904"", ""9914""]",2026-10-01
元大仁愛,92,34,2846.9,813.4,"[""1312"", ""1423"", ""1513"", ""1514"", ""1560"", ""1713"", ""1795"", ""2059"", ""2351"", ""2357"", ""2426"", ""2468"", ""2481"", ""2484"", ""2546"", ""2615"", ""2855"", ""3016"", ""3026"", ""3081"", ""3209"", ""3264"", ""3297"", ""3356"", ""3443"", ""3508"", ""3532"", ""3605"", ""3624"", ""4171"", ""4764"", ""4939"", ""4967"", ""4971"", ""4973"", ""5299"", ""5371"", ""5386"", ""5475"", ""5608"", ""5706"", ""6023"", ""6166"", ""6182"", ""6187"", ""6279"", ""6426"", ""6505"", ""6538"", ""6584"", ""6683"", ""6689"", ""6715"", ""6727"", ""6753"", ""6907"", ""7788"", ""8033"", ""8042"", ""8227"", ""8261""]",2026-10-01
元大佳里,68,26,4811.5,992.6,"[""1802"", ""1810"", ""2010"", ""2033"", ""2061"", ""2254"", ""2337"", ""2342"", ""2344"", ""2351"", ""2352"", ""2376"", ""2409"", ""3041"", ""3046"", ""3264"", ""3297"", ""3356"", ""3543"", ""3605"", ""4770"", ""4973"", ""5434"", ""5450"", ""6121"", ""6214"", ""6231"", ""6505"", ""6533"", ""6669"", ""6770"", ""6885"", ""6906"", ""6969"", ""7714"", ""7722"", ""7842"", ""8050"", ""8085"", ""8110"", ""8111"", ""8150"", ""9904"", ""9914""]",2026-10-01
元大信安,72,46,8332.3,5317.7,"[""1526"", ""1528"", ""1608"", ""1709"", ""1802"", ""1810"", ""2030"", ""2305"", ""2327"", ""2352"", ""2360"", ""2363"", ""2406"", ""2409"", ""2464"", ""2468"", ""2481"", ""2483"", ""2492"", ""2630"", ""2645"", ""3008"", ""3016"", ""3021"", ""3036"", ""3042"", ""3044"", ""3055"", ""3229"", ""3406"", ""3481"", ""3605"", ""3679"", ""3717"", ""4956"", ""4958"", ""4989"", ""5434"", ""6166"", ""6213"", ""6226"", ""6243"", ""6409"", ""6505"", ""6669"", ""6715"", ""6753"", ""6861"", ""7711"", ""7730"", ""8039"", ""8110"", ""8150"", ""9921""]",2026-10-01
元大信義,109,40,12934.2,1504.7,"[""1326"", ""1503"", ""1569"", ""1709"", ""1785"", ""2010"", ""2303"", ""2305"", ""2330"", ""2332"", ""2342"", ""2344"", ""2352"", ""2359"", ""2376"", ""2387"", ""2408"", ""2426"", ""2455"", ""2481"", ""2492"", ""2633"", ""2816"", ""3021"", ""3026"", ""3042"", ""3167"", ""3231"", ""3293"", ""3356"", ""3374"", ""3406"", ""3434"", ""3441"", ""3450"", ""3481"", ""3661"", ""4566"", ""4958"", ""4973"", ""4979"", ""4991"", ""5285"", ""5351"", ""5475"", ""5608"", ""6166"", ""6187"", ""6213"", ""6225"", ""6226"", ""6274"", ""6290"", ""6488"", ""6525"", ""6669"", ""6706"", ""6715"", ""6805"", ""7711"", ""7751"", ""7788"", ""7792"", ""7842"", ""8021"", ""8033"", ""8039"", ""8043"", ""8096"", ""8261"", ""8937"", ""9945""]",2026-10-01
元大信義安和,35,23,2801.6,1373.5,"[""1569"", ""1785"", ""1815"", ""2221"", ""3105"", ""3219"", ""3324"", ""3362"", ""3441"", ""3577"", ""3624"", ""4542"", ""4556"", ""4931"", ""5202"", ""5314"", ""5328"", ""5443"", ""6147"", ""6173"", ""6207"", ""6218"", ""6488"", ""7717"", ""8043"", ""8111"", ""8431""]",2026-10-01
元大內湖,158,62,12429.5,3927.8,"[""1303"", ""1513"", ""1526"", ""1608"", ""1709"", ""1727"", ""2204"", ""2221"", ""2324"", ""2327"", ""2332"", ""2337"", ""2382"", ""2413"", ""2426"", ""2454"", ""2455"", ""2478"", ""2496"", ""2542"", ""2633"", ""3006"", ""3016"", ""3026"", ""3037"", ""3081"", ""3162"", ""3167"", ""3211"", ""3234"", ""3311"", ""3356"", ""3374"", ""3406"", ""3434"", ""3441"", ""3450"", ""3467"", ""3481"", ""3504"", ""3543"", ""3564"", ""3605"", ""3675"", ""3680"", ""3693"", ""4169"", ""4542"", ""4551"", ""4566"", ""4764"", ""4770"", ""4931"", ""4939"", ""4956"", ""4976"", ""5225"", ""5291"", ""5351"", ""5519"", ""5706"", ""6005"", ""6204"", ""6213"", ""6218"", ""6274"", ""6278"", ""6279"", ""6426"", ""6442"", ""6488"", ""6538"", ""6589"", ""6617"", ""6620"", ""6640"", ""6669"", ""6683"", ""6691"", ""6727"", ""6770"", ""6885"", ""6907"", ""6919"", ""7714"", ""7765"", ""7777"", ""8033"", ""8043"", ""8046"", ""8261"", ""8358"", ""8937"", ""8996"", ""9904"", ""9914""]",2026-10-01
元大內湖民,72,37,2830.8,1415.4,"[""1595"", ""1815"", ""3081"", ""3105"", ""3163"", ""3211"", ""3219"", ""3234"", ""3354"", ""3362"", ""3374"", ""3441"", ""3498"", ""3675"", ""3709"", ""4416"", ""4542"", ""4707"", ""4772"", ""4931"", ""4973"", ""4979"", ""5312"", ""5314"", ""5351"", ""5371"", ""6175"", ""6179"", ""6182"", ""6187"", ""6207"", ""6245"", ""6279"", ""6290"", ""6291"", ""6488"", ""6588"", ""6620"", ""6643"", ""6683"", ""6693"", ""6716"", ""6727"", ""6733"", ""6829"", ""6907"", ""7717"", ""7772"", ""8027"", ""8043"", ""8054"", ""8358""]",2026-10-01
元大六合,81,38,3663.5,625.1,"[""1303"", ""1503"", ""1526"", ""1528"", ""1608"", ""1718"", ""1795"", ""2031"", ""2312"", ""2340"", ""2377"", ""2413"", ""2421"", ""2465"", ""2481"", ""2546"", ""2633"", ""2816"", ""3018"", ""3019"", ""3037"", ""3147"", ""3162"", ""3189"", ""3413"", ""3498"", ""3543"", ""3652"", ""3665"", ""3707"", ""4133"", ""4908"", ""4956"", ""4971"", ""4973"", ""5285"", ""5328"", ""5425"", ""5443"", ""5483"", ""5519"", ""5522"", ""6166"", ""6179"", ""6206"", ""6209"", ""6221"", ""6227"", ""6231"", ""6279"", ""6416"", ""6620"", ""6706"", ""6712"", ""6907"", ""6925"", ""7799"", ""8046"", ""8050"", ""8054"", ""8103""]",2026-10-01
元大前金,70,23,10875.3,1528.6,"[""1301"", ""1312"", ""1528"", ""1727"", ""1810"", ""2010"", ""2031"", ""2059"", ""2204"", ""2312"", ""2313"", ""2352"", ""2409"", ""2413"", ""2421"", ""2464"", ""2481"", ""2493"", ""2634"", ""2645"", ""2739"", ""2883"", ""3006"", ""3008"", ""3090"", ""3167"", ""3481"", ""3679"", ""3711"", ""4736"", ""5225"", ""5519"", ""6168"", ""6213"", ""6224"", ""6226"", ""6243"", ""6278"", ""6446"", ""6515"", ""6669"", ""6691"", ""6753"", ""6770"", ""6834"", ""6919"", ""7795"", ""8039"", ""8070"", ""8150"", ""9904"", ""9933""]",2026-10-01
元大北三重,16,9,494.4,303.9,"[""3227"", ""3374"", ""3441"", ""5425"", ""5475"", ""6147"", ""6182"", ""6223"", ""6739"", ""6907"", ""8050"", ""8111""]",2026-10-01
元大北屯,125,59,7821.0,1478.7,"[""1218"", ""1303"", ""1326"", ""1709"", ""1727"", ""1809"", ""2303"", ""2327"", ""2337"", ""2360"", ""2363"", ""2387"", ""2413"", ""2426"", ""2454"", ""2472"", ""2481"", ""2484"", ""2493"", ""2634"", ""2855"", ""3008"", ""3037"", ""3046"", ""3141"", ""3162"", ""3211"", ""3234"", ""3260"", ""3297"", ""3311"", ""3324"", ""3356"", ""3363"", ""3374"", ""3406"", ""3450"", ""3490"", ""3532"", ""3624"", ""3665"", ""3669"", ""3675"", ""3679"", ""3680"", ""4171"", ""4939"", ""4949"", ""4971"", ""4973"", ""4979"", ""5328"", ""5483"", ""6121"", ""6147"", ""6166"", ""6207"", ""6213"", ""6221"", ""6226"", ""6243"", ""6274"", ""6291"", ""6442"", ""6451"", ""6488"", ""6577"", ""6643"", ""6669"", ""6672"", ""6683"", ""6739"", ""6770"", ""6861"", ""6906"", ""6919"", ""7769"", ""8033"", ""8038"", ""8054"", ""8064"", ""8150"", ""8227"", ""8431"", ""8996""]",2026-10-01
元大北府,54,22,2066.7,396.2,"[""1513"", ""1519"", ""1528"", ""1605"", ""1718"", ""2010"", ""2059"", ""2392"", ""2542"", ""2633"", ""2883"", ""3037"", ""3042"", ""3049"", ""3152"", ""3209"", ""3227"", ""3354"", ""3532"", ""3577"", ""3624"", ""3652"", ""4169"", ""4171"", ""5291"", ""5450"", ""5483"", ""5515"", ""6023"", ""6166"", ""6168"", ""6179"", ""6279"", ""6442"", ""6456"", ""6538"", ""6547"", ""6588"", ""6691"", ""6716"", ""6829"", ""6861"", ""6909"", ""7714"", ""7772"", ""7788"", ""8110"", ""8383""]",2026-10-01
元大北投,155,67,34702.1,9045.8,"[""1301"", ""1303"", ""1326"", ""1409"", ""1446"", ""1560"", ""1608"", ""2061"", ""2070"", ""2221"", ""2301"", ""2305"", ""2313"", ""2332"", ""2344"", ""2351"", ""2359"", ""2408"", ""2425"", ""2468"", ""2484"", ""2492"", ""2630"", ""2739"", ""2887"", ""3008"", ""3016"", ""3018"", ""3037"", ""3041"", ""3094"", ""3105"", ""3152"", ""3189"", ""3229"", ""3231"", ""3297"", ""3354"", ""3467"", ""3481"", ""3577"", ""4169"", ""4171"", ""4556"", ""4939"", ""4958"", ""4973"", ""5312"", ""5386"", ""5425"", ""5483"", ""5706"", ""6005"", ""6139"", ""6148"", ""6190"", ""6207"", ""6209"", ""6213"", ""6217"", ""6227"", ""6274"", ""6279"", ""6282"", ""6442"", ""6446"", ""6451"", ""6510"", ""6525"", ""6620"", ""6640"", ""6643"", ""6693"", ""6739"", ""6770"", ""6830"", ""6861"", ""6885"", ""6919"", ""6933"", ""7610"", ""7717"", ""7722"", ""7730"", ""7825"", ""8042"", ""8043"", ""8046"", ""8111"", ""8150"", ""8358"", ""8454"", ""9904""]",2026-10-01
元大北港,43,20,1651.0,202.9,"[""1339"", ""2031"", ""2069"", ""2409"", ""2413"", ""2472"", ""2630"", ""3021"", ""3041"", ""3055"", ""3229"", ""3234"", ""3356"", ""3357"", ""3481"", ""3498"", ""3504"", ""4556"", ""4956"", ""5289"", ""5299"", ""5309"", ""5328"", ""5386"", ""6217"", ""6265"", ""6715"", ""6716"", ""7751"", ""7788"", ""8039"", ""8046"", ""8050"", ""8085"", ""8096"", ""8150""]",2026-10-01
元大北重,31,11,619.0,133.4,"[""1307"", ""1526"", ""1528"", ""2305"", ""2351"", ""2387"", ""2426"", ""2434"", ""2455"", ""2481"", ""2496"", ""2603"", ""3021"", ""3031"", ""3055"", ""3090"", ""3311"", ""3450"", ""3679"", ""3708"", ""4566"", ""4956"", ""5522"", ""6112"", ""6271"", ""6691"", ""6906""]",2026-10-01
元大南京,164,73,13549.5,3062.8,"[""1301"", ""1303"", ""1312"", ""1326"", ""1560"", ""1709"", ""1727"", ""1810"", ""2010"", ""2031"", ""2033"", ""2059"", ""2069"", ""2103"", ""2308"", ""2317"", ""2342"", ""2351"", ""2404"", ""2409"", ""2455"", ""2467"", ""2468"", ""2483"", ""2496"", ""2645"", ""2739"", ""2923"", ""3008"", ""3021"", ""3026"", ""3037"", ""3048"", ""3094"", ""3211"", ""3234"", ""3324"", ""3362"", ""3374"", ""3406"", ""3413"", ""3441"", ""3443"", ""3450"", ""3455"", ""3504"", ""3529"", ""3577"", ""3605"", ""3624"", ""3693"", ""3707"", ""3708"", ""4542"", ""4556"", ""4566"", ""4931"", ""4956"", ""4958"", ""4971"", ""4976"", ""4977"", ""4979"", ""5312"", ""5328"", ""5371"", ""5475"", ""5498"", ""5515"", ""5519"", ""5608"", ""6005"", ""6166"", ""6182"", ""6187"", ""6207"", ""6209"", ""6221"", ""6227"", ""6259"", ""6291"", ""6451"", ""6488"", ""6505"", ""6526"", ""6538"", ""6584"", ""6589"", ""6590"", ""6617"", ""6643"", ""6669"", ""6739"", ""6753"", ""6770"", ""6782"", ""6907"", ""6919"", ""6945"", ""7730"", ""7751"", ""7768"", ""7795"", ""8069"", ""8103"", ""8150"", ""8261"", ""8996""]",2026-10-01
元大南勢,12,2,678.8,9.6,"[""2059"", ""2360"", ""2855"", ""3167"", ""3450"", ""3481"", ""3532"", ""4807"", ""4958"", ""7768""]",2026-10-01
元大南勢角,15,5,351.4,49.3,"[""1591"", ""4577"", ""4772"", ""4908"", ""4979"", ""5202"", ""6173"", ""6274"", ""6683"", ""6727"", ""7772"", ""8043"", ""8227""]",2026-10-01
元大南屯,129,61,12718.9,4233.0,"[""1312"", ""1504"", ""1591"", ""1608"", ""1713"", ""1809"", ""1815"", ""2049"", ""2103"", ""2221"", ""2313"", ""2337"", ""2342"", ""2351"", ""2352"", ""2360"", ""2387"", ""2454"", ""2455"", ""2472"", ""2478"", ""2481"", ""2483"", ""2492"", ""2542"", ""2855"", ""2887"", ""3016"", ""3026"", ""3037"", ""3081"", ""3105"", ""3147"", ""3163"", ""3189"", ""3264"", ""3324"", ""3376"", ""3406"", ""3441"", ""3481"", ""3498"", ""3529"", ""3543"", ""4133"", ""4171"", ""4416"", ""4542"", ""4566"", ""4931"", ""4958"", ""4971"", ""4973"", ""5274"", ""5328"", ""5347"", ""5351"", ""5450"", ""5483"", ""5515"", ""5608"", ""6148"", ""6173"", ""6175"", ""6182"", ""6207"", ""6209"", ""6225"", ""6226"", ""6244"", ""6274"", ""6291"", ""6451"", ""6505"", ""6515"", ""6584"", ""6590"", ""6668"", ""6689"", ""6829"", ""6925"", ""6933"", ""6949"", ""7730"", ""7768"", ""7788"", ""7795"", ""7799"", ""8033"", ""8085"", ""8358"", ""8996"", ""9904""]",2026-10-01
元大南崁,44,10,914.0,90.6,"[""1513"", ""1526"", ""2340"", ""2478"", ""2493"", ""2496"", ""2546"", ""3044"", ""3055"", ""3094"", ""3229"", ""3260"", ""3354"", ""3711"", ""4976"", ""4977"", ""5299"", ""6112"", ""6173"", ""6213"", ""6231"", ""6668"", ""6672"", ""6733"", ""6969"", ""7714"", ""7825"", ""8027"", ""8033"", ""8096"", ""8111"", ""9904"", ""9914""]",2026-10-01
元大南投,46,17,1079.0,155.0,"[""1218"", ""1301"", ""1608"", ""1815"", ""2010"", ""2020"", ""2025"", ""2070"", ""2413"", ""2478"", ""2610"", ""2633"", ""3018"", ""3354"", ""3564"", ""3664"", ""3679"", ""3708"", ""4416"", ""4556"", ""4956"", ""4973"", ""5251"", ""5309"", ""5314"", ""5464"", ""6148"", ""6226"", ""6231"", ""6274"", ""6279"", ""6589"", ""6693"", ""6805"", ""8076"", ""8103"", ""8182""]",2026-10-01
元大南永康,13,5,323.9,128.6,"[""1785"", ""3664"", ""3693"", ""4971"", ""5314"", ""6175"", ""6218"", ""6693"", ""6829"", ""8054"", ""8182""]",2026-10-01
元大博愛,131,56,4165.9,824.4,"[""1301"", ""1326"", ""1409"", ""1721"", ""2020"", ""2031"", ""2069"", ""2204"", ""2221"", ""2305"", ""2332"", ""2352"", ""2368"", ""2481"", ""2484"", ""2493"", ""2546"", ""2601"", ""3018"", ""3019"", ""3021"", ""3041"", ""3046"", ""3049"", ""3147"", ""3162"", ""3167"", ""3260"", ""3296"", ""3324"", ""3354"", ""3362"", ""3406"", ""3441"", ""3467"", ""3498"", ""3504"", ""3605"", ""3652"", ""3679"", ""3693"", ""3707"", ""4123"", ""4542"", ""4566"", ""4577"", ""4927"", ""4939"", ""4971"", ""5202"", ""5285"", ""5291"", ""5292"", ""5483"", ""5484"", ""5519"", ""6116"", ""6166"", ""6175"", ""6182"", ""6187"", ""6243"", ""6274"", ""6443"", ""6472"", ""6525"", ""6526"", ""6584"", ""6590"", ""6617"", ""6683"", ""6689"", ""6712"", ""6716"", ""6733"", ""6739"", ""6829"", ""6834"", ""6902"", ""6919"", ""6925"", ""7714"", ""7717"", ""7722"", ""7768"", ""7769"", ""7772"", ""7795"", ""8033"", ""8038"", ""8039"", ""8042"", ""8076"", ""8110"", ""9904""]",2026-10-01
元大古亭,76,30,3411.9,683.5,"[""1303"", ""1709"", ""1721"", ""2344"", ""2395"", ""2406"", ""2434"", ""2492"", ""2493"", ""2739"", ""2915"", ""3016"", ""3163"", ""3167"", ""3357"", ""3362"", ""3441"", ""3455"", ""3529"", ""3605"", ""3675"", ""3679"", ""3693"", ""3707"", ""3715"", ""4416"", ""4735"", ""4931"", ""4939"", ""4967"", ""4971"", ""4973"", ""4976"", ""5314"", ""5434"", ""5443"", ""5475"", ""6175"", ""6179"", ""6187"", ""6274"", ""6279"", ""6409"", ""6446"", ""6510"", ""6584"", ""6588"", ""6589"", ""6672"", ""6907"", ""6909"", ""6933"", ""7717"", ""7768"", ""7788"", ""7792"", ""8033"", ""8042"", ""8043"", ""8454"", ""9933""]",2026-10-01
元大台中,98,45,4783.1,1209.7,"[""1526"", ""1528"", ""1569"", ""1608"", ""1709"", ""1721"", ""2221"", ""2305"", ""2324"", ""2338"", ""2351"", ""2406"", ""2438"", ""2454"", ""2465"", ""2478"", ""2489"", ""2493"", ""2601"", ""2615"", ""2618"", ""2816"", ""2883"", ""3008"", ""3090"", ""3141"", ""3305"", ""3311"", ""3354"", ""3374"", ""3413"", ""3661"", ""3664"", ""3669"", ""3715"", ""4541"", ""4566"", ""4939"", ""4973"", ""4991"", ""5291"", ""5483"", ""5498"", ""5519"", ""6112"", ""6133"", ""6148"", ""6166"", ""6244"", ""6488"", ""6515"", ""6533"", ""6577"", ""6584"", ""6672"", ""6712"", ""6727"", ""6753"", ""6829"", ""6861"", ""6872"", ""6933"", ""6969"", ""7769"", ""8027"", ""8043"", ""8050"", ""8227"", ""8996""]",2026-10-01
元大台中港,38,19,656.1,365.3,"[""2070"", ""2221"", ""3162"", ""3357"", ""3362"", ""3455"", ""3467"", ""3529"", ""3564"", ""4556"", ""4768"", ""4973"", ""5314"", ""5328"", ""5351"", ""5386"", ""5450"", ""5498"", ""6121"", ""6204"", ""6221"", ""6259"", ""6279"", ""6584"", ""6588"", ""6620"", ""6811"", ""7717"", ""7792"", ""8040"", ""8043"", ""8084"", ""8227"", ""8431""]",2026-10-01
元大台北,309,154,43910.3,24156.0,"[""1303"", ""1312"", ""1339"", ""1519"", ""1526"", ""1569"", ""1605"", ""1608"", ""1713"", ""1815"", ""2010"", ""2031"", ""2059"", ""2324"", ""2327"", ""2330"", ""2338"", ""2344"", ""2377"", ""2382"", ""2395"", ""2409"", ""2425"", ""2436"", ""2454"", ""2464"", ""2468"", ""2481"", ""2493"", ""2603"", ""2618"", ""2645"", ""2851"", ""2855"", ""2885"", ""3008"", ""3026"", ""3041"", ""3055"", ""3081"", ""3090"", ""3141"", ""3152"", ""3162"", ""3167"", ""3231"", ""3234"", ""3264"", ""3317"", ""3356"", ""3357"", ""3362"", ""3406"", ""3441"", ""3443"", ""3450"", ""3455"", ""3481"", ""3508"", ""3529"", ""3532"", ""3533"", ""3543"", ""3624"", ""3665"", ""3679"", ""3680"", ""3685"", ""3693"", ""3708"", ""3714"", ""3716"", ""4133"", ""4541"", ""4542"", ""4707"", ""4736"", ""4770"", ""4931"", ""4958"", ""4971"", ""4973"", ""4976"", ""4979"", ""4991"", ""5251"", ""5274"", ""5309"", ""5312"", ""5314"", ""5386"", ""5425"", ""5475"", ""5483"", ""5515"", ""5706"", ""6005"", ""6023"", ""6152"", ""6166"", ""6173"", ""6175"", ""6182"", ""6187"", ""6214"", ""6217"", ""6218"", ""6225"", ""6226"", ""6231"", ""6243"", ""6265"", ""6271"", ""6278"", ""6290"", ""6291"", ""6442"", ""6446"", ""6456"", ""6488"", ""6505"", ""6515"", ""6525"", ""6533"", ""6538"", ""6668"", ""6689"", ""6715"", ""6770"", ""6834"", ""6907"", ""7711"", ""7717"", ""7768"", ""8021"", ""8033"", ""8039"", ""8042"", ""8046"", ""8064"", ""8076"", ""8096"", ""8110"", ""8111"", ""8150"", ""8227"", ""8261"", ""8358"", ""8937"", ""9921""]",2026-10-01
元大台南,73,36,3540.0,966.9,"[""1312"", ""1503"", ""1504"", ""1519"", ""2027"", ""2070"", ""2305"", ""2363"", ""2481"", ""2520"", ""2816"", ""3019"", ""3041"", ""3055"", ""3090"", ""3219"", ""3231"", ""3356"", ""3374"", ""3702"", ""3707"", ""4171"", ""4556"", ""4973"", ""5202"", ""5292"", ""5299"", ""5371"", ""5386"", ""5443"", ""5706"", ""6005"", ""6204"", ""6218"", ""6227"", ""6278"", ""6426"", ""6488"", ""6515"", ""6533"", ""6620"", ""6691"", ""6770"", ""6811"", ""6885"", ""6907"", ""6919"", ""7717"", ""7768"", ""7795"", ""8043"", ""8069"", ""9914"", ""9945""]",2026-10-01
元大向上,31,11,1654.6,786.8,"[""1301"", ""1721"", ""2031"", ""2449"", ""2491"", ""2601"", ""2634"", ""2883"", ""2887"", ""3021"", ""3231"", ""3434"", ""4171"", ""4772"", ""4971"", ""4973"", ""5312"", ""6204"", ""6442"", ""6505"", ""6515"", ""6706"", ""6770"", ""6945"", ""7842"", ""8038""]",2026-10-01
元大和平,79,28,9456.5,1381.6,"[""1519"", ""2301"", ""2313"", ""2344"", ""2351"", ""2359"", ""2413"", ""2426"", ""2434"", ""2449"", ""2542"", ""2548"", ""2855"", ""3105"", ""3356"", ""3406"", ""3455"", ""3498"", ""3529"", ""3532"", ""3685"", ""3707"", ""4542"", ""4931"", ""4956"", ""4973"", ""5202"", ""5328"", ""5347"", ""5351"", ""5425"", ""6023"", ""6173"", ""6225"", ""6226"", ""6243"", ""6259"", ""6282"", ""6291"", ""6416"", ""6442"", ""6510"", ""6533"", ""6668"", ""6683"", ""6690"", ""6727"", ""6782"", ""6925"", ""6945"", ""6949"", ""7751"", ""7828"", ""8033"", ""8039"", ""8046"", ""8096"", ""8182"", ""9904"", ""9914""]",2026-10-01
元大員林,68,36,2499.0,410.9,"[""1339"", ""1605"", ""2020"", ""2221"", ""2340"", ""2353"", ""2377"", ""2408"", ""2468"", ""2546"", ""3016"", ""3105"", ""3219"", ""3297"", ""3356"", ""3406"", ""3441"", ""3532"", ""3533"", ""3605"", ""3624"", ""3652"", ""3679"", ""3707"", ""4133"", ""4171"", ""4174"", ""4566"", ""4939"", ""4973"", ""5285"", ""5314"", ""5328"", ""5475"", ""5484"", ""6112"", ""6121"", ""6231"", ""6290"", ""6426"", ""6461"", ""6505"", ""6588"", ""6589"", ""6693"", ""6811"", ""6907"", ""6933"", ""8096"", ""8383""]",2026-10-01
元大員林中,35,13,852.3,228.7,"[""3081"", ""3105"", ""3147"", ""3211"", ""3297"", ""3388"", ""3455"", ""3508"", ""3529"", ""4577"", ""4973"", ""5202"", ""5289"", ""5299"", ""5371"", ""5443"", ""5483"", ""6147"", ""6148"", ""6173"", ""6175"", ""6182"", ""6190"", ""6577"", ""6683"", ""6739"", ""8050"", ""8076"", ""8182""]",2026-10-01
元大善化,70,23,3079.9,770.6,"[""1307"", ""1503"", ""1785"", ""1815"", ""2010"", ""2031"", ""2070"", ""2327"", ""2395"", ""2404"", ""2425"", ""2426"", ""2496"", ""2603"", ""2633"", ""2816"", ""2855"", ""3041"", ""3046"", ""3055"", ""3163"", ""3219"", ""3229"", ""3264"", ""3434"", ""3481"", ""3691"", ""4939"", ""5289"", ""5299"", ""5351"", ""5515"", ""5522"", ""6023"", ""6147"", ""6173"", ""6179"", ""6213"", ""6226"", ""6244"", ""6269"", ""6279"", ""6426"", ""6525"", ""6590"", ""6691"", ""6693"", ""6829"", ""6834"", ""6907"", ""6933"", ""7717"", ""7772"", ""7795"", ""8111"", ""8431""]",2026-10-01
元大嘉義,112,66,20829.5,15054.3,"[""1301"", ""1503"", ""1560"", ""1608"", ""1612"", ""1709"", ""1712"", ""1721"", ""2204"", ""2221"", ""2312"", ""2337"", ""2342"", ""2344"", ""2357"", ""2363"", ""2408"", ""2413"", ""2449"", ""2455"", ""2472"", ""2484"", ""2496"", ""2520"", ""2630"", ""2634"", ""2816"", ""2890"", ""2915"", ""3021"", ""3026"", ""3049"", ""3162"", ""3234"", ""3293"", ""3413"", ""3434"", ""3441"", ""3481"", ""3498"", ""3508"", ""3532"", ""4566"", ""4764"", ""4768"", ""4908"", ""4939"", ""4956"", ""4971"", ""5292"", ""5314"", ""5371"", ""5475"", ""5484"", ""5608"", ""5706"", ""6148"", ""6173"", ""6182"", ""6187"", ""6190"", ""6207"", ""6217"", ""6226"", ""6272"", ""6505"", ""6579"", ""6834"", ""6924"", ""6933"", ""7722"", ""7768"", ""7788"", ""7795"", ""7825"", ""8021"", ""8039"", ""8043"", ""8070"", ""8096"", ""8103"", ""8227"", ""8996"", ""9933""]",2026-10-01
元大四維,82,36,5128.7,514.0,"[""1409"", ""1513"", ""1809"", ""2069"", ""2308"", ""2327"", ""2342"", ""2408"", ""2426"", ""2883"", ""3008"", ""3018"", ""3021"", ""3036"", ""3037"", ""3094"", ""3227"", ""3234"", ""3264"", ""3441"", ""3467"", ""3529"", ""3661"", ""3679"", ""3708"", ""4416"", ""4566"", ""4772"", ""4919"", ""4931"", ""4939"", ""4971"", ""4973"", ""5202"", ""5225"", ""5291"", ""5309"", ""5351"", ""5371"", ""5450"", ""5483"", ""5519"", ""5608"", ""5706"", ""6005"", ""6112"", ""6147"", ""6148"", ""6461"", ""6515"", ""6525"", ""6533"", ""6715"", ""6733"", ""6933"", ""6945"", ""7751"", ""7788"", ""7795"", ""8027"", ""8040"", ""8111"", ""8150"", ""8261"", ""9914""]",2026-10-01
元大土城,67,26,2702.4,631.2,"[""1526"", ""1809"", ""2030"", ""2305"", ""2363"", ""2377"", ""2387"", ""2468"", ""2634"", ""2915"", ""3006"", ""3041"", ""3147"", ""3229"", ""3324"", ""3413"", ""3543"", ""3702"", ""3709"", ""4416"", ""4542"", ""4927"", ""5251"", ""5498"", ""5519"", ""6182"", ""6204"", ""6207"", ""6244"", ""6461"", ""6526"", ""6643"", ""6672"", ""7711"", ""7792"", ""8028"", ""8043"", ""8111"", ""9904""]",2026-10-01
元大土城學,11,7,211.8,80.8,"[""3105"", ""3624"", ""4971"", ""4973"", ""6217"", ""6291"", ""8043"", ""8076""]",2026-10-01
元大土城永,42,24,5489.0,2651.8,"[""3081"", ""3219"", ""3455"", ""3529"", ""3709"", ""4174"", ""4735"", ""4971"", ""4979"", ""5291"", ""5328"", ""5443"", ""5464"", ""6023"", ""6147"", ""6173"", ""6179"", ""6182"", ""6223"", ""6274"", ""6488"", ""6693"", ""6716"", ""7792"", ""7825"", ""8054"", ""8227""]",2026-10-01
元大基孝,37,13,2893.3,1217.3,"[""1301"", ""1303"", ""1312"", ""2069"", ""2305"", ""2413"", ""2444"", ""2478"", ""2496"", ""2637"", ""2883"", ""2891"", ""2903"", ""3044"", ""3533"", ""3669"", ""4764"", ""4956"", ""5225"", ""5608"", ""6005"", ""6116"", ""6525"", ""6533"", ""6589"", ""6668"", ""6919"", ""7788"", ""8110"", ""9904"", ""9945""]",2026-10-01
元大基隆,37,15,864.2,148.5,"[""2324"", ""2357"", ""2363"", ""2377"", ""2387"", ""2388"", ""2413"", ""2426"", ""3209"", ""3227"", ""3297"", ""3362"", ""3504"", ""3679"", ""3708"", ""4171"", ""4577"", ""4939"", ""4967"", ""5251"", ""6166"", ""6179"", ""6226"", ""6259"", ""6279"", ""6451"", ""7765"", ""7825"", ""8085"", ""8431""]",2026-10-01
元大基隆孝,23,5,358.0,23.5,"[""3297"", ""3357"", ""3529"", ""3664"", ""4171"", ""4416"", ""4542"", ""5328"", ""6221"", ""6291"", ""6872"", ""7714"", ""7842"", ""8043"", ""8076"", ""8431""]",2026-10-01
元大士林,123,62,20292.2,8869.8,"[""1303"", ""1312"", ""1514"", ""1612"", ""1810"", ""1815"", ""2027"", ""2059"", ""2303"", ""2313"", ""2327"", ""2330"", ""2344"", ""2357"", ""2359"", ""2375"", ""2382"", ""2388"", ""2395"", ""2425"", ""2454"", ""2455"", ""2472"", ""2478"", ""2481"", ""2483"", ""2546"", ""2601"", ""2630"", ""2633"", ""2855"", ""3037"", ""3094"", ""3105"", ""3229"", ""3264"", ""3374"", ""3441"", ""3481"", ""3532"", ""3543"", ""3680"", ""4133"", ""4931"", ""4971"", ""5291"", ""5450"", ""5706"", ""5876"", ""6005"", ""6147"", ""6152"", ""6175"", ""6182"", ""6187"", ""6207"", ""6213"", ""6224"", ""6226"", ""6259"", ""6274"", ""6426"", ""6488"", ""6533"", ""6668"", ""6669"", ""6672"", ""6693"", ""6770"", ""6907"", ""7714"", ""8027"", ""8043"", ""8076"", ""8085"", ""8110"", ""8111"", ""8261"", ""8996"", ""9904""]",2026-10-01
元大大同,131,59,13856.7,2484.8,"[""1301"", ""1303"", ""1326"", ""1504"", ""1569"", ""1608"", ""1612"", ""1802"", ""1815"", ""2031"", ""2301"", ""2305"", ""2313"", ""2327"", ""2330"", ""2332"", ""2344"", ""2375"", ""2408"", ""2413"", ""2426"", ""2454"", ""2472"", ""2478"", ""2481"", ""2489"", ""2491"", ""2615"", ""2645"", ""2891"", ""3006"", ""3008"", ""3017"", ""3037"", ""3105"", ""3189"", ""3227"", ""3260"", ""3374"", ""3388"", ""3450"", ""3529"", ""3532"", ""3533"", ""3543"", ""3653"", ""3679"", ""3693"", ""3707"", ""4169"", ""4551"", ""4566"", ""4736"", ""4764"", ""4908"", ""4931"", ""4956"", ""4958"", ""4967"", ""5289"", ""5314"", ""5347"", ""5386"", ""5425"", ""5475"", ""5515"", ""6023"", ""6147"", ""6173"", ""6179"", ""6182"", ""6204"", ""6274"", ""6409"", ""6426"", ""6488"", ""6505"", ""6643"", ""6668"", ""6770"", ""6829"", ""6907"", ""6969"", ""7751"", ""7788"", ""7828"", ""8038"", ""8054"", ""8261"", ""8937""]",2026-10-01
元大大天,70,32,6891.9,971.4,"[""1303"", ""1727"", ""1809"", ""2010"", ""2025"", ""2049"", ""2303"", ""2305"", ""2313"", ""2324"", ""2332"", ""2351"", ""2360"", ""2395"", ""2455"", ""2467"", ""2542"", ""2723"", ""2915"", ""3019"", ""3037"", ""3044"", ""3046"", ""3229"", ""3413"", ""3481"", ""3605"", ""3665"", ""3715"", ""4566"", ""4927"", ""5515"", ""6133"", ""6141"", ""6278"", ""6426"", ""6442"", ""6533"", ""6589"", ""6689"", ""6691"", ""6885"", ""7711"", ""7765"", ""8039"", ""8996""]",2026-10-01
元大大天母,42,22,1978.2,458.3,"[""1591"", ""1815"", ""3147"", ""3211"", ""3441"", ""3490"", ""4542"", ""4707"", ""4931"", ""4939"", ""4971"", ""4973"", ""5347"", ""5351"", ""5443"", ""5483"", ""6121"", ""6187"", ""6190"", ""6259"", ""6274"", ""6290"", ""6291"", ""6488"", ""6643"", ""6683"", ""6945"", ""7714"", ""7751"", ""7825"", ""7842"", ""8050"", ""8064"", ""8227""]",2026-10-01
元大大安,93,55,11722.8,7679.9,"[""1301"", ""1312"", ""1528"", ""1569"", ""1709"", ""1717"", ""1718"", ""1815"", ""2059"", ""2327"", ""2332"", ""2344"", ""2351"", ""2379"", ""2408"", ""2434"", ""2472"", ""2491"", ""3008"", ""3021"", ""3026"", ""3055"", ""3081"", ""3090"", ""3189"", ""3388"", ""3450"", ""3455"", ""3498"", ""4542"", ""4772"", ""4908"", ""4931"", ""4971"", ""5328"", ""5351"", ""5386"", ""5443"", ""5483"", ""5515"", ""5904"", ""6023"", ""6116"", ""6141"", ""6182"", ""6187"", ""6226"", ""6271"", ""6409"", ""6488"", ""6584"", ""6588"", ""6617"", ""6669"", ""6690"", ""6907"", ""6919"", ""6933"", ""7795"", ""8021"", ""8084"", ""8182"", ""8358""]",2026-10-01
元大大灣,31,9,1368.4,251.8,"[""1312"", ""1326"", ""1721"", ""1809"", ""2025"", ""2031"", ""2332"", ""2496"", ""2546"", ""2615"", ""2816"", ""2890"", ""3008"", ""3018"", ""3019"", ""3356"", ""3406"", ""3413"", ""3605"", ""3679"", ""4976"", ""5285"", ""6533"", ""7730"", ""7799""]",2026-10-01
元大大甲,80,26,1774.5,201.1,"[""1108"", ""1519"", ""1605"", ""1608"", ""2031"", ""2324"", ""2357"", ""2368"", ""2376"", ""2388"", ""2468"", ""2484"", ""2486"", ""2546"", ""3147"", ""3219"", ""3311"", ""3356"", ""3374"", ""3441"", ""3498"", ""3520"", ""3529"", ""3543"", ""3564"", ""4577"", ""4736"", ""4908"", ""4973"", ""4976"", ""4977"", ""5225"", ""5291"", ""5312"", ""5386"", ""5443"", ""5483"", ""6217"", ""6243"", ""6244"", ""6259"", ""6271"", ""6442"", ""6451"", ""6456"", ""6510"", ""6590"", ""6620"", ""6672"", ""6924"", ""6933"", ""6969"", ""7788"", ""7825"", ""7828"", ""8103"", ""8261"", ""9914""]",2026-10-01
元大大益,65,22,1944.8,318.1,"[""1108"", ""1301"", ""1409"", ""1608"", ""1612"", ""2070"", ""2312"", ""2317"", ""2369"", ""2425"", ""2449"", ""2454"", ""2496"", ""2546"", ""2739"", ""2816"", ""2883"", ""3016"", ""3041"", ""3081"", ""3141"", ""3147"", ""3189"", ""3455"", ""3498"", ""3652"", ""3707"", ""4171"", ""4542"", ""4566"", ""4736"", ""4931"", ""4956"", ""5225"", ""5291"", ""5328"", ""5483"", ""5519"", ""6005"", ""6182"", ""6204"", ""6226"", ""6227"", ""6290"", ""6579"", ""6589"", ""6669"", ""6672"", ""6689"", ""6691"", ""7842"", ""8043"", ""8076""]",2026-10-01
元大大直,17,7,1152.6,203.3,"[""1514"", ""2010"", ""2884"", ""2887"", ""3042"", ""3504"", ""3665"", ""3711"", ""4958"", ""5425"", ""5434"", ""6274"", ""6278"", ""6907""]",2026-10-01
元大大統,77,29,3411.8,218.6,"[""1504"", ""1608"", ""1785"", ""2010"", ""2353"", ""2363"", ""2387"", ""2426"", ""2455"", ""2891"", ""3021"", ""3094"", ""3147"", ""3211"", ""3234"", ""3374"", ""3388"", ""3498"", ""3653"", ""3675"", ""3679"", ""3680"", ""4542"", ""4736"", ""4768"", ""4931"", ""4973"", ""5225"", ""5251"", ""5291"", ""5292"", ""5351"", ""5386"", ""5475"", ""5515"", ""6168"", ""6187"", ""6207"", ""6213"", ""6226"", ""6426"", ""6446"", ""6488"", ""6668"", ""6690"", ""6693"", ""6715"", ""6834"", ""7799"", ""8064"", ""8076"", ""8937"", ""9945""]",2026-10-01
元大大里,126,52,9493.8,2501.7,"[""1526"", ""1608"", ""1718"", ""1802"", ""2020"", ""2033"", ""2103"", ""2241"", ""2312"", ""2337"", ""2338"", ""2344"", ""2351"", ""2409"", ""2464"", ""2465"", ""2481"", ""2484"", ""2489"", ""2492"", ""2493"", ""2496"", ""2601"", ""2633"", ""2634"", ""2855"", ""3006"", ""3018"", ""3026"", ""3105"", ""3227"", ""3229"", ""3260"", ""3296"", ""3441"", ""3481"", ""3532"", ""3624"", ""3664"", ""3675"", ""3708"", ""3716"", ""4171"", ""4174"", ""4541"", ""4736"", ""4939"", ""4956"", ""4973"", ""4976"", ""4977"", ""5225"", ""5251"", ""5299"", ""5328"", ""5464"", ""5483"", ""5706"", ""6005"", ""6112"", ""6116"", ""6182"", ""6199"", ""6209"", ""6221"", ""6226"", ""6227"", ""6231"", ""6279"", ""6282"", ""6409"", ""6505"", ""6525"", ""6590"", ""6693"", ""6715"", ""6716"", ""6742"", ""6811"", ""6829"", ""6909"", ""8042"", ""8043"", ""8076"", ""8112"", ""8150"", ""8454"", ""8937"", ""9904"", ""9945""]",2026-10-01
元大大雅,116,49,5154.8,1646.0,"[""1514"", ""1528"", ""1809"", ""2030"", ""2221"", ""2338"", ""2342"", ""2344"", ""2352"", ""2360"", ""2377"", ""2387"", ""2408"", ""2409"", ""2421"", ""2468"", ""2481"", ""2496"", ""2883"", ""2915"", ""3018"", ""3019"", ""3041"", ""3044"", ""3055"", ""3147"", ""3229"", ""3354"", ""3362"", ""3376"", ""3441"", ""3467"", ""3508"", ""3520"", ""3577"", ""3624"", ""4735"", ""4764"", ""4772"", ""4971"", ""4976"", ""5202"", ""5225"", ""5230"", ""5274"", ""5291"", ""5443"", ""5515"", ""5706"", ""6005"", ""6112"", ""6148"", ""6152"", ""6173"", ""6209"", ""6226"", ""6227"", ""6231"", ""6245"", ""6416"", ""6443"", ""6488"", ""6526"", ""6588"", ""6672"", ""6683"", ""6706"", ""6909"", ""6933"", ""6945"", ""7751"", ""7768"", ""7769"", ""7772"", ""7799"", ""8182"", ""8227"", ""8261"", ""8454"", ""9904""]",2026-10-01
元大天母,140,64,15891.7,3806.0,"[""1301"", ""1303"", ""1326"", ""1423"", ""1519"", ""1612"", ""1815"", ""2305"", ""2324"", ""2330"", ""2351"", ""2375"", ""2382"", ""2426"", ""2438"", ""2455"", ""2464"", ""2465"", ""2472"", ""2548"", ""2630"", ""2883"", ""3008"", ""3017"", ""3026"", ""3036"", ""3037"", ""3094"", ""3141"", ""3167"", ""3324"", ""3357"", ""3374"", ""3388"", ""3443"", ""3450"", ""3481"", ""3498"", ""3520"", ""3532"", ""3543"", ""3624"", ""3675"", ""3679"", ""3680"", ""3693"", ""3702"", ""4174"", ""4919"", ""4923"", ""4924"", ""4927"", ""4971"", ""4973"", ""4979"", ""4991"", ""5291"", ""5309"", ""5425"", ""5475"", ""5498"", ""5515"", ""5608"", ""5706"", ""6173"", ""6182"", ""6217"", ""6227"", ""6272"", ""6279"", ""6426"", ""6446"", ""6456"", ""6505"", ""6589"", ""6590"", ""6620"", ""6672"", ""6689"", ""6690"", ""6805"", ""6834"", ""6945"", ""7610"", ""7730"", ""7788"", ""8021"", ""8042"", ""8043"", ""8046"", ""8064"", ""8103"", ""8111"", ""8182"", ""8996""]",2026-10-01
元大太平,59,26,1465.5,366.7,"[""1514"", ""1528"", ""2025"", ""2324"", ""2353"", ""2377"", ""2379"", ""2387"", ""2413"", ""2425"", ""2449"", ""2484"", ""2739"", ""2915"", ""3006"", ""3016"", ""3021"", ""3042"", ""3055"", ""3081"", ""3297"", ""3444"", ""3653"", ""3661"", ""3679"", ""4416"", ""4956"", ""4973"", ""5225"", ""5475"", ""5498"", ""6213"", ""6218"", ""6221"", ""6245"", ""6274"", ""6279"", ""6617"", ""6672"", ""6689"", ""6753"", ""6925"", ""7768"", ""7772"", ""8042"", ""8046"", ""8070""]",2026-10-01
元大學府,23,11,1714.3,53.6,"[""1339"", ""1526"", ""2408"", ""2413"", ""2483"", ""2542"", ""2615"", ""2883"", ""2887"", ""3021"", ""4133"", ""4977"", ""6213"", ""6533"", ""6691"", ""6770"", ""7788"", ""9945""]",2026-10-01
元大學甲,29,11,2501.0,403.3,"[""1326"", ""1785"", ""2031"", ""2070"", ""2409"", ""2465"", ""2883"", ""3021"", ""3105"", ""3162"", ""3231"", ""3234"", ""3529"", ""3709"", ""4967"", ""4971"", ""5312"", ""5386"", ""6442"", ""6488"", ""6643"", ""6672"", ""6693"", ""6906"", ""7714"", ""8033"", ""8358""]",2026-10-01
元大小港,63,18,1126.2,183.9,"[""1612"", ""1727"", ""1810"", ""2010"", ""2069"", ""2070"", ""2103"", ""2312"", ""2342"", ""2387"", ""2483"", ""2484"", ""2496"", ""2633"", ""2634"", ""2645"", ""2915"", ""3114"", ""3388"", ""3450"", ""3498"", ""3508"", ""4171"", ""4556"", ""4735"", ""4931"", ""5292"", ""5434"", ""5475"", ""5484"", ""5519"", ""6226"", ""6244"", ""6426"", ""6584"", ""6588"", ""6643"", ""6669"", ""6672"", ""6907"", ""7717"", ""7788"", ""8054"", ""8076"", ""8085"", ""8227"", ""9904"", ""9914""]",2026-10-01
元大屏南,55,19,2544.0,223.4,"[""1608"", ""2312"", ""2363"", ""2376"", ""2387"", ""2413"", ""2434"", ""2630"", ""3049"", ""3162"", ""3227"", ""3481"", ""4416"", ""4707"", ""4736"", ""4939"", ""4977"", ""5289"", ""5450"", ""6121"", ""6204"", ""6226"", ""6227"", ""6231"", ""6271"", ""6461"", ""6577"", ""6590"", ""6640"", ""6668"", ""6706"", ""6830"", ""6906"", ""6919"", ""7717"", ""7828"", ""8027"", ""8042"", ""8076"", ""8182"", ""8227""]",2026-10-01
元大屏東,42,22,1150.0,348.5,"[""1326"", ""1514"", ""1526"", ""1810"", ""2010"", ""2031"", ""2103"", ""2305"", ""2338"", ""2340"", ""2342"", ""2357"", ""2493"", ""2890"", ""3041"", ""3046"", ""3219"", ""3709"", ""4736"", ""4768"", ""4931"", ""4958"", ""5225"", ""5292"", ""5484"", ""5515"", ""5522"", ""6207"", ""6209"", ""6218"", ""6226"", ""6291"", ""6715"", ""6933"", ""7730"", ""8076""]",2026-10-01
元大屏東民,15,4,280.4,72.7,"[""3141"", ""3339"", ""3441"", ""3467"", ""4939"", ""6173"", ""6259"", ""6577"", ""6693"", ""6945"", ""7772""]",2026-10-01
元大屏生,50,19,4891.9,217.1,"[""1504"", ""1608"", ""1709"", ""1809"", ""2031"", ""2204"", ""2241"", ""2312"", ""2342"", ""2351"", ""2359"", ""2387"", ""2413"", ""2444"", ""2493"", ""2542"", ""2883"", ""3049"", ""3229"", ""3356"", ""3481"", ""3679"", ""4807"", ""5515"", ""5519"", ""6112"", ""6116"", ""6168"", ""6213"", ""6416"", ""6672"", ""6933"", ""7765"", ""7788"", ""8103"", ""8261"", ""9904""]",2026-10-01
元大岡山,14,10,785.9,455.0,"[""1718"", ""2377"", ""2425"", ""3037"", ""3042"", ""3044"", ""3374"", ""3498"", ""3532"", ""4958"", ""6182"", ""6209"", ""6525"", ""8039""]",2026-10-01
元大崇德,101,52,6525.6,1891.4,"[""1446"", ""1528"", ""1569"", ""1612"", ""1727"", ""1785"", ""2025"", ""2070"", ""2221"", ""2340"", ""2342"", ""2344"", ""2347"", ""2351"", ""2357"", ""2387"", ""2408"", ""2413"", ""2434"", ""2455"", ""2468"", ""2478"", ""2481"", ""2484"", ""2634"", ""2801"", ""2855"", ""3042"", ""3081"", ""3090"", ""3152"", ""3324"", ""3374"", ""3441"", ""3498"", ""3605"", ""3624"", ""3661"", ""3679"", ""3691"", ""4566"", ""4736"", ""4931"", ""4939"", ""4979"", ""5225"", ""5328"", ""5347"", ""6141"", ""6152"", ""6173"", ""6179"", ""6226"", ""6231"", ""6243"", ""6271"", ""6282"", ""6442"", ""6668"", ""6690"", ""6693"", ""6712"", ""6907"", ""7788"", ""7792"", ""8033"", ""8064"", ""8076"", ""8227"", ""8261""]",2026-10-01
元大左營,58,21,2248.7,414.6,"[""1218"", ""1301"", ""1307"", ""1504"", ""1612"", ""1709"", ""2010"", ""2020"", ""2069"", ""2317"", ""2327"", ""2387"", ""2425"", ""2434"", ""2465"", ""2481"", ""2915"", ""3046"", ""3048"", ""3094"", ""3260"", ""3362"", ""3434"", ""3661"", ""3679"", ""3708"", ""4956"", ""5285"", ""5292"", ""5484"", ""5608"", ""6121"", ""6217"", ""6225"", ""6690"", ""6753"", ""6933"", ""8084"", ""8110"", ""8227"", ""9933""]",2026-10-01
元大府城,62,20,9283.5,1300.2,"[""1307"", ""2069"", ""2305"", ""2317"", ""2352"", ""2353"", ""2359"", ""2375"", ""2404"", ""2496"", ""2601"", ""2603"", ""2915"", ""3147"", ""3296"", ""3354"", ""3532"", ""3543"", ""3708"", ""3711"", ""4416"", ""4577"", ""4735"", ""5225"", ""5291"", ""5309"", ""5443"", ""5450"", ""6152"", ""6225"", ""6226"", ""6278"", ""6715"", ""6907"", ""6969"", ""7711"", ""7751"", ""8042"", ""8064"", ""8111"", ""8937"", ""8996"", ""9945""]",2026-10-01
元大彰化,120,54,6695.5,1054.0,"[""1218"", ""1326"", ""1528"", ""1608"", ""1815"", ""2020"", ""2059"", ""2375"", ""2387"", ""2406"", ""2408"", ""2481"", ""2492"", ""2493"", ""3026"", ""3037"", ""3055"", ""3090"", ""3105"", ""3211"", ""3231"", ""3260"", ""3311"", ""3354"", ""3362"", ""3406"", ""3450"", ""3532"", ""3564"", ""3624"", ""3716"", ""4556"", ""4735"", ""4807"", ""4908"", ""4924"", ""4931"", ""4939"", ""4973"", ""4976"", ""5202"", ""5225"", ""5328"", ""5347"", ""5475"", ""5483"", ""6005"", ""6182"", ""6204"", ""6207"", ""6271"", ""6409"", ""6488"", ""6525"", ""6620"", ""6640"", ""6672"", ""6683"", ""6689"", ""6690"", ""6715"", ""6733"", ""6739"", ""6925"", ""6945"", ""7711"", ""7825"", ""8038"", ""8039"", ""8040"", ""8043"", ""8046"", ""8064"", ""8182"", ""8454"", ""8996"", ""9914"", ""9945""]",2026-10-01
元大彰生,62,26,3929.6,1563.3,"[""1608"", ""1721"", ""2103"", ""2332"", ""2351"", ""2363"", ""2376"", ""2421"", ""2438"", ""2481"", ""2542"", ""2855"", ""2883"", ""2915"", ""3017"", ""3229"", ""3231"", ""3311"", ""3406"", ""3481"", ""3653"", ""3661"", ""3708"", ""3716"", ""4967"", ""5225"", ""5434"", ""5608"", ""6112"", ""6152"", ""6166"", ""6224"", ""6472"", ""6668"", ""6753"", ""6861"", ""6906"", ""6924"", ""7768"", ""8033"", ""8039"", ""8046"", ""8103"", ""8112"", ""8150"", ""8996"", ""9904""]",2026-10-01
元大復北,129,59,12532.1,2587.3,"[""1303"", ""1307"", ""1326"", ""1409"", ""1503"", ""1513"", ""1612"", ""2010"", ""2303"", ""2313"", ""2317"", ""2327"", ""2330"", ""2344"", ""2360"", ""2363"", ""2395"", ""2408"", ""2425"", ""2434"", ""2454"", ""2467"", ""2493"", ""2633"", ""2816"", ""2887"", ""2912"", ""3026"", ""3036"", ""3041"", ""3066"", ""3090"", ""3234"", ""3311"", ""3376"", ""3529"", ""3543"", ""3624"", ""3653"", ""3661"", ""3673"", ""3707"", ""3711"", ""4133"", ""4169"", ""4931"", ""4973"", ""4976"", ""5371"", ""5515"", ""5522"", ""6168"", ""6175"", ""6187"", ""6190"", ""6225"", ""6282"", ""6426"", ""6456"", ""6488"", ""6538"", ""6548"", ""6577"", ""6668"", ""6672"", ""6715"", ""6770"", ""6829"", ""6919"", ""6933"", ""7717"", ""7751"", ""7769"", ""7788"", ""8039"", ""8043"", ""8046"", ""8050"", ""8085"", ""8103"", ""8110"", ""8227"", ""9904"", ""9945""]",2026-10-01
元大德芳,84,28,1935.5,528.3,"[""1312"", ""1526"", ""1608"", ""1785"", ""2031"", ""2357"", ""2368"", ""2464"", ""2468"", ""2801"", ""3017"", ""3234"", ""3293"", ""3324"", ""3356"", ""3362"", ""3437"", ""3543"", ""3669"", ""3675"", ""3707"", ""4171"", ""4973"", ""4976"", ""5292"", ""5312"", ""5351"", ""5443"", ""5475"", ""5608"", ""5706"", ""6152"", ""6179"", ""6225"", ""6274"", ""6526"", ""6577"", ""6668"", ""6689"", ""6691"", ""6969"", ""7714"", ""7772"", ""8021"", ""8028"", ""8033"", ""8227"", ""8454"", ""8937"", ""9941""]",2026-10-01
元大忠孝,195,90,15843.3,4606.5,"[""1301"", ""1528"", ""1612"", ""1713"", ""1810"", ""1815"", ""2030"", ""2031"", ""2049"", ""2059"", ""2221"", ""2241"", ""2305"", ""2312"", ""2330"", ""2337"", ""2342"", ""2351"", ""2368"", ""2388"", ""2406"", ""2409"", ""2449"", ""2464"", ""2468"", ""2478"", ""2481"", ""2483"", ""2484"", ""2491"", ""2493"", ""2633"", ""2645"", ""2739"", ""2816"", ""2915"", ""3008"", ""3017"", ""3026"", ""3037"", ""3041"", ""3048"", ""3055"", ""3081"", ""3094"", ""3105"", ""3189"", ""3211"", ""3229"", ""3231"", ""3324"", ""3356"", ""3363"", ""3374"", ""3443"", ""3481"", ""3508"", ""3529"", ""3605"", ""3653"", ""3685"", ""3707"", ""3717"", ""4416"", ""4542"", ""4551"", ""4556"", ""4736"", ""4770"", ""4927"", ""4956"", ""4958"", ""4971"", ""4973"", ""4979"", ""4991"", ""5225"", ""5289"", ""5309"", ""5351"", ""5443"", ""5483"", ""5519"", ""6023"", ""6147"", ""6166"", ""6168"", ""6173"", ""6182"", ""6204"", ""6207"", ""6218"", ""6226"", ""6272"", ""6274"", ""6278"", ""6290"", ""6442"", ""6488"", ""6515"", ""6533"", ""6588"", ""6620"", ""6640"", ""6672"", ""6716"", ""6739"", ""6805"", ""6829"", ""6830"", ""6834"", ""6907"", ""6924"", ""6949"", ""6969"", ""7730"", ""7788"", ""7792"", ""7825"", ""8039"", ""8046"", ""8064"", ""8103"", ""8150"", ""8240"", ""8358"", ""8431"", ""8996"", ""9933""]",2026-10-01
元大忠鼎,39,18,3043.8,444.0,"[""1560"", ""1718"", ""2070"", ""2301"", ""2408"", ""2634"", ""3008"", ""3037"", ""3041"", ""3443"", ""3490"", ""3529"", ""3661"", ""3680"", ""3693"", ""3711"", ""5292"", ""5328"", ""6147"", ""6173"", ""6179"", ""6182"", ""6207"", ""6213"", ""6243"", ""6290"", ""6510"", ""6907"", ""7788"", ""8227""]",2026-10-01
元大成功,145,53,6523.4,1333.0,"[""1303"", ""1423"", ""1513"", ""1569"", ""1608"", ""1718"", ""1785"", ""1809"", ""1810"", ""2020"", ""2069"", ""2070"", ""2103"", ""2327"", ""2344"", ""2363"", ""2368"", ""2409"", ""2436"", ""2449"", ""2467"", ""2484"", ""2491"", ""2492"", ""2493"", ""2546"", ""2816"", ""3008"", ""3019"", ""3055"", ""3081"", ""3090"", ""3105"", ""3147"", ""3227"", ""3229"", ""3260"", ""3296"", ""3354"", ""3356"", ""3357"", ""3363"", ""3434"", ""3450"", ""3481"", ""3532"", ""3543"", ""3605"", ""3664"", ""3679"", ""3707"", ""4169"", ""4542"", ""4566"", ""4735"", ""4939"", ""4973"", ""4976"", ""4977"", ""5230"", ""5299"", ""5309"", ""5475"", ""5483"", ""5515"", ""5522"", ""6166"", ""6179"", ""6182"", ""6206"", ""6213"", ""6221"", ""6231"", ""6278"", ""6290"", ""6446"", ""6472"", ""6505"", ""6510"", ""6515"", ""6538"", ""6547"", ""6579"", ""6589"", ""6640"", ""6672"", ""6727"", ""6830"", ""6834"", ""6861"", ""6907"", ""7768"", ""7788"", ""7799"", ""8042"", ""8070"", ""8431""]",2026-10-01
元大敦化,124,56,11318.2,3618.2,"[""1709"", ""1727"", ""1810"", ""2020"", ""2031"", ""2103"", ""2204"", ""2301"", ""2303"", ""2312"", ""2327"", ""2330"", ""2351"", ""2352"", ""2484"", ""2542"", ""2546"", ""2548"", ""2601"", ""2645"", ""2915"", ""3008"", ""3021"", ""3055"", ""3229"", ""3234"", ""3356"", ""3362"", ""3441"", ""3450"", ""3481"", ""3498"", ""3529"", ""3605"", ""3708"", ""3709"", ""4542"", ""4577"", ""4764"", ""4931"", ""4971"", ""4979"", ""4989"", ""5291"", ""5425"", ""5434"", ""5483"", ""5498"", ""5519"", ""6147"", ""6187"", ""6204"", ""6213"", ""6224"", ""6274"", ""6290"", ""6409"", ""6442"", ""6505"", ""6620"", ""6693"", ""6727"", ""6753"", ""6933"", ""7751"", ""7769"", ""7792"", ""7795"", ""7799"", ""8021"", ""8033"", ""8103"", ""8150"", ""8454"", ""8996"", ""9904"", ""9914"", ""9945""]",2026-10-01
元大敦南,157,63,7845.9,957.4,"[""1303"", ""1307"", ""1569"", ""1608"", ""2025"", ""2031"", ""2221"", ""2327"", ""2332"", ""2351"", ""2377"", ""2408"", ""2421"", ""2449"", ""2464"", ""2478"", ""2496"", ""2645"", ""2855"", ""2890"", ""2915"", ""3008"", ""3016"", ""3036"", ""3042"", ""3044"", ""3048"", ""3105"", ""3163"", ""3167"", ""3209"", ""3211"", ""3227"", ""3356"", ""3362"", ""3363"", ""3374"", ""3406"", ""3443"", ""3529"", ""3577"", ""3653"", ""3669"", ""3679"", ""3693"", ""3707"", ""3715"", ""4542"", ""4556"", ""4566"", ""4764"", ""4770"", ""4931"", ""4939"", ""4958"", ""4971"", ""4973"", ""5443"", ""5475"", ""6005"", ""6112"", ""6147"", ""6166"", ""6179"", ""6182"", ""6187"", ""6209"", ""6213"", ""6223"", ""6245"", ""6274"", ""6290"", ""6426"", ""6446"", ""6488"", ""6577"", ""6620"", ""6691"", ""6693"", ""6712"", ""6829"", ""6919"", ""6945"", ""7714"", ""7768"", ""7788"", ""7795"", ""7799"", ""8027"", ""8033"", ""8039"", ""8043"", ""8046"", ""8103"", ""8182"", ""8227"", ""8358"", ""9904""]",2026-10-01
元大文心,66,34,2092.5,549.8,"[""1528"", ""1713"", ""1721"", ""1727"", ""2221"", ""2308"", ""2347"", ""2351"", ""2388"", ""2413"", ""2434"", ""2465"", ""2484"", ""2493"", ""2634"", ""3026"", ""3041"", ""3152"", ""3167"", ""3362"", ""3624"", ""3679"", ""3707"", ""4542"", ""4707"", ""4976"", ""5251"", ""5285"", ""5328"", ""5443"", ""5515"", ""5519"", ""5706"", ""6207"", ""6217"", ""6244"", ""6245"", ""6488"", ""6525"", ""6584"", ""6588"", ""6589"", ""6739"", ""6919"", ""6925"", ""7751"", ""7788"", ""7792"", ""8046""]",2026-10-01
元大文心興,31,13,560.0,151.3,"[""2221"", ""3105"", ""3152"", ""3297"", ""3374"", ""3441"", ""3529"", ""3577"", ""3680"", ""4542"", ""4908"", ""4924"", ""4939"", ""5202"", ""5251"", ""5291"", ""5347"", ""5498"", ""6221"", ""6683"", ""6829"", ""8050"", ""8182"", ""8227""]",2026-10-01
元大斗信,64,26,3451.0,540.0,"[""1326"", ""1528"", ""1612"", ""1709"", ""1721"", ""2302"", ""2344"", ""2359"", ""2387"", ""2425"", ""2436"", ""2455"", ""2468"", ""2546"", ""2618"", ""2645"", ""3018"", ""3021"", ""3162"", ""3227"", ""3520"", ""3564"", ""3664"", ""3669"", ""3679"", ""3707"", ""4939"", ""4967"", ""5202"", ""5225"", ""5515"", ""6005"", ""6147"", ""6152"", ""6227"", ""6231"", ""6244"", ""6278"", ""6279"", ""6291"", ""6442"", ""6689"", ""6715"", ""6830"", ""6933"", ""8070"", ""8110""]",2026-10-01
元大斗六,88,39,7046.4,2988.7,"[""1301"", ""1312"", ""1423"", ""1526"", ""1591"", ""1608"", ""1612"", ""1713"", ""1809"", ""2061"", ""2070"", ""2353"", ""2387"", ""2392"", ""2406"", ""2409"", ""2425"", ""2426"", ""2489"", ""2492"", ""2615"", ""2915"", ""2923"", ""3019"", ""3021"", ""3209"", ""3234"", ""3354"", ""3388"", ""3434"", ""3441"", ""3498"", ""3533"", ""3669"", ""3679"", ""4736"", ""5312"", ""5351"", ""5443"", ""5450"", ""5464"", ""5483"", ""5706"", ""6182"", ""6207"", ""6245"", ""6282"", ""6426"", ""6617"", ""6690"", ""6829"", ""6919"", ""6969"", ""7711"", ""7714"", ""7772"", ""8054"", ""8064"", ""8111"", ""8261"", ""9945""]",2026-10-01
元大新中,44,12,6628.9,596.9,"[""1218"", ""1608"", ""2010"", ""2031"", ""2305"", ""2332"", ""2404"", ""2408"", ""2409"", ""2883"", ""3041"", ""3042"", ""3090"", ""3231"", ""3296"", ""3533"", ""3679"", ""3708"", ""4736"", ""4956"", ""5515"", ""5519"", ""5522"", ""5608"", ""5876"", ""6226"", ""6715"", ""6742"", ""6933"", ""6969""]",2026-10-01
元大新店,13,4,611.9,129.1,"[""3362"", ""3441"", ""3498"", ""4416"", ""4542"", ""5328"", ""6175"", ""6693"", ""6733"", ""7825"", ""7828"", ""8064""]",2026-10-01
元大新營,58,24,2876.0,482.0,"[""1815"", ""2010"", ""2049"", ""2241"", ""2332"", ""2351"", ""2369"", ""2455"", ""2483"", ""2493"", ""2630"", ""3094"", ""3147"", ""3441"", ""3605"", ""3624"", ""3693"", ""3708"", ""4764"", ""4772"", ""4931"", ""5371"", ""5386"", ""5425"", ""5483"", ""6121"", ""6147"", ""6179"", ""6207"", ""6209"", ""6225"", ""6272"", ""6279"", ""6426"", ""6525"", ""6885"", ""6907"", ""6933"", ""7711"", ""8033"", ""8039"", ""8085""]",2026-10-01
元大新生,70,27,12197.7,2856.8,"[""1303"", ""1514"", ""2301"", ""2308"", ""2340"", ""2344"", ""2351"", ""2408"", ""2409"", ""2492"", ""2542"", ""3026"", ""3055"", ""3090"", ""3260"", ""3437"", ""3441"", ""3481"", ""3661"", ""3693"", ""3707"", ""4551"", ""4764"", ""4973"", ""5289"", ""6147"", ""6173"", ""6179"", ""6182"", ""6187"", ""6213"", ""6274"", ""6416"", ""6488"", ""6538"", ""6620"", ""6669"", ""6693"", ""6715"", ""6727"", ""6907"", ""6933"", ""7714"", ""7751"", ""7795"", ""8033"", ""8046"", ""8182""]",2026-10-01
元大新盛,140,58,7061.1,690.7,"[""1608"", ""1612"", ""1713"", ""1802"", ""2010"", ""2030"", ""2059"", ""2069"", ""2301"", ""2305"", ""2312"", ""2327"", ""2352"", ""2369"", ""2408"", ""2409"", ""2449"", ""2455"", ""2478"", ""2483"", ""2484"", ""2634"", ""3006"", ""3008"", ""3019"", ""3036"", ""3037"", ""3041"", ""3042"", ""3055"", ""3094"", ""3167"", ""3189"", ""3231"", ""3234"", ""3297"", ""3324"", ""3406"", ""3441"", ""3450"", ""3498"", ""3529"", ""3653"", ""3664"", ""3707"", ""4542"", ""4735"", ""4736"", ""4772"", ""4939"", ""4971"", ""4991"", ""5289"", ""5312"", ""5443"", ""5475"", ""5706"", ""6026"", ""6147"", ""6152"", ""6166"", ""6179"", ""6207"", ""6218"", ""6226"", ""6271"", ""6488"", ""6515"", ""6517"", ""6538"", ""6669"", ""6672"", ""6683"", ""6693"", ""6829"", ""6945"", ""7714"", ""7730"", ""7769"", ""8021"", ""8027"", ""8033"", ""8039"", ""8043"", ""8046"", ""8076"", ""8110"", ""8150"", ""8227"", ""8454""]",2026-10-01
元大新竹,111,69,3798.5,1905.4,"[""1569"", ""1597"", ""1718"", ""1809"", ""2061"", ""2103"", ""2221"", ""2305"", ""2338"", ""2342"", ""2359"", ""2408"", ""2434"", ""2464"", ""2483"", ""2484"", ""3016"", ""3041"", ""3055"", ""3081"", ""3162"", ""3163"", ""3234"", ""3297"", ""3324"", ""3356"", ""3362"", ""3406"", ""3441"", ""3450"", ""3498"", ""3508"", ""3532"", ""3577"", ""3653"", ""3708"", ""4171"", ""4566"", ""4577"", ""4764"", ""4931"", ""4939"", ""4973"", ""4989"", ""5225"", ""5251"", ""5309"", ""5328"", ""5371"", ""5425"", ""5464"", ""5515"", ""6152"", ""6217"", ""6218"", ""6226"", ""6243"", ""6245"", ""6259"", ""6272"", ""6279"", ""6426"", ""6488"", ""6525"", ""6533"", ""6668"", ""6683"", ""6689"", ""6742"", ""6830"", ""6907"", ""6909"", ""6933"", ""7711"", ""7788"", ""7799"", ""8033"", ""8043"", ""8110"", ""8150"", ""8431"", ""9914"", ""9945""]",2026-10-01
元大新竹經,62,17,1187.0,132.7,"[""2070"", ""3141"", ""3234"", ""3441"", ""3455"", ""3467"", ""3577"", ""3664"", ""4542"", ""4556"", ""4772"", ""5299"", ""5450"", ""5475"", ""5498"", ""6147"", ""6148"", ""6175"", ""6179"", ""6204"", ""6207"", ""6231"", ""6244"", ""6577"", ""6588"", ""6590"", ""6617"", ""6620"", ""6727"", ""6872"", ""6907"", ""7714"", ""7828"", ""8027"", ""8042"", ""8043"", ""8050"", ""8084"", ""8383"", ""8431"", ""8937""]",2026-10-01
元大新莊,204,109,16396.4,6012.0,"[""1326"", ""1409"", ""1503"", ""1560"", ""1608"", ""1709"", ""1713"", ""1785"", ""1809"", ""2010"", ""2030"", ""2031"", ""2103"", ""2303"", ""2305"", ""2312"", ""2324"", ""2344"", ""2347"", ""2351"", ""2357"", ""2359"", ""2360"", ""2375"", ""2404"", ""2406"", ""2409"", ""2434"", ""2454"", ""2455"", ""2467"", ""2481"", ""2483"", ""2493"", ""2496"", ""2547"", ""2601"", ""2630"", ""2883"", ""2915"", ""3006"", ""3019"", ""3021"", ""3026"", ""3041"", ""3042"", ""3055"", ""3094"", ""3141"", ""3211"", ""3219"", ""3229"", ""3356"", ""3362"", ""3441"", ""3443"", ""3455"", ""3481"", ""3498"", ""3532"", ""3533"", ""3543"", ""3577"", ""3605"", ""3679"", ""3685"", ""3716"", ""4169"", ""4566"", ""4736"", ""4924"", ""4931"", ""5251"", ""5274"", ""5292"", ""5314"", ""5340"", ""5351"", ""5371"", ""5386"", ""5443"", ""5475"", ""5484"", ""5498"", ""5519"", ""5608"", ""6112"", ""6182"", ""6207"", ""6218"", ""6225"", ""6244"", ""6269"", ""6271"", ""6282"", ""6409"", ""6426"", ""6456"", ""6510"", ""6533"", ""6538"", ""6547"", ""6579"", ""6588"", ""6589"", ""6672"", ""6683"", ""6727"", ""6770"", ""6861"", ""6907"", ""6933"", ""7751"", ""7769"", ""7772"", ""7795"", ""7799"", ""8046"", ""8064"", ""8103"", ""8112"", ""8150"", ""8182"", ""8227"", ""8454"", ""8996"", ""9907"", ""9914"", ""9945""]",2026-10-01
元大旗山,30,12,1872.4,195.0,"[""1303"", ""1307"", ""2313"", ""2409"", ""2413"", ""2465"", ""2542"", ""2601"", ""2816"", ""3041"", ""3105"", ""3211"", ""3264"", ""3324"", ""4416"", ""4931"", ""5475"", ""6026"", ""6116"", ""6179"", ""6226"", ""6244"", ""6533"", ""7825"", ""7828"", ""8996""]",2026-10-01
元大景美,48,12,2526.3,254.1,"[""1108"", ""1303"", ""1409"", ""1785"", ""2033"", ""2305"", ""2376"", ""2408"", ""2413"", ""2491"", ""2496"", ""2542"", ""2645"", ""3066"", ""3311"", ""3504"", ""3679"", ""4416"", ""4556"", ""4931"", ""5309"", ""5386"", ""6152"", ""6218"", ""6225"", ""6243"", ""6244"", ""6279"", ""6589"", ""6829"", ""6869"", ""7714"", ""7772"", ""7792"", ""8038"", ""9914""]",2026-10-01
元大木柵,35,5,2085.0,114.8,"[""1504"", ""1514"", ""1612"", ""1785"", ""1809"", ""2363"", ""2369"", ""2496"", ""2633"", ""2816"", ""2891"", ""3021"", ""3042"", ""3498"", ""4931"", ""5314"", ""5464"", ""5519"", ""5522"", ""6116"", ""6152"", ""6225"", ""6279"", ""6533"", ""6617"", ""8103"", ""8261""]",2026-10-01
元大東泰,50,13,1667.5,186.7,"[""1526"", ""1608"", ""1709"", ""2010"", ""2332"", ""2342"", ""2413"", ""2436"", ""2467"", ""2468"", ""2546"", ""2615"", ""2816"", ""2883"", ""3021"", ""3046"", ""3141"", ""3296"", ""3339"", ""3434"", ""3481"", ""4416"", ""4577"", ""4939"", ""5251"", ""5515"", ""5876"", ""6116"", ""6152"", ""6617"", ""6668"", ""6689"", ""6690"", ""6945"", ""7765"", ""8042"", ""8043"", ""8111"", ""8227""]",2026-10-01
元大東港,23,9,544.0,38.4,"[""2312"", ""3055"", ""3167"", ""3356"", ""4542"", ""4931"", ""4956"", ""5225"", ""5299"", ""5519"", ""6218"", ""6538"", ""6588"", ""6590"", ""6643"", ""6712"", ""6805"", ""6829"", ""7717"", ""7751"", ""7772"", ""7799"", ""9904""]",2026-10-01
元大松山,67,28,2192.4,755.6,"[""1303"", ""1307"", ""1810"", ""2010"", ""2025"", ""2308"", ""2332"", ""2413"", ""2468"", ""2481"", ""2548"", ""2618"", ""2816"", ""3008"", ""3081"", ""3141"", ""3234"", ""3450"", ""3467"", ""3532"", ""3564"", ""4174"", ""4736"", ""4931"", ""5291"", ""5314"", ""5371"", ""5386"", ""5515"", ""6112"", ""6226"", ""6446"", ""6451"", ""6533"", ""6588"", ""6589"", ""6683"", ""6715"", ""6811"", ""7722"", ""7751"", ""8033"", ""8069"", ""8227"", ""8358"", ""8431"", ""8454""]",2026-10-01
元大松江,283,117,87395.3,18284.3,"[""1301"", ""1303"", ""1514"", ""1528"", ""1608"", ""1709"", ""1727"", ""2025"", ""2030"", ""2059"", ""2254"", ""2301"", ""2305"", ""2324"", ""2327"", ""2332"", ""2344"", ""2351"", ""2360"", ""2363"", ""2375"", ""2387"", ""2404"", ""2408"", ""2413"", ""2426"", ""2449"", ""2451"", ""2454"", ""2455"", ""2464"", ""2465"", ""2467"", ""2472"", ""2478"", ""2481"", ""2484"", ""2489"", ""2491"", ""2492"", ""2493"", ""2546"", ""2618"", ""2816"", ""2887"", ""3006"", ""3008"", ""3026"", ""3036"", ""3042"", ""3055"", ""3066"", ""3081"", ""3105"", ""3141"", ""3162"", ""3163"", ""3189"", ""3211"", ""3296"", ""3311"", ""3324"", ""3357"", ""3374"", ""3388"", ""3406"", ""3441"", ""3443"", ""3450"", ""3455"", ""3481"", ""3529"", ""3532"", ""3653"", ""3665"", ""3675"", ""3691"", ""3693"", ""3707"", ""3711"", ""3715"", ""4542"", ""4556"", ""4566"", ""4764"", ""4924"", ""4931"", ""4939"", ""4956"", ""4958"", ""4967"", ""4971"", ""4973"", ""4979"", ""4991"", ""5443"", ""5483"", ""5706"", ""5876"", ""6139"", ""6147"", ""6166"", ""6173"", ""6182"", ""6187"", ""6218"", ""6224"", ""6244"", ""6257"", ""6274"", ""6279"", ""6290"", ""6291"", ""6426"", ""6442"", ""6451"", ""6456"", ""6488"", ""6526"", ""6533"", ""6579"", ""6640"", ""6683"", ""6691"", ""6693"", ""6715"", ""6716"", ""6739"", ""6805"", ""6907"", ""7711"", ""7717"", ""7795"", ""7828"", ""8021"", ""8039"", ""8043"", ""8046"", ""8064"", ""8076"", ""8110"", ""8150"", ""8227"", ""8261"", ""8358"", ""8996""]",2026-10-01
元大板三,32,9,1894.5,131.9,"[""1301"", ""1503"", ""1809"", ""2010"", ""2312"", ""2337"", ""2496"", ""2634"", ""2915"", ""2923"", ""3026"", ""3311"", ""3532"", ""3653"", ""3679"", ""4551"", ""5434"", ""5484"", ""6141"", ""6226"", ""6525"", ""6949"", ""7765""]",2026-10-01
元大板橋,99,36,9415.1,1859.6,"[""1314"", ""2344"", ""2352"", ""2387"", ""2409"", ""2484"", ""2489"", ""2491"", ""2542"", ""2633"", ""3021"", ""3026"", ""3042"", ""3046"", ""3055"", ""3229"", ""3231"", ""3311"", ""3354"", ""3388"", ""3504"", ""3529"", ""3532"", ""3679"", ""3711"", ""3715"", ""4416"", ""4541"", ""4924"", ""4931"", ""4939"", ""4958"", ""4973"", ""5225"", ""5230"", ""5289"", ""5386"", ""5522"", ""5608"", ""6005"", ""6139"", ""6173"", ""6179"", ""6207"", ""6221"", ""6226"", ""6278"", ""6279"", ""6446"", ""6579"", ""6584"", ""6588"", ""6620"", ""6668"", ""6691"", ""6811"", ""6907"", ""6933"", ""7722"", ""7768"", ""7828"", ""8039"", ""8042"", ""8070"", ""8111"", ""8150"", ""8383"", ""9904"", ""9914""]",2026-10-01
元大板橋三,22,8,930.4,47.1,"[""2070"", ""3297"", ""3508"", ""4991"", ""5314"", ""5483"", ""6182"", ""6488"", ""6584"", ""6683"", ""6739"", ""8085"", ""8093"", ""8096"", ""8182"", ""8227""]",2026-10-01
元大林園,40,9,878.1,95.3,"[""1314"", ""1526"", ""2103"", ""2204"", ""2305"", ""2434"", ""2481"", ""2483"", ""2484"", ""2496"", ""2546"", ""3147"", ""3297"", ""3434"", ""3664"", ""3679"", ""5450"", ""5475"", ""5522"", ""6152"", ""6190"", ""6226"", ""6272"", ""6672"", ""6689"", ""6863"", ""6906"", ""6924"", ""7711"", ""8431""]",2026-10-01
元大林森,64,19,2051.1,306.2,"[""1528"", ""1560"", ""1718"", ""1802"", ""2103"", ""2317"", ""2360"", ""2387"", ""2388"", ""2408"", ""2449"", ""2455"", ""2489"", ""2496"", ""2633"", ""3441"", ""3444"", ""4931"", ""4958"", ""5291"", ""5299"", ""5475"", ""6005"", ""6187"", ""6217"", ""6223"", ""6265"", ""6274"", ""6279"", ""6442"", ""6446"", ""6620"", ""6691"", ""6906"", ""6919"", ""6925"", ""7765"", ""7792"", ""8028"", ""8076"", ""8150""]",2026-10-01
元大桃園,85,40,2647.3,933.7,"[""1301"", ""1326"", ""1513"", ""1608"", ""1612"", ""1785"", ""2305"", ""2338"", ""2413"", ""2426"", ""2464"", ""2478"", ""2496"", ""2855"", ""3006"", ""3041"", ""3081"", ""3090"", ""3094"", ""3231"", ""3362"", ""3450"", ""3508"", ""3605"", ""3679"", ""4542"", ""4551"", ""4566"", ""4736"", ""4923"", ""4971"", ""4973"", ""5202"", ""5309"", ""5475"", ""6026"", ""6116"", ""6152"", ""6187"", ""6207"", ""6224"", ""6278"", ""6426"", ""6577"", ""6584"", ""6588"", ""6590"", ""6620"", ""6672"", ""6691"", ""6933"", ""7717"", ""7765"", ""7788"", ""7792"", ""7842"", ""8033"", ""8039"", ""8042"", ""8050"", ""8054"", ""8454""]",2026-10-01
元大桃興,83,31,3872.8,493.7,"[""1513"", ""1526"", ""1608"", ""1612"", ""1717"", ""2020"", ""2031"", ""2221"", ""2344"", ""2363"", ""2369"", ""2387"", ""2409"", ""2434"", ""2467"", ""2481"", ""2489"", ""2496"", ""2633"", ""3167"", ""3234"", ""3264"", ""3354"", ""3406"", ""3498"", ""3520"", ""3529"", ""3669"", ""3675"", ""3709"", ""4540"", ""4566"", ""4764"", ""4768"", ""4770"", ""4908"", ""4931"", ""4939"", ""4976"", ""5274"", ""5309"", ""5314"", ""6005"", ""6112"", ""6182"", ""6207"", ""6224"", ""6225"", ""6226"", ""6279"", ""6446"", ""6525"", ""6533"", ""6590"", ""6683"", ""6829"", ""7714"", ""7768"", ""8033"", ""8038"", ""8093"", ""8150""]",2026-10-01
元大楊梅,82,25,3346.2,856.7,"[""1303"", ""1312"", ""1423"", ""1712"", ""1795"", ""2010"", ""2020"", ""2352"", ""2368"", ""2369"", ""2408"", ""2409"", ""2425"", ""2449"", ""2464"", ""2465"", ""2484"", ""2489"", ""2492"", ""2493"", ""2542"", ""2601"", ""3006"", ""3017"", ""3021"", ""3219"", ""3229"", ""3293"", ""3296"", ""3357"", ""3455"", ""3508"", ""3529"", ""3532"", ""3605"", ""3652"", ""3679"", ""3707"", ""4542"", ""4707"", ""4736"", ""4931"", ""4967"", ""4971"", ""5202"", ""5292"", ""5371"", ""5484"", ""5706"", ""6141"", ""6226"", ""6282"", ""6533"", ""6538"", ""6620"", ""6640"", ""6693"", ""6829"", ""7711"", ""7765"", ""7772"", ""8064"", ""8111"", ""9904"", ""9914""]",2026-10-01
元大樹林,140,71,7693.8,1915.1,"[""1303"", ""1721"", ""1809"", ""1810"", ""1815"", ""2031"", ""2254"", ""2303"", ""2342"", ""2352"", ""2353"", ""2377"", ""2409"", ""2426"", ""2468"", ""2478"", ""2484"", ""2486"", ""2492"", ""2496"", ""2546"", ""2615"", ""2618"", ""2915"", ""3006"", ""3026"", ""3037"", ""3041"", ""3055"", ""3090"", ""3141"", ""3147"", ""3163"", ""3234"", ""3293"", ""3317"", ""3324"", ""3356"", ""3362"", ""3413"", ""3434"", ""3441"", ""3450"", ""3455"", ""3532"", ""3675"", ""3679"", ""3691"", ""3707"", ""4133"", ""4542"", ""4707"", ""4735"", ""4908"", ""4931"", ""4939"", ""4967"", ""4971"", ""4991"", ""5314"", ""5328"", ""5351"", ""5475"", ""5484"", ""5498"", ""5522"", ""6147"", ""6173"", ""6179"", ""6182"", ""6207"", ""6213"", ""6218"", ""6226"", ""6279"", ""6426"", ""6443"", ""6533"", ""6588"", ""6643"", ""6669"", ""6690"", ""6691"", ""6829"", ""6909"", ""6945"", ""7711"", ""7714"", ""7788"", ""7799"", ""8021"", ""8050"", ""8110"", ""8431""]",2026-10-01
元大歸仁,87,36,4281.9,405.4,"[""1591"", ""1802"", ""2010"", ""2031"", ""2033"", ""2332"", ""2338"", ""2353"", ""2369"", ""2382"", ""2409"", ""2464"", ""2468"", ""2484"", ""2489"", ""2496"", ""2855"", ""3081"", ""3211"", ""3219"", ""3234"", ""3305"", ""3354"", ""3362"", ""3374"", ""3467"", ""4542"", ""4903"", ""4956"", ""4971"", ""4973"", ""5225"", ""5291"", ""5328"", ""5450"", ""5522"", ""6173"", ""6187"", ""6207"", ""6209"", ""6213"", ""6244"", ""6668"", ""6733"", ""6924"", ""6933"", ""7711"", ""7714"", ""7730"", ""7768"", ""8039"", ""8084"", ""8111"", ""8112"", ""8150"", ""8261"", ""8454"", ""8937"", ""9945""]",2026-10-01
元大民權,74,29,5334.1,1628.8,"[""1423"", ""1709"", ""2030"", ""2303"", ""2313"", ""2337"", ""2344"", ""2351"", ""2375"", ""2392"", ""2434"", ""2468"", ""2472"", ""2481"", ""2484"", ""2489"", ""2548"", ""2601"", ""2630"", ""2816"", ""3006"", ""3016"", ""3046"", ""3048"", ""3209"", ""3356"", ""3406"", ""3443"", ""3450"", ""4764"", ""4958"", ""4967"", ""4977"", ""5292"", ""5522"", ""6152"", ""6213"", ""6225"", ""6271"", ""6278"", ""6409"", ""6426"", ""6505"", ""6533"", ""6691"", ""6706"", ""6715"", ""6969"", ""7711"", ""7730"", ""7765"", ""8039"", ""8046"", ""8103"", ""8996"", ""9904"", ""9914""]",2026-10-01
元大民生三,18,6,562.0,274.1,"[""3441"", ""4577"", ""5299"", ""5464"", ""5483"", ""6221"", ""6279"", ""6693"", ""6739"", ""6907"", ""7714"", ""8358""]",2026-10-01
元大民雄,32,8,1026.0,180.7,"[""2020"", ""2031"", ""2241"", ""2313"", ""2379"", ""2449"", ""3229"", ""3311"", ""3362"", ""3441"", ""3520"", ""3529"", ""3624"", ""3679"", ""4772"", ""4977"", ""5314"", ""5464"", ""5519"", ""6173"", ""6279"", ""6712"", ""7714"", ""8150""]",2026-10-01
元大永和,64,32,4318.9,1742.3,"[""1218"", ""1314"", ""1409"", ""1504"", ""1608"", ""1718"", ""1721"", ""2069"", ""2363"", ""2375"", ""2409"", ""2489"", ""2496"", ""2801"", ""3036"", ""3234"", ""3356"", ""3508"", ""3543"", ""3577"", ""3605"", ""3664"", ""3707"", ""4707"", ""4956"", ""4973"", ""4977"", ""5202"", ""5309"", ""6116"", ""6121"", ""6147"", ""6168"", ""6187"", ""6204"", ""6213"", ""6225"", ""6226"", ""6227"", ""6231"", ""6279"", ""6584"", ""6693"", ""6739"", ""6919"", ""7722"", ""8070"", ""9904""]",2026-10-01
元大永寧,121,74,102681.1,60473.6,"[""1301"", ""1303"", ""1528"", ""2027"", ""2033"", ""2059"", ""2069"", ""2303"", ""2305"", ""2308"", ""2313"", ""2327"", ""2337"", ""2344"", ""2352"", ""2369"", ""2379"", ""2406"", ""2408"", ""2409"", ""2413"", ""2454"", ""2468"", ""2478"", ""2484"", ""2492"", ""2493"", ""2496"", ""2546"", ""2816"", ""3008"", ""3016"", ""3036"", ""3037"", ""3046"", ""3231"", ""3305"", ""3356"", ""3443"", ""3450"", ""3481"", ""3532"", ""3543"", ""3653"", ""3661"", ""3669"", ""3711"", ""4764"", ""4770"", ""4958"", ""5225"", ""5515"", ""6213"", ""6226"", ""6442"", ""6669"", ""6919"", ""7768"", ""8046"", ""8150"", ""8261"", ""8454"", ""9904""]",2026-10-01
元大永康,39,11,1048.1,87.6,"[""1301"", ""1446"", ""1713"", ""1810"", ""2025"", ""2368"", ""2375"", ""2434"", ""2449"", ""2481"", ""2484"", ""2493"", ""2548"", ""2601"", ""2630"", ""3211"", ""3227"", ""3354"", ""5443"", ""5475"", ""5498"", ""6148"", ""6226"", ""6227"", ""6231"", ""7765"", ""7799"", ""7842"", ""8076"", ""9914""]",2026-10-01
元大永春,157,83,6744.6,2127.6,"[""1303"", ""1409"", ""1519"", ""1526"", ""1608"", ""1717"", ""1718"", ""1810"", ""2010"", ""2103"", ""2305"", ""2363"", ""2382"", ""2408"", ""2413"", ""2436"", ""2468"", ""2478"", ""2483"", ""2496"", ""2601"", ""2630"", ""2645"", ""2912"", ""3021"", ""3081"", ""3094"", ""3167"", ""3211"", ""3219"", ""3229"", ""3260"", ""3293"", ""3311"", ""3324"", ""3354"", ""3356"", ""3357"", ""3362"", ""3434"", ""3441"", ""3443"", ""3498"", ""3577"", ""3605"", ""3664"", ""3679"", ""3693"", ""3715"", ""3717"", ""4566"", ""4770"", ""4807"", ""4908"", ""4931"", ""4939"", ""4971"", ""4976"", ""4977"", ""5202"", ""5225"", ""5309"", ""5425"", ""5450"", ""5464"", ""5475"", ""5608"", ""6133"", ""6148"", ""6166"", ""6173"", ""6204"", ""6213"", ""6217"", ""6224"", ""6226"", ""6227"", ""6243"", ""6259"", ""6272"", ""6279"", ""6282"", ""6426"", ""6510"", ""6588"", ""6589"", ""6617"", ""6620"", ""6906"", ""6907"", ""6924"", ""6925"", ""6933"", ""7711"", ""7714"", ""7769"", ""7772"", ""7777"", ""7788"", ""7799"", ""8027"", ""8033"", ""8038"", ""8050"", ""8085"", ""8096"", ""8150"", ""8261"", ""8431"", ""8454"", ""8937""]",2026-10-01
元大汐止,103,44,3054.0,753.5,"[""1526"", ""1608"", ""1612"", ""1718"", ""1721"", ""1727"", ""1809"", ""1810"", ""2020"", ""2031"", ""2059"", ""2069"", ""2327"", ""2344"", ""2408"", ""2413"", ""2434"", ""2436"", ""2468"", ""2496"", ""2633"", ""2883"", ""2891"", ""3021"", ""3041"", ""3055"", ""3090"", ""3162"", ""3234"", ""3296"", ""3297"", ""3356"", ""3374"", ""3376"", ""3498"", ""3675"", ""3679"", ""3708"", ""4133"", ""4169"", ""4542"", ""4908"", ""4939"", ""4973"", ""5274"", ""5285"", ""5328"", ""5425"", ""5443"", ""5475"", ""5498"", ""6005"", ""6139"", ""6179"", ""6227"", ""6272"", ""6290"", ""6443"", ""6488"", ""6515"", ""6525"", ""6577"", ""6579"", ""6683"", ""6693"", ""6716"", ""6753"", ""6861"", ""6885"", ""6906"", ""6907"", ""7788"", ""7799"", ""8038"", ""8039"", ""8043"", ""8076"", ""8150"", ""9914""]",2026-10-01
元大沙鹿,84,32,4015.2,603.2,"[""1314"", ""1409"", ""1423"", ""1446"", ""1504"", ""1526"", ""1608"", ""1809"", ""2020"", ""2025"", ""2031"", ""2069"", ""2221"", ""2305"", ""2332"", ""2337"", ""2369"", ""2413"", ""2449"", ""2491"", ""2496"", ""2546"", ""2618"", ""2883"", ""3017"", ""3141"", ""3152"", ""3163"", ""3229"", ""3354"", ""3441"", ""3481"", ""3520"", ""3532"", ""3708"", ""4133"", ""4541"", ""4939"", ""4971"", ""4977"", ""5225"", ""5314"", ""5351"", ""5443"", ""5483"", ""5498"", ""5706"", ""6121"", ""6152"", ""6175"", ""6204"", ""6206"", ""6207"", ""6217"", ""6226"", ""6227"", ""6451"", ""6584"", ""6588"", ""6620"", ""6689"", ""6690"", ""6716"", ""6945"", ""7722"", ""7799"", ""7828"", ""8039"", ""8046"", ""8110"", ""8182"", ""8454""]",2026-10-01
元大淡水,84,32,2037.6,284.0,"[""1503"", ""1519"", ""1528"", ""1612"", ""2010"", ""2342"", ""2360"", ""2375"", ""2387"", ""2413"", ""2425"", ""2426"", ""2454"", ""2467"", ""2483"", ""2542"", ""3021"", ""3311"", ""3357"", ""3532"", ""3533"", ""3624"", ""3679"", ""3693"", ""3707"", ""3708"", ""4174"", ""4556"", ""4736"", ""4923"", ""4939"", ""4958"", ""4973"", ""5251"", ""5706"", ""6141"", ""6147"", ""6173"", ""6204"", ""6218"", ""6227"", ""6245"", ""6274"", ""6291"", ""6416"", ""6442"", ""6526"", ""6538"", ""6584"", ""6588"", ""6640"", ""6643"", ""6693"", ""6829"", ""6830"", ""7799"", ""8043"", ""8085"", ""8261""]",2026-10-01
元大清水,46,20,1901.3,602.0,"[""1612"", ""1721"", ""1815"", ""2030"", ""2103"", ""2305"", ""2312"", ""2327"", ""2338"", ""2468"", ""2484"", ""3041"", ""3049"", ""3141"", ""3219"", ""3234"", ""3297"", ""3362"", ""3481"", ""3529"", ""3664"", ""4931"", ""4973"", ""4991"", ""5291"", ""5484"", ""6152"", ""6179"", ""6207"", ""6461"", ""6620"", ""6690"", ""6691"", ""6885"", ""6907"", ""6969"", ""8039"", ""8043"", ""8454""]",2026-10-01
元大潮州,46,18,1973.5,445.8,"[""1526"", ""1528"", ""1718"", ""2069"", ""2313"", ""2324"", ""2342"", ""2351"", ""2426"", ""2436"", ""2449"", ""2484"", ""2601"", ""2880"", ""3152"", ""3297"", ""3356"", ""3441"", ""3716"", ""4171"", ""4416"", ""4908"", ""5202"", ""5484"", ""5706"", ""6152"", ""6168"", ""6231"", ""6426"", ""6579"", ""6589"", ""6706"", ""8043"", ""8064"", ""8070"", ""8103"", ""8937""]",2026-10-01
元大發財,54,18,4055.5,653.2,"[""1303"", ""1326"", ""1608"", ""1717"", ""1809"", ""2010"", ""2031"", ""2070"", ""2254"", ""2305"", ""2368"", ""2409"", ""2542"", ""2603"", ""2739"", ""2816"", ""3026"", ""3090"", ""3152"", ""3297"", ""3324"", ""3374"", ""3434"", ""3441"", ""3481"", ""3498"", ""3679"", ""4169"", ""4551"", ""4764"", ""4908"", ""4931"", ""4973"", ""4991"", ""5519"", ""5706"", ""6226"", ""6227"", ""6693"", ""6782"", ""7825"", ""8028"", ""8039"", ""8070"", ""9904""]",2026-10-01
元大福營,82,32,3429.3,828.4,"[""1312"", ""1526"", ""1612"", ""1721"", ""1802"", ""2010"", ""2332"", ""2340"", ""2351"", ""2363"", ""2375"", ""2413"", ""2426"", ""2491"", ""2496"", ""2546"", ""2630"", ""2633"", ""2645"", ""2739"", ""3018"", ""3042"", ""3105"", ""3227"", ""3317"", ""3362"", ""3441"", ""3532"", ""3605"", ""3675"", ""3679"", ""4735"", ""4973"", ""5328"", ""5371"", ""5484"", ""5706"", ""6141"", ""6173"", ""6182"", ""6206"", ""6207"", ""6209"", ""6213"", ""6217"", ""6218"", ""6227"", ""6259"", ""6272"", ""6274"", ""6279"", ""6488"", ""6515"", ""6589"", ""6727"", ""6733"", ""6770"", ""6907"", ""7765"", ""8043"", ""8093"", ""8110"", ""8227"", ""9904""]",2026-10-01
元大站前,58,25,6001.2,819.5,"[""1339"", ""1409"", ""1709"", ""2031"", ""2049"", ""2059"", ""2103"", ""2302"", ""2305"", ""2332"", ""2337"", ""2382"", ""2388"", ""2409"", ""2413"", ""2449"", ""2465"", ""2481"", ""2634"", ""3437"", ""3450"", ""3481"", ""3669"", ""3717"", ""4976"", ""5519"", ""5608"", ""5706"", ""6225"", ""6278"", ""6426"", ""6579"", ""6589"", ""6706"", ""6715"", ""6770"", ""6861"", ""7610"", ""8021"", ""8033"", ""8150""]",2026-10-01
元大竹北,80,36,2711.8,335.4,"[""1718"", ""1809"", ""2344"", ""2351"", ""2360"", ""2375"", ""2409"", ""2426"", ""2478"", ""2493"", ""2601"", ""2855"", ""2890"", ""3055"", ""3094"", ""3264"", ""3324"", ""3362"", ""3490"", ""3543"", ""3577"", ""3707"", ""3709"", ""4542"", ""4566"", ""4908"", ""4931"", ""4956"", ""5443"", ""5515"", ""5519"", ""5522"", ""5706"", ""6005"", ""6023"", ""6166"", ""6179"", ""6187"", ""6217"", ""6221"", ""6223"", ""6226"", ""6227"", ""6488"", ""6515"", ""6617"", ""6640"", ""6691"", ""6693"", ""6907"", ""6933"", ""7825"", ""8111"", ""8150"", ""8182"", ""9904""]",2026-10-01
元大竹南,22,8,541.3,100.7,"[""1423"", ""1721"", ""1815"", ""2465"", ""2615"", ""3708"", ""4566"", ""4967"", ""5251"", ""5519"", ""6005"", ""6116"", ""6620"", ""6733"", ""6829"", ""6925"", ""7795"", ""8110""]",2026-10-01
元大竹山,52,17,2355.2,213.8,"[""1301"", ""1409"", ""1612"", ""1714"", ""1795"", ""2010"", ""2025"", ""2049"", ""2387"", ""2464"", ""2468"", ""2542"", ""2546"", ""2883"", ""2887"", ""3297"", ""3455"", ""3520"", ""3577"", ""4772"", ""4956"", ""4973"", ""5443"", ""5522"", ""6173"", ""6182"", ""6221"", ""6226"", ""6426"", ""6456"", ""6579"", ""6590"", ""6753"", ""6829"", ""7711"", ""7795"", ""8039"", ""8076"", ""8110"", ""9914""]",2026-10-01
元大竹東,26,7,575.9,29.6,"[""2070"", ""2353"", ""2816"", ""3046"", ""3094"", ""3708"", ""4171"", ""4556"", ""4566"", ""4735"", ""5202"", ""5225"", ""5314"", ""5371"", ""6225"", ""6245"", ""6278"", ""6590"", ""6690"", ""8085"", ""8103""]",2026-10-01
元大竹科,315,199,53516.8,33911.4,"[""1303"", ""1326"", ""1423"", ""1503"", ""1528"", ""1612"", ""1709"", ""1717"", ""1718"", ""1809"", ""1810"", ""2020"", ""2025"", ""2027"", ""2221"", ""2241"", ""2302"", ""2305"", ""2312"", ""2324"", ""2327"", ""2330"", ""2337"", ""2340"", ""2342"", ""2352"", ""2357"", ""2359"", ""2360"", ""2363"", ""2368"", ""2369"", ""2406"", ""2409"", ""2413"", ""2425"", ""2444"", ""2449"", ""2454"", ""2464"", ""2465"", ""2478"", ""2481"", ""2483"", ""2493"", ""2496"", ""2601"", ""2633"", ""2883"", ""3008"", ""3016"", ""3021"", ""3049"", ""3055"", ""3167"", ""3219"", ""3229"", ""3231"", ""3234"", ""3357"", ""3362"", ""3376"", ""3388"", ""3441"", ""3481"", ""3498"", ""3504"", ""3533"", ""3543"", ""3605"", ""3624"", ""3680"", ""3693"", ""3715"", ""4551"", ""4556"", ""4566"", ""4735"", ""4908"", ""4919"", ""4931"", ""4939"", ""4973"", ""4976"", ""4977"", ""4979"", ""4989"", ""5202"", ""5225"", ""5309"", ""5328"", ""5351"", ""5443"", ""5464"", ""5475"", ""5498"", ""5519"", ""5608"", ""5706"", ""6133"", ""6141"", ""6148"", ""6152"", ""6168"", ""6173"", ""6179"", ""6207"", ""6213"", ""6217"", ""6224"", ""6226"", ""6227"", ""6231"", ""6244"", ""6259"", ""6271"", ""6290"", ""6291"", ""6426"", ""6442"", ""6446"", ""6451"", ""6456"", ""6525"", ""6526"", ""6530"", ""6533"", ""6538"", ""6547"", ""6548"", ""6579"", ""6588"", ""6617"", ""6620"", ""6640"", ""6672"", ""6689"", ""6690"", ""6693"", ""6716"", ""6727"", ""6753"", ""6770"", ""6805"", ""6811"", ""6830"", ""6834"", ""6861"", ""6885"", ""6907"", ""6909"", ""6919"", ""6933"", ""6945"", ""7714"", ""7717"", ""7730"", ""7788"", ""7792"", ""7799"", ""7825"", ""8033"", ""8038"", ""8039"", ""8042"", ""8043"", ""8054"", ""8070"", ""8076"", ""8111"", ""8150"", ""8261""]",2026-10-01
元大經國,71,28,5626.2,1228.0,"[""1423"", ""1503"", ""1504"", ""1608"", ""1727"", ""1810"", ""2010"", ""2025"", ""2069"", ""2305"", ""2317"", ""2327"", ""2338"", ""2363"", ""2392"", ""2409"", ""2436"", ""2455"", ""2484"", ""2615"", ""3016"", ""3041"", ""3090"", ""3094"", ""3376"", ""3450"", ""3481"", ""3543"", ""3661"", ""4956"", ""4958"", ""5225"", ""5285"", ""5292"", ""6112"", ""6209"", ""6213"", ""6416"", ""6533"", ""6589"", ""6909"", ""6924"", ""7722"", ""7788"", ""7799"", ""8046"", ""8150"", ""9914"", ""9945""]",2026-10-01
元大羅東,73,28,2776.3,663.1,"[""1303"", ""1514"", ""1528"", ""1809"", ""1810"", ""2069"", ""2103"", ""2313"", ""2330"", ""2340"", ""2351"", ""2413"", ""2484"", ""2493"", ""2915"", ""3008"", ""3105"", ""3227"", ""3297"", ""3311"", ""3444"", ""3481"", ""3707"", ""3708"", ""4542"", ""4551"", ""4566"", ""4768"", ""5386"", ""5522"", ""5706"", ""6121"", ""6190"", ""6218"", ""6221"", ""6226"", ""6231"", ""6245"", ""6274"", ""6409"", ""6446"", ""6456"", ""6525"", ""6526"", ""6588"", ""6693"", ""6727"", ""6742"", ""6811"", ""6830"", ""6834"", ""6869"", ""6907"", ""7788"", ""7842"", ""8042"", ""8111""]",2026-10-01
元大興安,41,14,1215.5,200.2,"[""1423"", ""1608"", ""1810"", ""2020"", ""2049"", ""2338"", ""2369"", ""2377"", ""2413"", ""2484"", ""3006"", ""3021"", ""3090"", ""3167"", ""3229"", ""3708"", ""4133"", ""4566"", ""5706"", ""6139"", ""6141"", ""6226"", ""6271"", ""6442"", ""6770"", ""7749"", ""7788"", ""8033"", ""9904""]",2026-10-01
元大花蓮,85,21,2595.1,510.3,"[""2069"", ""2103"", ""2254"", ""2337"", ""2352"", ""2369"", ""2392"", ""2426"", ""2478"", ""2483"", ""2484"", ""2489"", ""2542"", ""2633"", ""2739"", ""3041"", ""3090"", ""3234"", ""3297"", ""3356"", ""3413"", ""3605"", ""3693"", ""4133"", ""4542"", ""4939"", ""4956"", ""4973"", ""4979"", ""5225"", ""5291"", ""5299"", ""5371"", ""5475"", ""5515"", ""5519"", ""5876"", ""6173"", ""6207"", ""6226"", ""6259"", ""6265"", ""6291"", ""6409"", ""6442"", ""6590"", ""6689"", ""6716"", ""6885"", ""6933"", ""6945"", ""6949"", ""7711"", ""7765"", ""8021"", ""8028"", ""8050"", ""8085"", ""8103"", ""9904""]",2026-10-01
元大苑裡,32,11,422.9,102.6,"[""1608"", ""2010"", ""2049"", ""2221"", ""2254"", ""2436"", ""2467"", ""3147"", ""3467"", ""3508"", ""4577"", ""4908"", ""4958"", ""4976"", ""4977"", ""5202"", ""5291"", ""5328"", ""5519"", ""5706"", ""6225"", ""6577"", ""6620"", ""6668"", ""6672"", ""6689"", ""6690"", ""7717""]",2026-10-01
元大苗栗,17,3,358.0,130.1,"[""1526"", ""2020"", ""2491"", ""3219"", ""4908"", ""6225"", ""6226"", ""6505"", ""8085"", ""8103"", ""9914"", ""9941""]",2026-10-01
元大草屯,140,45,7277.6,1163.7,"[""1307"", ""1314"", ""1409"", ""1504"", ""1513"", ""1528"", ""1608"", ""1612"", ""1712"", ""1721"", ""1785"", ""1802"", ""2025"", ""2204"", ""2254"", ""2305"", ""2324"", ""2330"", ""2332"", ""2347"", ""2409"", ""2413"", ""2436"", ""2449"", ""2484"", ""2489"", ""2496"", ""2633"", ""2739"", ""2816"", ""2890"", ""3021"", ""3141"", ""3147"", ""3227"", ""3229"", ""3234"", ""3356"", ""3362"", ""3406"", ""3441"", ""3498"", ""3675"", ""3680"", ""3702"", ""3707"", ""3708"", ""3709"", ""3717"", ""4416"", ""4542"", ""4566"", ""4735"", ""4908"", ""4956"", ""5202"", ""5225"", ""5251"", ""5285"", ""5292"", ""5309"", ""5314"", ""5328"", ""5351"", ""5425"", ""5475"", ""5483"", ""5608"", ""5706"", ""6112"", ""6152"", ""6173"", ""6188"", ""6209"", ""6217"", ""6245"", ""6271"", ""6272"", ""6533"", ""6770"", ""6907"", ""6924"", ""6925"", ""7711"", ""7749"", ""7765"", ""7772"", ""7825"", ""7842"", ""8038"", ""8039"", ""8043"", ""8085"", ""8261""]",2026-10-01
元大莒光,55,18,1681.6,361.2,"[""1307"", ""1608"", ""1727"", ""2031"", ""2069"", ""2340"", ""2449"", ""2489"", ""2493"", ""2816"", ""2890"", ""2891"", ""3006"", ""3021"", ""3041"", ""3231"", ""3317"", ""3661"", ""3709"", ""3711"", ""3714"", ""4169"", ""4171"", ""4542"", ""4556"", ""4736"", ""4939"", ""5251"", ""5340"", ""5522"", ""6168"", ""6226"", ""6279"", ""6515"", ""6715"", ""6907"", ""6909"", ""6969"", ""7769"", ""8033"", ""8150"", ""8227"", ""9904""]",2026-10-01
元大華山,35,12,1362.6,114.2,"[""1608"", ""1810"", ""2020"", ""2059"", ""2103"", ""2344"", ""2436"", ""2468"", ""2739"", ""2816"", ""3105"", ""3376"", ""3441"", ""3624"", ""3679"", ""4971"", ""5328"", ""5483"", ""5706"", ""6225"", ""6588"", ""7769"", ""8039"", ""8043"", ""8110"", ""8111"", ""8150"", ""8227"", ""8431"", ""8996"", ""9914""]",2026-10-01
元大萬華,60,26,3599.6,704.3,"[""1504"", ""1513"", ""1519"", ""1526"", ""1709"", ""1713"", ""1727"", ""2010"", ""2025"", ""2031"", ""2204"", ""2303"", ""2344"", ""2434"", ""2468"", ""2634"", ""3021"", ""3081"", ""3167"", ""3356"", ""3441"", ""3450"", ""3481"", ""3564"", ""3708"", ""4556"", ""4764"", ""4772"", ""4973"", ""5450"", ""6166"", ""6213"", ""6505"", ""6590"", ""6620"", ""6739"", ""6770"", ""6830"", ""6869"", ""6907"", ""7772"", ""7842"", ""8033"", ""8261"", ""9904""]",2026-10-01
元大蘆中,67,24,2373.8,921.1,"[""1560"", ""1721"", ""1810"", ""2031"", ""2303"", ""2305"", ""2337"", ""2351"", ""2406"", ""2465"", ""2484"", ""2546"", ""2633"", ""2723"", ""2816"", ""2851"", ""2887"", ""3006"", ""3229"", ""3356"", ""3504"", ""3532"", ""3652"", ""4169"", ""4976"", ""5285"", ""5515"", ""5519"", ""5522"", ""6112"", ""6168"", ""6213"", ""6226"", ""6243"", ""6533"", ""6691"", ""6753"", ""6885"", ""6909"", ""6969"", ""7722"", ""7768"", ""7788"", ""7795"", ""7799"", ""8033"", ""8110""]",2026-10-01
元大蘆洲,171,72,25541.1,9909.8,"[""1303"", ""1409"", ""1513"", ""1569"", ""1608"", ""1709"", ""1718"", ""1727"", ""2025"", ""2241"", ""2312"", ""2327"", ""2332"", ""2337"", ""2344"", ""2368"", ""2387"", ""2409"", ""2413"", ""2421"", ""2426"", ""2449"", ""2467"", ""2478"", ""2489"", ""2492"", ""2496"", ""2618"", ""2630"", ""3026"", ""3041"", ""3090"", ""3105"", ""3229"", ""3231"", ""3234"", ""3339"", ""3356"", ""3441"", ""3450"", ""3455"", ""3467"", ""3481"", ""3508"", ""3532"", ""3605"", ""3624"", ""3664"", ""3669"", ""3679"", ""3707"", ""3717"", ""4169"", ""4908"", ""4931"", ""4939"", ""4967"", ""4971"", ""4973"", ""4991"", ""5328"", ""5371"", ""5434"", ""5443"", ""5464"", ""5475"", ""5515"", ""5519"", ""5706"", ""6005"", ""6147"", ""6173"", ""6179"", ""6182"", ""6187"", ""6207"", ""6223"", ""6226"", ""6272"", ""6274"", ""6279"", ""6426"", ""6442"", ""6456"", ""6525"", ""6533"", ""6538"", ""6584"", ""6617"", ""6620"", ""6668"", ""6712"", ""6739"", ""6770"", ""6805"", ""6907"", ""6909"", ""7788"", ""8038"", ""8043"", ""8046"", ""8054"", ""8070"", ""8076"", ""8096"", ""8110"", ""8150"", ""8227"", ""8261"", ""8358"", ""8374"", ""8454"", ""9904""]",2026-10-01
元大蘆洲中,42,22,898.2,286.5,"[""3141"", ""3152"", ""3162"", ""3508"", ""3564"", ""3693"", ""4416"", ""4542"", ""4924"", ""4939"", ""4973"", ""4991"", ""5251"", ""5498"", ""6147"", ""6173"", ""6175"", ""6179"", ""6207"", ""6221"", ""6231"", ""6488"", ""6588"", ""6733"", ""6739"", ""6811"", ""6945"", ""7842"", ""8069"", ""8182"", ""8227""]",2026-10-01
元大虎尾,65,24,7769.2,666.3,"[""1423"", ""1709"", ""1802"", ""1809"", ""2010"", ""2059"", ""2327"", ""2332"", ""2337"", ""2351"", ""2409"", ""2426"", ""2484"", ""2489"", ""2546"", ""3019"", ""3231"", ""3520"", ""3679"", ""3685"", ""3707"", ""4772"", ""4931"", ""5484"", ""5498"", ""5515"", ""5608"", ""5706"", ""6147"", ""6148"", ""6173"", ""6207"", ""6217"", ""6226"", ""6227"", ""6259"", ""6274"", ""6505"", ""6510"", ""6669"", ""6672"", ""6716"", ""6739"", ""6753"", ""6969"", ""7795"", ""8085"", ""8096"", ""9914"", ""9945""]",2026-10-01
元大西屯,54,26,4316.5,1917.3,"[""1526"", ""2221"", ""2313"", ""2332"", ""2337"", ""2344"", ""2352"", ""3021"", ""3105"", ""3189"", ""3219"", ""3434"", ""3441"", ""3481"", ""3520"", ""3532"", ""3685"", ""3693"", ""4556"", ""5314"", ""5450"", ""5515"", ""6182"", ""6207"", ""6213"", ""6226"", ""6291"", ""6488"", ""6577"", ""6588"", ""6590"", ""6770"", ""6925"", ""6945"", ""7769"", ""7799"", ""7825"", ""8033"", ""8261"", ""8937"", ""8996""]",2026-10-01
元大西螺,55,19,1705.7,271.1,"[""1423"", ""1526"", ""1560"", ""1608"", ""1721"", ""2030"", ""2305"", ""2468"", ""2484"", ""2496"", ""2542"", ""2903"", ""3046"", ""3234"", ""3356"", ""3441"", ""3481"", ""3498"", ""3520"", ""3564"", ""4736"", ""4939"", ""4976"", ""5450"", ""5608"", ""5706"", ""6207"", ""6226"", ""6274"", ""6579"", ""6727"", ""6907"", ""6933"", ""8042"", ""8454""]",2026-10-01
元大豐原,98,32,3222.3,415.6,"[""1218"", ""1528"", ""1815"", ""2020"", ""2221"", ""2332"", ""2406"", ""2421"", ""2426"", ""2465"", ""2546"", ""3008"", ""3021"", ""3114"", ""3141"", ""3152"", ""3234"", ""3264"", ""3388"", ""3504"", ""3605"", ""3707"", ""3708"", ""3709"", ""3711"", ""4123"", ""4542"", ""4556"", ""4577"", ""4707"", ""4736"", ""4772"", ""4973"", ""5292"", ""5328"", ""5425"", ""5450"", ""5475"", ""5483"", ""5706"", ""6148"", ""6175"", ""6204"", ""6207"", ""6221"", ""6225"", ""6231"", ""6488"", ""6577"", ""6588"", ""6590"", ""6620"", ""6640"", ""6672"", ""6693"", ""6739"", ""6829"", ""6834"", ""6925"", ""7772"", ""8028"", ""8042"", ""8043"", ""8050"", ""8064"", ""8111"", ""8112""]",2026-10-01
元大路竹,39,15,1120.2,158.8,"[""1612"", ""2059"", ""2069"", ""2204"", ""2351"", ""2434"", ""2465"", ""2468"", ""2633"", ""2816"", ""2883"", ""2887"", ""2923"", ""3046"", ""3356"", ""4566"", ""4939"", ""5285"", ""5314"", ""6005"", ""6533"", ""6584"", ""6716"", ""6811"", ""6861"", ""6907"", ""7730"", ""7792"", ""8070"", ""8454"", ""9904""]",2026-10-01
元大金華,90,37,4543.9,1925.6,"[""1612"", ""1721"", ""2020"", ""2025"", ""2027"", ""2031"", ""2303"", ""2332"", ""2337"", ""2338"", ""2342"", ""2387"", ""2404"", ""2413"", ""2434"", ""2492"", ""2496"", ""2542"", ""3016"", ""3019"", ""3021"", ""3046"", ""3162"", ""3260"", ""3354"", ""3450"", ""3508"", ""3518"", ""3533"", ""3543"", ""3664"", ""4416"", ""5285"", ""5291"", ""5425"", ""6116"", ""6179"", ""6187"", ""6204"", ""6207"", ""6209"", ""6225"", ""6227"", ""6279"", ""6579"", ""6693"", ""6706"", ""6716"", ""6733"", ""6739"", ""6782"", ""6861"", ""6907"", ""6924"", ""7714"", ""7788"", ""7825"", ""8028"", ""8038"", ""8043"", ""8050"", ""8064"", ""9904""]",2026-10-01
元大金門,29,11,897.6,619.5,"[""1718"", ""2010"", ""2020"", ""2363"", ""2615"", ""2723"", ""3021"", ""3167"", ""3504"", ""3532"", ""3624"", ""4542"", ""4977"", ""5312"", ""5425"", ""5484"", ""5519"", ""6204"", ""6207"", ""6472"", ""6643"", ""6693"", ""6933"", ""8043"", ""9933""]",2026-10-01
元大鑫永,28,9,1514.7,153.1,"[""1528"", ""1709"", ""2324"", ""2387"", ""2449"", ""2455"", ""2464"", ""2467"", ""2472"", ""2489"", ""2492"", ""2546"", ""2739"", ""2890"", ""3008"", ""3041"", ""3504"", ""5484"", ""5515"", ""5876"", ""6168"", ""6451"", ""6691"", ""6805""]",2026-10-01
元大鑫永和,7,3,121.9,29.9,"[""3693"", ""4931"", ""5274"", ""5291"", ""6712"", ""7714""]",2026-10-01
元大長庚,54,23,1297.6,452.0,"[""1301"", ""1446"", ""1528"", ""1560"", ""1597"", ""2030"", ""2221"", ""2363"", ""2395"", ""2413"", ""2492"", ""3021"", ""3264"", ""3406"", ""3504"", ""3664"", ""3675"", ""3707"", ""4174"", ""4556"", ""4770"", ""4973"", ""4976"", ""4989"", ""5225"", ""5314"", ""6005"", ""6112"", ""6148"", ""6224"", ""6226"", ""6279"", ""6291"", ""6426"", ""6538"", ""6727"", ""6907"", ""7765"", ""7795"", ""8033"", ""8085"", ""8111"", ""9914""]",2026-10-01
元大長榮,14,10,474.0,184.1,"[""1809"", ""2027"", ""2030"", ""2033"", ""2241"", ""2444"", ""2542"", ""3234"", ""4174"", ""4416"", ""4542"", ""4772"", ""5230"", ""6925""]",2026-10-01
元大雙和,153,76,8250.5,1212.8,"[""1301"", ""1326"", ""1409"", ""1423"", ""1514"", ""1528"", ""1709"", ""1785"", ""1810"", ""2030"", ""2031"", ""2033"", ""2221"", ""2241"", ""2312"", ""2327"", ""2369"", ""2376"", ""2387"", ""2406"", ""2409"", ""2413"", ""2425"", ""2455"", ""2483"", ""2491"", ""2603"", ""2630"", ""2645"", ""2855"", ""2890"", ""3006"", ""3026"", ""3081"", ""3141"", ""3163"", ""3167"", ""3231"", ""3234"", ""3260"", ""3297"", ""3362"", ""3374"", ""3455"", ""3481"", ""3504"", ""3520"", ""3532"", ""3624"", ""3653"", ""3675"", ""3685"", ""3693"", ""3707"", ""3714"", ""3715"", ""3716"", ""4577"", ""4735"", ""4772"", ""4908"", ""4931"", ""4939"", ""4958"", ""4973"", ""4991"", ""5312"", ""5314"", ""5328"", ""5386"", ""5443"", ""5464"", ""5475"", ""5498"", ""6005"", ""6168"", ""6173"", ""6182"", ""6187"", ""6199"", ""6207"", ""6271"", ""6279"", ""6426"", ""6446"", ""6488"", ""6577"", ""6584"", ""6715"", ""6739"", ""6829"", ""6861"", ""6924"", ""7751"", ""7765"", ""7788"", ""7792"", ""7795"", ""7799"", ""8050"", ""9904""]",2026-10-01
元大頭份,74,30,5281.4,1526.3,"[""1503"", ""1526"", ""1612"", ""2368"", ""2377"", ""2408"", ""2409"", ""2413"", ""2492"", ""2496"", ""2816"", ""2915"", ""2923"", ""3006"", ""3037"", ""3234"", ""3264"", ""3324"", ""3413"", ""3437"", ""3441"", ""3444"", ""3504"", ""3624"", ""3679"", ""4735"", ""4939"", ""5225"", ""5274"", ""6199"", ""6225"", ""6226"", ""6505"", ""6525"", ""6533"", ""6733"", ""6811"", ""6861"", ""6907"", ""6925"", ""6933"", ""6945"", ""7711"", ""7792"", ""8038"", ""8043""]",2026-10-01
元大館前,273,136,66436.1,13274.3,"[""1108"", ""1303"", ""1326"", ""1504"", ""1519"", ""1605"", ""1709"", ""1727"", ""1810"", ""2010"", ""2030"", ""2031"", ""2059"", ""2221"", ""2254"", ""2301"", ""2305"", ""2308"", ""2327"", ""2337"", ""2342"", ""2344"", ""2351"", ""2377"", ""2382"", ""2387"", ""2395"", ""2409"", ""2421"", ""2426"", ""2434"", ""2436"", ""2454"", ""2468"", ""2472"", ""2481"", ""2492"", ""2493"", ""2546"", ""2601"", ""2615"", ""2630"", ""2634"", ""2882"", ""2883"", ""2886"", ""3016"", ""3017"", ""3019"", ""3026"", ""3042"", ""3055"", ""3090"", ""3141"", ""3147"", ""3167"", ""3189"", ""3211"", ""3231"", ""3234"", ""3260"", ""3264"", ""3324"", ""3356"", ""3362"", ""3441"", ""3450"", ""3455"", ""3481"", ""3498"", ""3529"", ""3532"", ""3605"", ""3624"", ""3661"", ""3707"", ""4510"", ""4542"", ""4566"", ""4707"", ""4764"", ""4770"", ""4931"", ""4939"", ""4971"", ""4973"", ""5202"", ""5291"", ""5309"", ""5314"", ""5351"", ""5386"", ""5434"", ""5475"", ""5515"", ""5522"", ""5706"", ""6116"", ""6166"", ""6173"", ""6179"", ""6182"", ""6187"", ""6199"", ""6204"", ""6207"", ""6209"", ""6217"", ""6226"", ""6278"", ""6282"", ""6409"", ""6426"", ""6446"", ""6461"", ""6488"", ""6505"", ""6538"", ""6584"", ""6589"", ""6669"", ""6672"", ""6690"", ""6706"", ""6727"", ""6739"", ""6830"", ""6861"", ""6902"", ""6906"", ""6907"", ""6909"", ""6933"", ""7717"", ""7730"", ""7765"", ""7788"", ""7795"", ""8027"", ""8033"", ""8039"", ""8043"", ""8050"", ""8085"", ""8093"", ""8103"", ""8112"", ""8227"", ""8261"", ""8374"", ""8431"", ""8996"", ""9904""]",2026-10-01
元大高雄,91,36,3854.3,1005.8,"[""1303"", ""1608"", ""1612"", ""2332"", ""2359"", ""2387"", ""2395"", ""2408"", ""2413"", ""2464"", ""2465"", ""2467"", ""2472"", ""2489"", ""2493"", ""2496"", ""2546"", ""2633"", ""2887"", ""3021"", ""3041"", ""3135"", ""3162"", ""3227"", ""3296"", ""3311"", ""3374"", ""3504"", ""3508"", ""3520"", ""3715"", ""4133"", ""4542"", ""4735"", ""4770"", ""4807"", ""4931"", ""4939"", ""4973"", ""5225"", ""5285"", ""5515"", ""5519"", ""5706"", ""6147"", ""6148"", ""6152"", ""6190"", ""6209"", ""6221"", ""6224"", ""6226"", ""6272"", ""6279"", ""6505"", ""6525"", ""6538"", ""6577"", ""6691"", ""6861"", ""6949"", ""7751"", ""7772"", ""7795"", ""8039"", ""8085"", ""9914"", ""9941""]",2026-10-01
元大鳳中,53,24,2238.5,508.6,"[""1423"", ""1504"", ""1595"", ""1608"", ""1717"", ""2069"", ""2305"", ""2369"", ""2387"", ""2481"", ""2492"", ""2493"", ""2542"", ""3046"", ""3234"", ""3260"", ""3354"", ""3450"", ""3624"", ""3707"", ""4939"", ""5314"", ""5386"", ""5434"", ""5515"", ""6141"", ""6179"", ""6182"", ""6213"", ""6224"", ""6282"", ""6515"", ""6531"", ""6683"", ""7711"", ""8043"", ""8070"", ""8111"", ""8182"", ""8227"", ""8261""]",2026-10-01
元大鳳山,95,43,3892.6,545.8,"[""1301"", ""1528"", ""1721"", ""1809"", ""2059"", ""2204"", ""2254"", ""2340"", ""2344"", ""2408"", ""2421"", ""2444"", ""2449"", ""2464"", ""2481"", ""2489"", ""2601"", ""2816"", ""3017"", ""3026"", ""3037"", ""3189"", ""3236"", ""3406"", ""3455"", ""3529"", ""3708"", ""4171"", ""4736"", ""4958"", ""4979"", ""5340"", ""5519"", ""6026"", ""6207"", ""6225"", ""6231"", ""6243"", ""6274"", ""6442"", ""6456"", ""6531"", ""6533"", ""6620"", ""6669"", ""6689"", ""6805"", ""6829"", ""6924"", ""6933"", ""8070"", ""8996"", ""9914""]",2026-10-01
元大鹿港,63,23,5381.8,364.6,"[""1303"", ""1727"", ""1795"", ""1810"", ""2352"", ""2387"", ""2392"", ""2408"", ""2409"", ""2426"", ""2454"", ""2484"", ""2492"", ""2496"", ""2801"", ""3018"", ""3026"", ""3049"", ""3234"", ""3362"", ""3504"", ""3624"", ""4542"", ""4735"", ""4939"", ""4976"", ""5225"", ""5312"", ""5328"", ""5475"", ""5608"", ""6026"", ""6152"", ""6179"", ""6182"", ""6223"", ""6226"", ""6244"", ""6461"", ""6739"", ""6834"", ""7714"", ""7769"", ""8028"", ""8043"", ""8150"", ""8937"", ""9945""]",2026-10-01
元大龍潭,115,44,4202.1,577.5,"[""1528"", ""1612"", ""1810"", ""2010"", ""2020"", ""2025"", ""2049"", ""2305"", ""2363"", ""2409"", ""2413"", ""2425"", ""2436"", ""2454"", ""2489"", ""2493"", ""2546"", ""2633"", ""2723"", ""2739"", ""2816"", ""2855"", ""3006"", ""3152"", ""3219"", ""3234"", ""3354"", ""3374"", ""3455"", ""3481"", ""3490"", ""3504"", ""3529"", ""3675"", ""3715"", ""4542"", ""4772"", ""4807"", ""4931"", ""4939"", ""4967"", ""5225"", ""5292"", ""5299"", ""5351"", ""5519"", ""5706"", ""6005"", ""6026"", ""6139"", ""6166"", ""6204"", ""6206"", ""6214"", ""6217"", ""6226"", ""6279"", ""6416"", ""6456"", ""6620"", ""6716"", ""6770"", ""6829"", ""6830"", ""7751"", ""7769"", ""8021"", ""8033"", ""8043"", ""8085"", ""8096"", ""8111"", ""8227"", ""9933""]",2026-10-01
兆豐,562,238,123584.6,18737.3,"[""1303"", ""1326"", ""1503"", ""1513"", ""1514"", ""1526"", ""1560"", ""1712"", ""1815"", ""2049"", ""2059"", ""2301"", ""2303"", ""2308"", ""2313"", ""2324"", ""2327"", ""2330"", ""2332"", ""2344"", ""2351"", ""2357"", ""2360"", ""2368"", ""2369"", ""2379"", ""2382"", ""2387"", ""2395"", ""2404"", ""2408"", ""2409"", ""2426"", ""2436"", ""2449"", ""2454"", ""2455"", ""2464"", ""2472"", ""2481"", ""2492"", ""2493"", ""2542"", ""2547"", ""2603"", ""2618"", ""2633"", ""2645"", ""2801"", ""2855"", ""2882"", ""2883"", ""2884"", ""2886"", ""2887"", ""2891"", ""3008"", ""3017"", ""3021"", ""3023"", ""3026"", ""3037"", ""3044"", ""3055"", ""3081"", ""3090"", ""3105"", ""3163"", ""3167"", ""3189"", ""3211"", ""3231"", ""3260"", ""3264"", ""3293"", ""3324"", ""3374"", ""3376"", ""3406"", ""3441"", ""3443"", ""3450"", ""3455"", ""3467"", ""3529"", ""3532"", ""3533"", ""3577"", ""3605"", ""3624"", ""3653"", ""3661"", ""3665"", ""3679"", ""3693"", ""3702"", ""3707"", ""3711"", ""4542"", ""4551"", ""4566"", ""4768"", ""4770"", ""4958"", ""4979"", ""4991"", ""5274"", ""5291"", ""5314"", ""5347"", ""5351"", ""5371"", ""5434"", ""5443"", ""5475"", ""5483"", ""5515"", ""5522"", ""6023"", ""6026"", ""6112"", ""6121"", ""6139"", ""6147"", ""6182"", ""6187"", ""6213"", ""6223"", ""6224"", ""6227"", ""6231"", ""6274"", ""6278"", ""6279"", ""6282"", ""6291"", ""6409"", ""6426"", ""6446"", ""6488"", ""6510"", ""6515"", ""6538"", ""6620"", ""6640"", ""6669"", ""6683"", ""6691"", ""6715"", ""6727"", ""6805"", ""6829"", ""6907"", ""6949"", ""7711"", ""7751"", ""7769"", ""7792"", ""7795"", ""7799"", ""8021"", ""8028"", ""8039"", ""8042"", ""8046"", ""8069"", ""8070"", ""8096"", ""8103"", ""8150"", ""8261"", ""8358"", ""8454"", ""8996"", ""9904"", ""9907"", ""9914"", ""9933""]",2026-10-01
兆豐三民,105,47,7103.1,2090.3,"[""1560"", ""1612"", ""1713"", ""1802"", ""2010"", ""2070"", ""2103"", ""2305"", ""2324"", ""2344"", ""2351"", ""2352"", ""2377"", ""2382"", ""2408"", ""2409"", ""2436"", ""2465"", ""2484"", ""2816"", ""3021"", ""3046"", ""3049"", ""3211"", ""3356"", ""3362"", ""3577"", ""3711"", ""3714"", ""4735"", ""4736"", ""4931"", ""4979"", ""4991"", ""5225"", ""5289"", ""5312"", ""5314"", ""5328"", ""5443"", ""5519"", ""6147"", ""6166"", ""6173"", ""6182"", ""6204"", ""6279"", ""6515"", ""6525"", ""6584"", ""6668"", ""6691"", ""6712"", ""6907"", ""6933"", ""7765"", ""7788"", ""7799"", ""8039"", ""8054"", ""8070"", ""8103"", ""8150"", ""8227"", ""8261"", ""9904"", ""9945""]",2026-10-01
兆豐三重,38,11,2317.3,498.9,"[""1608"", ""1727"", ""2327"", ""2337"", ""2344"", ""2387"", ""2409"", ""2464"", ""2816"", ""3041"", ""3708"", ""4169"", ""4735"", ""4919"", ""4931"", ""5285"", ""6005"", ""6166"", ""6213"", ""6226"", ""6533"", ""6538"", ""8039"", ""8111""]",2026-10-01
兆豐中壢,53,13,18236.9,1001.0,"[""1608"", ""1795"", ""2030"", ""2221"", ""2327"", ""2337"", ""2344"", ""2408"", ""2449"", ""2493"", ""3354"", ""3388"", ""3673"", ""5291"", ""6182"", ""6213"", ""6669"", ""6770"", ""6805"", ""8033"", ""8182"", ""8358"", ""8431""]",2026-10-01
兆豐中港,70,30,9163.1,1806.0,"[""1108"", ""1612"", ""1713"", ""1810"", ""2010"", ""2020"", ""2301"", ""2308"", ""2312"", ""2324"", ""2352"", ""2388"", ""2409"", ""2421"", ""2434"", ""2467"", ""2481"", ""2493"", ""2542"", ""2883"", ""2887"", ""3021"", ""3041"", ""3481"", ""3711"", ""4967"", ""5225"", ""5515"", ""5608"", ""5706"", ""6226"", ""6456"", ""6505"", ""6589"", ""6668"", ""6924"", ""8021"", ""8110"", ""8150"", ""9904""]",2026-10-01
兆豐來福,68,22,2026.1,360.1,"[""1339"", ""1423"", ""1503"", ""1605"", ""1709"", ""1717"", ""1727"", ""1809"", ""2204"", ""2337"", ""2342"", ""2375"", ""2406"", ""2467"", ""2496"", ""2601"", ""2634"", ""2923"", ""3147"", ""3227"", ""3234"", ""3311"", ""3324"", ""3388"", ""3520"", ""3680"", ""3707"", ""3708"", ""3716"", ""4416"", ""4556"", ""4903"", ""4908"", ""4973"", ""4976"", ""4977"", ""5202"", ""5225"", ""6226"", ""6231"", ""6245"", ""6533"", ""6579"", ""6620"", ""6691"", ""7717"", ""7788"", ""8076"", ""8454"", ""8996"", ""9914""]",2026-10-01
兆豐公益,67,25,2743.6,676.5,"[""1569"", ""1608"", ""1785"", ""2204"", ""2308"", ""2332"", ""2413"", ""2478"", ""2484"", ""2493"", ""2855"", ""2890"", ""3017"", ""3037"", ""3055"", ""3081"", ""3147"", ""3219"", ""3234"", ""3293"", ""3356"", ""3467"", ""3577"", ""3653"", ""3661"", ""3693"", ""4542"", ""4971"", ""5299"", ""5475"", ""5498"", ""6005"", ""6716"", ""6834"", ""7768"", ""7769"", ""7792"", ""8027"", ""8038"", ""8046"", ""8111"", ""8261"", ""8454"", ""9904"", ""9945""]",2026-10-01
兆豐北高,119,52,13402.3,2603.5,"[""1303"", ""1312"", ""1560"", ""1608"", ""1713"", ""1810"", ""2025"", ""2031"", ""2059"", ""2338"", ""2342"", ""2351"", ""2375"", ""2388"", ""2392"", ""2408"", ""2426"", ""2472"", ""2478"", ""2493"", ""2606"", ""2883"", ""2887"", ""2915"", ""3008"", ""3017"", ""3026"", ""3042"", ""3189"", ""3406"", ""3443"", ""3481"", ""3504"", ""3532"", ""3605"", ""3653"", ""3708"", ""4566"", ""4736"", ""4764"", ""4958"", ""5285"", ""6213"", ""6271"", ""6426"", ""6589"", ""6715"", ""6805"", ""6869"", ""6902"", ""6933"", ""6969"", ""7722"", ""7765"", ""7795"", ""8033"", ""8039"", ""8046"", ""8110"", ""8996""]",2026-10-01
兆豐北高雄,30,13,706.7,196.2,"[""3374"", ""3529"", ""3577"", ""3664"", ""3693"", ""4577"", ""4707"", ""4735"", ""4973"", ""5202"", ""5274"", ""6148"", ""6187"", ""6204"", ""6274"", ""6290"", ""6538"", ""6588"", ""6683"", ""8038"", ""8431""]",2026-10-01
兆豐南京,90,34,10093.6,614.7,"[""1312"", ""1423"", ""1717"", ""2059"", ""2061"", ""2221"", ""2254"", ""2313"", ""2330"", ""2344"", ""2368"", ""2454"", ""2481"", ""2883"", ""2886"", ""3006"", ""3008"", ""3037"", ""3042"", ""3090"", ""3260"", ""3293"", ""3324"", ""3354"", ""3356"", ""3362"", ""3406"", ""3441"", ""3543"", ""3624"", ""3665"", ""4416"", ""4566"", ""4973"", ""5347"", ""5475"", ""5483"", ""5876"", ""5904"", ""6023"", ""6026"", ""6112"", ""6173"", ""6226"", ""6272"", ""6274"", ""6291"", ""6426"", ""6443"", ""6525"", ""6526"", ""6533"", ""6588"", ""6672"", ""6712"", ""6727"", ""6739"", ""6782"", ""6811"", ""8033"", ""8039"", ""8046"", ""8085"", ""8227"", ""8261"", ""8431"", ""8996"", ""9914""]",2026-10-01
兆豐南門,94,42,6089.7,752.1,"[""1526"", ""1612"", ""2221"", ""2305"", ""2363"", ""2377"", ""2395"", ""2409"", ""2413"", ""2421"", ""2436"", ""2816"", ""3090"", ""3105"", ""3227"", ""3234"", ""3324"", ""3406"", ""3441"", ""3450"", ""3498"", ""3529"", ""3532"", ""3577"", ""3675"", ""3679"", ""3693"", ""4566"", ""4707"", ""4956"", ""4958"", ""4971"", ""4973"", ""4977"", ""5251"", ""5291"", ""5425"", ""5443"", ""5475"", ""5515"", ""6026"", ""6173"", ""6187"", ""6226"", ""6274"", ""6510"", ""6588"", ""6683"", ""6689"", ""6693"", ""6712"", ""6770"", ""6830"", ""6863"", ""7711"", ""7768"", ""7792"", ""8033"", ""8996"", ""9945""]",2026-10-01
兆豐台中,153,77,20427.3,8924.8,"[""1301"", ""1326"", ""1409"", ""1528"", ""1560"", ""1612"", ""1713"", ""1810"", ""2010"", ""2221"", ""2312"", ""2317"", ""2324"", ""2327"", ""2332"", ""2338"", ""2342"", ""2357"", ""2375"", ""2377"", ""2379"", ""2395"", ""2409"", ""2425"", ""2426"", ""2454"", ""2455"", ""2465"", ""2489"", ""2492"", ""2630"", ""2634"", ""2816"", ""3037"", ""3055"", ""3141"", ""3163"", ""3297"", ""3354"", ""3356"", ""3388"", ""3441"", ""3450"", ""3504"", ""3532"", ""3707"", ""3708"", ""3711"", ""4416"", ""4764"", ""4939"", ""4958"", ""4971"", ""4979"", ""5314"", ""5351"", ""5425"", ""5475"", ""5484"", ""5608"", ""5871"", ""6026"", ""6116"", ""6147"", ""6175"", ""6179"", ""6182"", ""6213"", ""6217"", ""6224"", ""6243"", ""6274"", ""6279"", ""6451"", ""6617"", ""6672"", ""6690"", ""6691"", ""6706"", ""6770"", ""6834"", ""6885"", ""6907"", ""6919"", ""6933"", ""7768"", ""8021"", ""8033"", ""8084"", ""8111"", ""8150"", ""8261"", ""8358""]",2026-10-01
兆豐台中港,27,8,532.2,73.6,"[""1815"", ""2221"", ""3152"", ""4171"", ""4973"", ""6179"", ""6221"", ""6245"", ""6259"", ""6279"", ""6617"", ""6739"", ""6811"", ""6872"", ""7714"", ""7828"", ""8038"", ""8054""]",2026-10-01
兆豐台南,55,17,3256.2,524.9,"[""1709"", ""1810"", ""2010"", ""2031"", ""2059"", ""2305"", ""2313"", ""2342"", ""2436"", ""2496"", ""2633"", ""2816"", ""3016"", ""3152"", ""3167"", ""3498"", ""3543"", ""3577"", ""3653"", ""3708"", ""4171"", ""4416"", ""5202"", ""5225"", ""5274"", ""5299"", ""6112"", ""6179"", ""6213"", ""6221"", ""6279"", ""6617"", ""6925"", ""6933"", ""7711"", ""7717"", ""7828"", ""8033"", ""8038"", ""8039"", ""8043"", ""8085""]",2026-10-01
兆豐員林,62,26,3262.9,385.9,"[""1303"", ""1423"", ""1514"", ""1528"", ""1612"", ""1717"", ""1815"", ""2020"", ""2027"", ""2030"", ""2204"", ""2340"", ""2387"", ""2409"", ""2478"", ""2630"", ""2633"", ""2816"", ""3016"", ""3081"", ""3211"", ""3231"", ""3234"", ""3362"", ""3441"", ""3481"", ""3624"", ""3693"", ""4541"", ""4772"", ""4939"", ""5309"", ""5371"", ""6182"", ""6226"", ""6244"", ""6589"", ""6668"", ""6683"", ""6811"", ""6907"", ""7711"", ""7768"", ""8033"", ""8050"", ""9904"", ""9914""]",2026-10-01
兆豐嘉義,100,46,6536.9,2794.0,"[""1713"", ""1721"", ""2025"", ""2070"", ""2305"", ""2313"", ""2344"", ""2347"", ""2357"", ""2379"", ""2382"", ""2387"", ""2395"", ""2408"", ""2413"", ""2489"", ""2496"", ""2601"", ""3016"", ""3019"", ""3037"", ""3114"", ""3209"", ""3260"", ""3297"", ""3413"", ""3441"", ""3661"", ""3665"", ""3693"", ""3714"", ""4542"", ""4736"", ""4931"", ""4939"", ""4973"", ""5202"", ""5299"", ""5314"", ""5515"", ""6005"", ""6026"", ""6173"", ""6217"", ""6224"", ""6442"", ""6526"", ""6533"", ""6577"", ""6584"", ""6590"", ""6668"", ""6690"", ""6693"", ""6739"", ""6770"", ""6861"", ""6872"", ""6925"", ""7717"", ""7795"", ""7828"", ""8038"", ""8039"", ""8046"", ""8050"", ""8064"", ""8076"", ""8085"", ""8110"", ""8111"", ""8431""]",2026-10-01
兆豐城中,73,33,2774.1,761.6,"[""1314"", ""1605"", ""1612"", ""1717"", ""2330"", ""2342"", ""2351"", ""2444"", ""2465"", ""2546"", ""2915"", ""3055"", ""3090"", ""3356"", ""3374"", ""3533"", ""3605"", ""3665"", ""3716"", ""4770"", ""4971"", ""4973"", ""5225"", ""5309"", ""5371"", ""5450"", ""5475"", ""5484"", ""5706"", ""6173"", ""6223"", ""6243"", ""6442"", ""6531"", ""6533"", ""6538"", ""6590"", ""6620"", ""6690"", ""6715"", ""6739"", ""6834"", ""6861"", ""6933"", ""7795"", ""8033"", ""8050"", ""8054"", ""8069"", ""8111"", ""8996"", ""9904"", ""9945""]",2026-10-01
兆豐埔墘,58,25,6237.2,1571.5,"[""1513"", ""2010"", ""2342"", ""2387"", ""2408"", ""2409"", ""2484"", ""2493"", ""2915"", ""3006"", ""3031"", ""3055"", ""3081"", ""3167"", ""3264"", ""3374"", ""3450"", ""3455"", ""3605"", ""3624"", ""3669"", ""3675"", ""4764"", ""4931"", ""5328"", ""5425"", ""5498"", ""5515"", ""5522"", ""6173"", ""6179"", ""6206"", ""6207"", ""6218"", ""6226"", ""6231"", ""6259"", ""6274"", ""6426"", ""6693"", ""6716"", ""6907"", ""6949"", ""7717"", ""8085"", ""8111"", ""8182""]",2026-10-01
兆豐大同,92,32,10052.1,846.1,"[""1218"", ""1526"", ""1569"", ""1709"", ""1717"", ""2103"", ""2221"", ""2254"", ""2351"", ""2408"", ""2409"", ""2454"", ""2468"", ""2481"", ""2489"", ""2491"", ""2493"", ""2520"", ""2603"", ""2615"", ""2816"", ""3016"", ""3167"", ""3211"", ""3231"", ""3357"", ""3434"", ""3455"", ""3467"", ""3653"", ""3665"", ""3669"", ""3679"", ""3707"", ""4735"", ""4736"", ""4931"", ""4939"", ""4973"", ""4976"", ""4979"", ""5202"", ""5483"", ""5519"", ""6173"", ""6221"", ""6274"", ""6416"", ""6589"", ""6691"", ""6715"", ""6907"", ""6919"", ""7795"", ""8110"", ""8431"", ""8996"", ""9904""]",2026-10-01
兆豐大安,83,37,5079.0,1119.4,"[""1303"", ""1810"", ""2338"", ""2357"", ""2359"", ""2409"", ""2426"", ""2484"", ""2493"", ""3090"", ""3162"", ""3293"", ""3356"", ""3374"", ""3406"", ""3441"", ""3443"", ""3450"", ""3481"", ""3529"", ""3533"", ""3653"", ""3665"", ""4169"", ""4416"", ""4542"", ""4931"", ""4939"", ""4973"", ""4991"", ""5274"", ""5425"", ""5484"", ""6139"", ""6173"", ""6209"", ""6226"", ""6245"", ""6272"", ""6488"", ""6533"", ""6538"", ""6620"", ""6640"", ""6672"", ""6933"", ""6949"", ""7711"", ""7751"", ""7788"", ""7799"", ""8043"", ""8046"", ""8050"", ""8227"", ""8996""]",2026-10-01
兆豐天母,111,43,5730.4,882.2,"[""1303"", ""1409"", ""1713"", ""1809"", ""2305"", ""2344"", ""2360"", ""2413"", ""2426"", ""2454"", ""2465"", ""2467"", ""2481"", ""2547"", ""2615"", ""2890"", ""3017"", ""3026"", ""3105"", ""3147"", ""3234"", ""3324"", ""3356"", ""3374"", ""3406"", ""3413"", ""3450"", ""3533"", ""3664"", ""3693"", ""3707"", ""4510"", ""4707"", ""4971"", ""4973"", ""5225"", ""5291"", ""5425"", ""5464"", ""6147"", ""6179"", ""6187"", ""6207"", ""6290"", ""6291"", ""6442"", ""6451"", ""6526"", ""6530"", ""6672"", ""6683"", ""6715"", ""6716"", ""6933"", ""7751"", ""8033"", ""8111"", ""8150""]",2026-10-01
兆豐寶成,62,19,2956.7,787.1,"[""1528"", ""1810"", ""2010"", ""2025"", ""2030"", ""2204"", ""2221"", ""2254"", ""2425"", ""2436"", ""2484"", ""2496"", ""2542"", ""2603"", ""2855"", ""2883"", ""3003"", ""3018"", ""3311"", ""3374"", ""4133"", ""4169"", ""4174"", ""5314"", ""5443"", ""5522"", ""6005"", ""6166"", ""6207"", ""6217"", ""6224"", ""6227"", ""6259"", ""6446"", ""6461"", ""6547"", ""6579"", ""6588"", ""6620"", ""6693"", ""6969"", ""7711"", ""7788"", ""7825"", ""8038"", ""8064"", ""8110"", ""9914""]",2026-10-01
兆豐小港,38,7,1202.9,60.9,"[""1608"", ""2103"", ""2332"", ""2436"", ""2465"", ""2546"", ""3008"", ""3090"", ""3498"", ""3679"", ""4171"", ""4542"", ""4736"", ""5299"", ""5351"", ""6179"", ""6226"", ""6278"", ""6426"", ""6588"", ""6716"", ""6872"", ""7788"", ""8043"", ""8111"", ""9914""]",2026-10-01
兆豐岡山,44,13,2914.0,605.0,"[""1218"", ""1303"", ""1519"", ""1595"", ""1608"", ""1721"", ""2030"", ""2481"", ""2489"", ""2493"", ""2546"", ""2887"", ""3008"", ""3019"", ""3044"", ""3147"", ""3356"", ""3520"", ""3624"", ""3664"", ""3679"", ""4577"", ""4939"", ""4958"", ""4976"", ""5225"", ""5386"", ""5904"", ""6182"", ""6547"", ""6753"", ""6906"", ""6933"", ""8043"", ""8054"", ""8150"", ""9945""]",2026-10-01
兆豐彰化,63,35,4404.4,1896.6,"[""1303"", ""1528"", ""1709"", ""1717"", ""2059"", ""2301"", ""2303"", ""2313"", ""2338"", ""2368"", ""2392"", ""2406"", ""2436"", ""2465"", ""2472"", ""2478"", ""2493"", ""2633"", ""2915"", ""3008"", ""3018"", ""3026"", ""3041"", ""3081"", ""3090"", ""3167"", ""3229"", ""3311"", ""3406"", ""3481"", ""3693"", ""3715"", ""4566"", ""4924"", ""4931"", ""4979"", ""5225"", ""5483"", ""6182"", ""6187"", ""6272"", ""6278"", ""6279"", ""6426"", ""6933"", ""7714"", ""7730"", ""8046"", ""8070""]",2026-10-01
兆豐復興,107,23,6610.4,714.0,"[""1303"", ""1326"", ""1339"", ""1423"", ""1513"", ""1713"", ""2070"", ""2305"", ""2351"", ""2353"", ""2360"", ""2464"", ""2492"", ""2542"", ""2630"", ""2855"", ""3219"", ""3455"", ""3564"", ""3661"", ""3693"", ""4542"", ""4566"", ""4931"", ""5291"", ""5309"", ""5371"", ""5386"", ""5483"", ""6005"", ""6023"", ""6026"", ""6179"", ""6231"", ""6446"", ""6589"", ""6620"", ""6643"", ""6782"", ""7717"", ""7751"", ""7792"", ""8027"", ""8028"", ""8084"", ""8111"", ""8182"", ""8431"", ""9904"", ""9945""]",2026-10-01
兆豐忠孝,243,107,20779.7,5256.2,"[""1218"", ""1303"", ""1513"", ""1591"", ""1608"", ""1718"", ""1727"", ""1785"", ""1795"", ""1809"", ""1810"", ""2010"", ""2020"", ""2031"", ""2241"", ""2301"", ""2303"", ""2308"", ""2327"", ""2330"", ""2338"", ""2360"", ""2363"", ""2382"", ""2395"", ""2408"", ""2426"", ""2455"", ""2464"", ""2484"", ""2493"", ""2542"", ""2618"", ""2634"", ""3006"", ""3008"", ""3016"", ""3026"", ""3037"", ""3152"", ""3167"", ""3189"", ""3209"", ""3211"", ""3229"", ""3231"", ""3260"", ""3311"", ""3374"", ""3406"", ""3441"", ""3443"", ""3450"", ""3481"", ""3498"", ""3504"", ""3529"", ""3605"", ""3653"", ""4171"", ""4174"", ""4541"", ""4566"", ""4577"", ""4764"", ""4908"", ""4931"", ""4967"", ""4971"", ""4973"", ""5202"", ""5225"", ""5251"", ""5274"", ""5309"", ""5314"", ""5347"", ""5443"", ""5483"", ""5484"", ""6121"", ""6139"", ""6141"", ""6147"", ""6166"", ""6173"", ""6182"", ""6187"", ""6188"", ""6199"", ""6209"", ""6217"", ""6226"", ""6243"", ""6245"", ""6259"", ""6274"", ""6290"", ""6426"", ""6510"", ""6515"", ""6533"", ""6538"", ""6620"", ""6640"", ""6683"", ""6689"", ""6691"", ""6706"", ""6770"", ""6805"", ""6829"", ""6907"", ""6919"", ""6925"", ""6969"", ""7714"", ""7768"", ""7769"", ""7772"", ""7788"", ""7795"", ""7825"", ""7828"", ""8021"", ""8033"", ""8039"", ""8042"", ""8043"", ""8046"", ""8064"", ""8069"", ""8076"", ""8182"", ""8227"", ""8261"", ""8431"", ""8454""]",2026-10-01
兆豐新營,54,9,2958.9,148.9,"[""1409"", ""1612"", ""1721"", ""2010"", ""2387"", ""2408"", ""2413"", ""2444"", ""2496"", ""2601"", ""2801"", ""3021"", ""3041"", ""3679"", ""3716"", ""3717"", ""4556"", ""4707"", ""4924"", ""4976"", ""5202"", ""5484"", ""5706"", ""6175"", ""6204"", ""6213"", ""6533"", ""6691"", ""6712"", ""6919"", ""7711"", ""7751"", ""7765"", ""8076"", ""8374"", ""9941""]",2026-10-01
兆豐新竹,177,91,13687.7,2825.3,"[""1312"", ""1326"", ""1503"", ""1514"", ""1526"", ""1528"", ""1709"", ""1815"", ""2061"", ""2327"", ""2330"", ""2409"", ""2426"", ""2436"", ""2454"", ""2455"", ""2465"", ""2472"", ""2481"", ""2484"", ""2492"", ""2633"", ""2912"", ""3016"", ""3026"", ""3041"", ""3042"", ""3081"", ""3094"", ""3105"", ""3311"", ""3362"", ""3363"", ""3374"", ""3406"", ""3437"", ""3441"", ""3450"", ""3543"", ""3653"", ""3680"", ""3707"", ""3715"", ""4542"", ""4772"", ""4908"", ""4924"", ""4931"", ""4949"", ""4971"", ""4973"", ""5202"", ""5251"", ""5289"", ""5309"", ""5464"", ""5475"", ""5483"", ""5498"", ""6147"", ""6173"", ""6206"", ""6218"", ""6226"", ""6227"", ""6269"", ""6291"", ""6416"", ""6488"", ""6505"", ""6515"", ""6525"", ""6526"", ""6588"", ""6620"", ""6683"", ""6693"", ""6716"", ""6739"", ""6770"", ""6805"", ""6831"", ""6861"", ""6869"", ""6907"", ""7714"", ""7722"", ""7768"", ""7788"", ""7792"", ""7799"", ""7828"", ""8028"", ""8038"", ""8039"", ""8070"", ""8150"", ""8227"", ""8358"", ""8374"", ""9904""]",2026-10-01
兆豐新莊,38,15,3874.8,100.2,"[""1519"", ""2409"", ""2425"", ""2434"", ""3021"", ""3152"", ""3260"", ""3543"", ""3564"", ""3693"", ""3707"", ""4958"", ""4977"", ""5289"", ""5292"", ""5299"", ""5386"", ""6446"", ""6538"", ""6584"", ""6668"", ""6716"", ""6739"", ""6811"", ""6969"", ""7717"", ""8110"", ""9904""]",2026-10-01
兆豐東門,36,12,8384.9,878.9,"[""2332"", ""2395"", ""2409"", ""2883"", ""2915"", ""3141"", ""3229"", ""3450"", ""3679"", ""3717"", ""5289"", ""5351"", ""5484"", ""5706"", ""6179"", ""6182"", ""6691"", ""6739"", ""6782"", ""6811"", ""7795"", ""8076"", ""8096"", ""8103"", ""8227""]",2026-10-01
兆豐松德,60,25,8829.6,4159.3,"[""1301"", ""2313"", ""2344"", ""2363"", ""2387"", ""2395"", ""2408"", ""2465"", ""2478"", ""2493"", ""3141"", ""3152"", ""3163"", ""3388"", ""3413"", ""3441"", ""3529"", ""3669"", ""3673"", ""3675"", ""3685"", ""3707"", ""4542"", ""4908"", ""4971"", ""6173"", ""6217"", ""6227"", ""6291"", ""6426"", ""6442"", ""6461"", ""6533"", ""6706"", ""6715"", ""6770"", ""6933"", ""7610"", ""7795"", ""7799"", ""8076"", ""8150"", ""9904"", ""9945""]",2026-10-01
兆豐板橋,105,46,24433.5,2375.7,"[""1303"", ""1339"", ""1605"", ""1727"", ""1785"", ""2241"", ""2327"", ""2337"", ""2344"", ""2360"", ""2368"", ""2408"", ""2409"", ""2413"", ""2425"", ""2454"", ""2464"", ""2467"", ""2481"", ""2484"", ""2489"", ""2492"", ""2816"", ""2890"", ""3037"", ""3055"", ""3081"", ""3105"", ""3163"", ""3167"", ""3437"", ""3450"", ""3481"", ""3605"", ""3624"", ""3653"", ""3665"", ""3680"", ""4736"", ""4903"", ""4973"", ""4989"", ""5285"", ""5425"", ""5483"", ""6026"", ""6179"", ""6214"", ""6223"", ""6224"", ""6226"", ""6488"", ""6538"", ""6640"", ""6669"", ""6672"", ""6683"", ""6690"", ""6693"", ""6715"", ""6739"", ""6770"", ""6805"", ""6811"", ""6907"", ""6919"", ""8039"", ""8069"", ""8085"", ""8103"", ""8261""]",2026-10-01
兆豐桃園,83,34,6009.5,807.6,"[""1612"", ""1721"", ""2059"", ""2070"", ""2254"", ""2344"", ""2352"", ""2376"", ""2382"", ""2421"", ""2436"", ""2444"", ""2454"", ""2468"", ""2883"", ""2887"", ""3006"", ""3017"", ""3049"", ""3055"", ""3066"", ""3081"", ""3227"", ""3229"", ""3231"", ""3356"", ""3388"", ""3406"", ""3624"", ""3653"", ""3661"", ""4566"", ""4924"", ""4931"", ""5225"", ""5299"", ""5450"", ""5515"", ""6023"", ""6152"", ""6179"", ""6204"", ""6213"", ""6226"", ""6271"", ""6274"", ""6533"", ""6691"", ""6712"", ""6805"", ""6907"", ""8021"", ""9904""]",2026-10-01
兆豐桃鶯,65,23,2093.6,264.9,"[""1409"", ""1446"", ""1528"", ""1810"", ""2049"", ""2387"", ""2421"", ""2478"", ""2883"", ""2887"", ""3167"", ""3260"", ""3264"", ""3297"", ""3434"", ""3529"", ""3675"", ""3679"", ""3708"", ""4577"", ""4735"", ""4958"", ""5225"", ""5299"", ""5443"", ""5519"", ""5706"", ""6152"", ""6179"", ""6213"", ""6221"", ""6224"", ""6271"", ""6278"", ""6279"", ""6282"", ""6291"", ""6620"", ""6672"", ""6706"", ""6830"", ""6834"", ""6907"", ""7714"", ""8076"", ""8150"", ""8261"", ""8358""]",2026-10-01
兆豐民生,160,86,31936.5,9529.0,"[""1303"", ""1714"", ""1727"", ""1785"", ""2303"", ""2313"", ""2327"", ""2332"", ""2337"", ""2344"", ""2352"", ""2368"", ""2388"", ""2392"", ""2395"", ""2408"", ""2409"", ""2425"", ""2426"", ""2444"", ""2455"", ""2481"", ""2489"", ""2492"", ""2493"", ""2603"", ""2923"", ""3003"", ""3006"", ""3042"", ""3044"", ""3081"", ""3105"", ""3227"", ""3264"", ""3311"", ""3324"", ""3362"", ""3374"", ""3406"", ""3441"", ""3443"", ""3450"", ""3455"", ""3481"", ""3532"", ""3605"", ""3624"", ""3665"", ""3675"", ""3693"", ""3708"", ""4576"", ""4931"", ""4973"", ""4979"", ""4989"", ""5347"", ""5371"", ""5425"", ""5443"", ""5450"", ""5464"", ""6147"", ""6166"", ""6213"", ""6217"", ""6224"", ""6226"", ""6245"", ""6274"", ""6290"", ""6409"", ""6442"", ""6584"", ""6669"", ""6683"", ""6691"", ""6727"", ""6770"", ""6907"", ""6949"", ""7714"", ""7795"", ""8039"", ""8040"", ""8042"", ""8064"", ""8111"", ""8261"", ""8358"", ""8431""]",2026-10-01
兆豐永和,42,14,2905.5,940.4,"[""2103"", ""2368"", ""2387"", ""2409"", ""2421"", ""3017"", ""3026"", ""3041"", ""3066"", ""3209"", ""3708"", ""4927"", ""5309"", ""5314"", ""5483"", ""6209"", ""6706"", ""6861"", ""7825"", ""8038"", ""8043"", ""8046"", ""8054"", ""8085"", ""8261"", ""8358"", ""9945""]",2026-10-01
兆豐竹北,71,28,2030.7,402.5,"[""1303"", ""1612"", ""2344"", ""2363"", ""2426"", ""2455"", ""2855"", ""2887"", ""3006"", ""3019"", ""3147"", ""3162"", ""3234"", ""3376"", ""3498"", ""3577"", ""3664"", ""3679"", ""3709"", ""3717"", ""4556"", ""4735"", ""4768"", ""4807"", ""5347"", ""5425"", ""5434"", ""6173"", ""6204"", ""6226"", ""6278"", ""6279"", ""6291"", ""6538"", ""6577"", ""6683"", ""6691"", ""6693"", ""6715"", ""6716"", ""6739"", ""6829"", ""6907"", ""6924"", ""7751"", ""7768"", ""7788"", ""8076"", ""8103"", ""8150"", ""8240""]",2026-10-01
兆豐虎尾,23,9,2174.2,616.0,"[""1303"", ""1326"", ""1795"", ""2327"", ""2360"", ""2633"", ""3374"", ""3437"", ""4556"", ""4967"", ""6173"", ""6712"", ""6770"", ""8033"", ""8039"", ""8112"", ""8454""]",2026-10-01
兆豐西螺,33,9,766.9,76.3,"[""1314"", ""1713"", ""2387"", ""2489"", ""2883"", ""3006"", ""3219"", ""3293"", ""3441"", ""3708"", ""4541"", ""4736"", ""5225"", ""5292"", ""5515"", ""6271"", ""6274"", ""6279"", ""6533"", ""6640"", ""6782"", ""6811"", ""7825"", ""8110""]",2026-10-01
兆豐高雄,86,29,7673.9,890.3,"[""1301"", ""1314"", ""1709"", ""1802"", ""2312"", ""2313"", ""2377"", ""2387"", ""2399"", ""2413"", ""2454"", ""2455"", ""2467"", ""2468"", ""2484"", ""2630"", ""2633"", ""2634"", ""3008"", ""3016"", ""3017"", ""3021"", ""3049"", ""3260"", ""3324"", ""3339"", ""3362"", ""3374"", ""3441"", ""3481"", ""3498"", ""3543"", ""3564"", ""3661"", ""3679"", ""3708"", ""4931"", ""4939"", ""4971"", ""4979"", ""5251"", ""5351"", ""5371"", ""5475"", ""5498"", ""5608"", ""6005"", ""6179"", ""6204"", ""6213"", ""6226"", ""6269"", ""6282"", ""6409"", ""6442"", ""6446"", ""6533"", ""6579"", ""6829"", ""7722"", ""7795"", ""8033"", ""8050"", ""8084"", ""9904""]",2026-10-01
兆豐鹿港,80,30,9906.3,1963.4,"[""1301"", ""1303"", ""1307"", ""1326"", ""1503"", ""1514"", ""1526"", ""1713"", ""2010"", ""2020"", ""2303"", ""2305"", ""2312"", ""2332"", ""2338"", ""2344"", ""2392"", ""2406"", ""2409"", ""2454"", ""2496"", ""2883"", ""3003"", ""3021"", ""3037"", ""3041"", ""3167"", ""3297"", ""3374"", ""3498"", ""3564"", ""3685"", ""3693"", ""3709"", ""4939"", ""4958"", ""4973"", ""4976"", ""4977"", ""5312"", ""5475"", ""5498"", ""6213"", ""6218"", ""6221"", ""6426"", ""6442"", ""6446"", ""6584"", ""6588"", ""6617"", ""6640"", ""6668"", ""6753"", ""6770"", ""6925"", ""7772"", ""8042"", ""8085"", ""9914"", ""9945""]",2026-10-01
兆豐麻豆,26,6,598.8,218.2,"[""1307"", ""1717"", ""2031"", ""2059"", ""2352"", ""2496"", ""2634"", ""2801"", ""3324"", ""4556"", ""4577"", ""5475"", ""5706"", ""6112"", ""6227"", ""6231"", ""6829"", ""6969"", ""7792"", ""8076""]",2026-10-01
光和,46,16,1880.5,326.2,"[""1307"", ""1608"", ""2010"", ""2030"", ""2338"", ""2363"", ""2392"", ""2615"", ""2816"", ""3229"", ""3297"", ""3467"", ""3624"", ""3661"", ""4768"", ""4973"", ""4976"", ""4977"", ""5202"", ""5225"", ""5285"", ""5291"", ""5706"", ""5876"", ""6005"", ""6244"", ""6259"", ""6291"", ""6668"", ""6683"", ""6690"", ""6869"", ""6906"", ""6909"", ""7714"", ""8028"", ""8042"", ""8383"", ""8937""]",2026-10-01
光和和美,9,3,204.0,9.0,"[""3026"", ""3652"", ""4416"", ""4927"", ""6231"", ""6668"", ""7714""]",2026-10-01
光和嘉義,33,10,1974.6,366.1,"[""1718"", ""1785"", ""2324"", ""2359"", ""2465"", ""2468"", ""2546"", ""2633"", ""3041"", ""3141"", ""3356"", ""3441"", ""4736"", ""5314"", ""5515"", ""6152"", ""6218"", ""6226"", ""6278"", ""6505"", ""6712"", ""6770"", ""7788"", ""7799""]",2026-10-01
光和溪湖,40,15,3058.8,312.2,"[""1608"", ""2332"", ""2369"", ""2387"", ""2409"", ""2413"", ""2630"", ""2634"", ""3021"", ""3094"", ""3163"", ""3354"", ""3467"", ""3481"", ""3564"", ""3605"", ""4133"", ""4416"", ""4924"", ""4973"", ""5371"", ""6182"", ""6188"", ""6231"", ""6282"", ""6588"", ""6811"", ""6861"", ""6907"", ""8042"", ""8454"", ""9904""]",2026-10-01
光和田中,21,6,406.2,55.5,"[""1513"", ""1718"", ""2221"", ""2464"", ""2739"", ""3055"", ""3297"", ""3520"", ""4416"", ""4736"", ""4956"", ""8076""]",2026-10-01
光和花壇,12,8,666.7,96.0,"[""1314"", ""1526"", ""2204"", ""2392"", ""2491"", ""2801"", ""3716"", ""4956"", ""4973"", ""6782"", ""8039""]",2026-10-01
光和高雄,31,8,553.0,65.2,"[""1713"", ""1721"", ""2406"", ""2421"", ""2438"", ""2603"", ""2816"", ""2915"", ""3021"", ""3141"", ""3356"", ""3669"", ""3708"", ""4735"", ""4924"", ""6643"", ""6691"", ""6869"", ""8038"", ""8085"", ""8112"", ""8454""]",2026-10-01
凱基,1421,494,818276.7,124368.6,"[""1301"", ""1303"", ""1326"", ""1409"", ""1423"", ""1504"", ""1513"", ""1519"", ""1560"", ""1605"", ""1709"", ""1712"", ""1717"", ""1718"", ""1727"", ""1802"", ""1815"", ""2010"", ""2020"", ""2027"", ""2030"", ""2031"", ""2049"", ""2059"", ""2204"", ""2221"", ""2254"", ""2301"", ""2303"", ""2308"", ""2313"", ""2317"", ""2324"", ""2327"", ""2330"", ""2332"", ""2340"", ""2344"", ""2347"", ""2351"", ""2352"", ""2353"", ""2357"", ""2359"", ""2360"", ""2363"", ""2368"", ""2375"", ""2376"", ""2377"", ""2379"", ""2382"", ""2387"", ""2388"", ""2392"", ""2395"", ""2404"", ""2408"", ""2409"", ""2426"", ""2436"", ""2449"", ""2454"", ""2455"", ""2464"", ""2465"", ""2472"", ""2478"", ""2481"", ""2483"", ""2484"", ""2489"", ""2491"", ""2492"", ""2493"", ""2496"", ""2542"", ""2547"", ""2603"", ""2610"", ""2615"", ""2618"", ""2630"", ""2633"", ""2634"", ""2645"", ""2801"", ""2851"", ""2855"", ""2880"", ""2883"", ""2885"", ""2886"", ""2887"", ""2890"", ""2891"", ""2923"", ""3006"", ""3008"", ""3016"", ""3017"", ""3019"", ""3023"", ""3026"", ""3036"", ""3037"", ""3042"", ""3044"", ""3055"", ""3081"", ""3090"", ""3105"", ""3141"", ""3163"", ""3167"", ""3189"", ""3211"", ""3219"", ""3227"", ""3231"", ""3234"", ""3260"", ""3264"", ""3293"", ""3317"", ""3324"", ""3357"", ""3362"", ""3363"", ""3374"", ""3376"", ""3406"", ""3413"", ""3443"", ""3450"", ""3455"", ""3467"", ""3481"", ""3491"", ""3498"", ""3529"", ""3532"", ""3533"", ""3577"", ""3605"", ""3624"", ""3653"", ""3661"", ""3665"", ""3669"", ""3675"", ""3679"", ""3680"", ""3691"", ""3693"", ""3702"", ""3707"", ""3708"", ""3711"", ""3715"", ""4510"", ""4542"", ""4551"", ""4556"", ""4707"", ""4764"", ""4768"", ""4770"", ""4908"", ""4927"", ""4931"", ""4939"", ""4958"", ""4967"", ""4971"", ""4977"", ""4979"", ""4989"", ""4991"", ""5202"", ""5274"", ""5289"", ""5309"", ""5314"", ""5328"", ""5347"", ""5351"", ""5371"", ""5425"", ""5434"", ""5464"", ""5475"", ""5483"", ""5515"", ""5519"", ""5522"", ""5706"", ""5876"", ""6005"", ""6026"", ""6116"", ""6121"", ""6147"", ""6166"", ""6173"", ""6179"", ""6182"", ""6187"", ""6199"", ""6209"", ""6213"", ""6217"", ""6223"", ""6224"", ""6226"", ""6227"", ""6243"", ""6269"", ""6271"", ""6274"", ""6278"", ""6279"", ""6282"", ""6290"", ""6291"", ""6409"", ""6426"", ""6442"", ""6446"", ""6456"", ""6472"", ""6488"", ""6505"", ""6510"", ""6515"", ""6526"", ""6531"", ""6533"", ""6538"", ""6584"", ""6589"", ""6640"", ""6669"", ""6672"", ""6683"", ""6689"", ""6691"", ""6693"", ""6706"", ""6712"", ""6715"", ""6727"", ""6739"", ""6753"", ""6770"", ""6805"", ""6829"", ""6861"", ""6869"", ""6907"", ""6969"", ""7610"", ""7711"", ""7717"", ""7722"", ""7750"", ""7751"", ""7768"", ""7769"", ""7788"", ""7792"", ""7795"", ""7799"", ""8021"", ""8028"", ""8033"", ""8039"", ""8042"", ""8043"", ""8046"", ""8069"", ""8096"", ""8103"", ""8111"", ""8150"", ""8227"", ""8261"", ""8358"", ""8431"", ""8454"", ""8996"", ""9904"", ""9907"", ""9914"", ""9945""]",2026-10-01
凱基三多,59,18,4092.5,1129.6,"[""1303"", ""1446"", ""1560"", ""1721"", ""1809"", ""1815"", ""2059"", ""2069"", ""2204"", ""2330"", ""2377"", ""2395"", ""2496"", ""2634"", ""3008"", ""3297"", ""3441"", ""3577"", ""3675"", ""4931"", ""5251"", ""5434"", ""5706"", ""6116"", ""6224"", ""6231"", ""6272"", ""6291"", ""6683"", ""6689"", ""6861"", ""6885"", ""6907"", ""7714"", ""7788"", ""8070"", ""8996""]",2026-10-01
凱基三峽,53,10,1599.6,248.1,"[""1423"", ""1612"", ""2204"", ""2340"", ""2413"", ""2465"", ""2481"", ""2520"", ""2615"", ""2633"", ""3209"", ""3211"", ""3293"", ""3441"", ""3508"", ""3679"", ""5464"", ""5515"", ""6112"", ""6116"", ""6121"", ""6221"", ""6243"", ""6265"", ""6590"", ""6668"", ""6716"", ""6907"", ""6933"", ""8076"", ""8093"", ""9904""]",2026-10-01
凱基三民,51,27,1404.8,392.6,"[""1815"", ""2070"", ""2221"", ""3081"", ""3105"", ""3141"", ""3234"", ""3264"", ""3357"", ""3564"", ""3624"", ""3707"", ""4931"", ""4939"", ""5202"", ""5312"", ""6148"", ""6179"", ""6199"", ""6218"", ""6279"", ""6716"", ""6872"", ""6925"", ""7772"", ""7777"", ""7792"", ""7842"", ""8040"", ""8042"", ""8050"", ""8064"", ""8111"", ""8358"", ""8383""]",2026-10-01
凱基三重,136,70,5794.8,2127.6,"[""1314"", ""1709"", ""1713"", ""2020"", ""2070"", ""2221"", ""2305"", ""2351"", ""2382"", ""2392"", ""2413"", ""2421"", ""2425"", ""2426"", ""2434"", ""2464"", ""2478"", ""2481"", ""2491"", ""2493"", ""2542"", ""2630"", ""2855"", ""2903"", ""2915"", ""3006"", ""3037"", ""3105"", ""3211"", ""3219"", ""3229"", ""3234"", ""3297"", ""3305"", ""3356"", ""3388"", ""3441"", ""3533"", ""3564"", ""3594"", ""3605"", ""3711"", ""4133"", ""4540"", ""4556"", ""4736"", ""4772"", ""4927"", ""4931"", ""4956"", ""4967"", ""4977"", ""5274"", ""5443"", ""5464"", ""5515"", ""6121"", ""6173"", ""6207"", ""6213"", ""6217"", ""6226"", ""6245"", ""6259"", ""6278"", ""6409"", ""6426"", ""6446"", ""6461"", ""6533"", ""6538"", ""6577"", ""6588"", ""6643"", ""6669"", ""6689"", ""6690"", ""6693"", ""6712"", ""6727"", ""6753"", ""6770"", ""6872"", ""6902"", ""6909"", ""6925"", ""7749"", ""7788"", ""7842"", ""8042"", ""8110"", ""8111"", ""8150"", ""8358"", ""8996""]",2026-10-01
凱基中壢,146,51,8533.0,1646.8,"[""1301"", ""1314"", ""1409"", ""1810"", ""2030"", ""2221"", ""2301"", ""2327"", ""2332"", ""2337"", ""2338"", ""2363"", ""2395"", ""2413"", ""2449"", ""2481"", ""2484"", ""2491"", ""2542"", ""2548"", ""2634"", ""2816"", ""2855"", ""2880"", ""2883"", ""3006"", ""3044"", ""3090"", ""3135"", ""3147"", ""3219"", ""3413"", ""3450"", ""3481"", ""3498"", ""3504"", ""3508"", ""3669"", ""3685"", ""3693"", ""4123"", ""4416"", ""4542"", ""4551"", ""4577"", ""4707"", ""4735"", ""4736"", ""4908"", ""4956"", ""4967"", ""4973"", ""5251"", ""5274"", ""5309"", ""5314"", ""5328"", ""5386"", ""5450"", ""5475"", ""5483"", ""5498"", ""5519"", ""5608"", ""5706"", ""6023"", ""6026"", ""6133"", ""6166"", ""6179"", ""6182"", ""6204"", ""6223"", ""6271"", ""6291"", ""6416"", ""6456"", ""6505"", ""6525"", ""6533"", ""6577"", ""6590"", ""6672"", ""6691"", ""6693"", ""6739"", ""6770"", ""6782"", ""6869"", ""6872"", ""6885"", ""6907"", ""6924"", ""6925"", ""7711"", ""7765"", ""7795"", ""8043"", ""8046"", ""8084"", ""8085"", ""8150"", ""9907""]",2026-10-01
凱基中山,128,57,9575.4,1526.1,"[""1303"", ""1423"", ""1503"", ""1513"", ""1514"", ""1526"", ""1560"", ""1709"", ""1727"", ""1815"", ""2010"", ""2059"", ""2070"", ""2305"", ""2308"", ""2313"", ""2330"", ""2332"", ""2337"", ""2338"", ""2353"", ""2357"", ""2359"", ""2360"", ""2409"", ""2454"", ""2464"", ""2478"", ""2483"", ""2484"", ""2489"", ""2492"", ""2546"", ""2915"", ""3081"", ""3094"", ""3114"", ""3219"", ""3227"", ""3234"", ""3293"", ""3324"", ""3441"", ""3450"", ""3529"", ""3543"", ""3653"", ""3680"", ""3707"", ""3711"", ""3715"", ""4510"", ""4566"", ""4707"", ""4770"", ""4908"", ""4931"", ""4958"", ""4967"", ""4971"", ""4991"", ""5251"", ""5291"", ""5475"", ""6116"", ""6168"", ""6213"", ""6226"", ""6227"", ""6274"", ""6282"", ""6291"", ""6451"", ""6488"", ""6533"", ""6579"", ""6588"", ""6683"", ""6693"", ""6706"", ""6716"", ""6727"", ""6805"", ""7711"", ""7750"", ""7751"", ""7788"", ""8021"", ""8028"", ""8064"", ""8096"", ""8996""]",2026-10-01
凱基中港,143,70,8234.8,2070.4,"[""1301"", ""1569"", ""1608"", ""1709"", ""1721"", ""1727"", ""2010"", ""2049"", ""2221"", ""2313"", ""2330"", ""2337"", ""2340"", ""2359"", ""2360"", ""2387"", ""2406"", ""2408"", ""2426"", ""2436"", ""2455"", ""2464"", ""2465"", ""2468"", ""2478"", ""2493"", ""2610"", ""2633"", ""3008"", ""3026"", ""3081"", ""3135"", ""3234"", ""3264"", ""3293"", ""3356"", ""3374"", ""3441"", ""3450"", ""3481"", ""3498"", ""3504"", ""3669"", ""3679"", ""3680"", ""3693"", ""3711"", ""3715"", ""4707"", ""4736"", ""4956"", ""4967"", ""4971"", ""4991"", ""5289"", ""5314"", ""5443"", ""5464"", ""5475"", ""5515"", ""5904"", ""6147"", ""6148"", ""6152"", ""6173"", ""6179"", ""6182"", ""6207"", ""6213"", ""6223"", ""6226"", ""6278"", ""6279"", ""6426"", ""6446"", ""6505"", ""6538"", ""6579"", ""6640"", ""6683"", ""6691"", ""6693"", ""6715"", ""6829"", ""6861"", ""6907"", ""6924"", ""6933"", ""6949"", ""7765"", ""7768"", ""7788"", ""7792"", ""7795"", ""8039"", ""8042"", ""8050"", ""8069"", ""8227"", ""8358"", ""8996"", ""9907""]",2026-10-01
凱基五股,33,12,1532.7,204.3,"[""1314"", ""1528"", ""2031"", ""2305"", ""2338"", ""2478"", ""2546"", ""2645"", ""2887"", ""3049"", ""5328"", ""5464"", ""6005"", ""6116"", ""6213"", ""6226"", ""6227"", ""6291"", ""6579"", ""6588"", ""6668"", ""6716"", ""6863"", ""8076"", ""8085""]",2026-10-01
凱基信義,439,242,250474.3,169924.7,"[""1303"", ""1312"", ""1326"", ""1569"", ""1709"", ""1727"", ""1815"", ""2059"", ""2221"", ""2301"", ""2303"", ""2313"", ""2324"", ""2327"", ""2337"", ""2344"", ""2351"", ""2357"", ""2359"", ""2376"", ""2387"", ""2408"", ""2409"", ""2426"", ""2449"", ""2454"", ""2455"", ""2464"", ""2467"", ""2472"", ""2481"", ""2484"", ""2491"", ""2492"", ""2493"", ""2546"", ""2630"", ""2634"", ""2890"", ""2891"", ""3008"", ""3016"", ""3017"", ""3021"", ""3026"", ""3036"", ""3037"", ""3042"", ""3055"", ""3081"", ""3090"", ""3105"", ""3162"", ""3167"", ""3189"", ""3211"", ""3264"", ""3324"", ""3362"", ""3363"", ""3374"", ""3406"", ""3441"", ""3443"", ""3450"", ""3455"", ""3481"", ""3529"", ""3532"", ""3533"", ""3605"", ""3624"", ""3653"", ""3661"", ""3665"", ""3675"", ""3679"", ""3693"", ""3707"", ""3711"", ""4169"", ""4542"", ""4551"", ""4556"", ""4764"", ""4770"", ""4908"", ""4919"", ""4931"", ""4939"", ""4958"", ""4971"", ""4979"", ""4989"", ""4991"", ""5225"", ""5274"", ""5289"", ""5309"", ""5328"", ""5425"", ""5464"", ""5483"", ""5484"", ""5515"", ""5519"", ""5608"", ""5904"", ""6147"", ""6173"", ""6179"", ""6182"", ""6187"", ""6213"", ""6217"", ""6223"", ""6224"", ""6274"", ""6278"", ""6290"", ""6291"", ""6426"", ""6442"", ""6456"", ""6488"", ""6505"", ""6515"", ""6526"", ""6533"", ""6538"", ""6620"", ""6672"", ""6683"", ""6715"", ""6727"", ""6770"", ""6805"", ""6830"", ""6907"", ""7722"", ""7730"", ""7751"", ""7788"", ""7792"", ""7799"", ""7828"", ""8021"", ""8039"", ""8046"", ""8054"", ""8103"", ""8150"", ""8227"", ""8261"", ""8358"", ""8996""]",2026-10-01
凱基內埔,21,4,325.2,112.9,"[""1608"", ""2069"", ""2221"", ""2351"", ""2357"", ""2413"", ""2464"", ""2467"", ""2887"", ""3716"", ""5386"", ""6461"", ""6693"", ""6716"", ""6811"", ""6907"", ""7722""]",2026-10-01
凱基內湖,33,15,666.8,360.6,"[""2010"", ""2241"", ""2327"", ""2352"", ""2483"", ""2491"", ""3354"", ""3388"", ""3543"", ""3669"", ""3679"", ""3691"", ""3708"", ""4171"", ""4556"", ""4973"", ""6168"", ""6213"", ""6218"", ""6226"", ""6243"", ""6588"", ""6668"", ""7777"", ""8111"", ""8261"", ""9914""]",2026-10-01
凱基八德,21,6,549.9,163.1,"[""1514"", ""2387"", ""2421"", ""2426"", ""3041"", ""3260"", ""3605"", ""3679"", ""3693"", ""3717"", ""4927"", ""4973"", ""4976"", ""6272"", ""6829"", ""6925"", ""8076"", ""8096"", ""8103"", ""8227""]",2026-10-01
凱基北門,36,14,1017.4,358.7,"[""1513"", ""1810"", ""2406"", ""2496"", ""2618"", ""3081"", ""3209"", ""3357"", ""4931"", ""5309"", ""5475"", ""5484"", ""6166"", ""6173"", ""6182"", ""6190"", ""6209"", ""6213"", ""6217"", ""6218"", ""6226"", ""6227"", ""6446"", ""6691"", ""6693"", ""6706"", ""6712"", ""6906""]",2026-10-01
凱基南崁,47,22,2433.7,1059.1,"[""1303"", ""1326"", ""1717"", ""1721"", ""2010"", ""2241"", ""2313"", ""2337"", ""2387"", ""2409"", ""2465"", ""2481"", ""2489"", ""2546"", ""3016"", ""3094"", ""3229"", ""3311"", ""3357"", ""3362"", ""3508"", ""3532"", ""4908"", ""4971"", ""5328"", ""5371"", ""5706"", ""6179"", ""6213"", ""6221"", ""6446"", ""6584"", ""6739"", ""6834"", ""6907"", ""8033""]",2026-10-01
凱基台中,96,42,3295.2,614.8,"[""1503"", ""1718"", ""1721"", ""1727"", ""2049"", ""2301"", ""2342"", ""2344"", ""2388"", ""2436"", ""2492"", ""2603"", ""2801"", ""2816"", ""3018"", ""3090"", ""3293"", ""3406"", ""3450"", ""3498"", ""3529"", ""3532"", ""3533"", ""3679"", ""3708"", ""4908"", ""4939"", ""5202"", ""5309"", ""5386"", ""5483"", ""5515"", ""6152"", ""6173"", ""6175"", ""6213"", ""6226"", ""6245"", ""6279"", ""6456"", ""6590"", ""6620"", ""6669"", ""6683"", ""6712"", ""6770"", ""6830"", ""6861"", ""6885"", ""6919"", ""7717"", ""7768"", ""7792"", ""7828"", ""8033"", ""8064"", ""8084"", ""8227"", ""9945""]",2026-10-01
凱基台北,3429,1694,1676334.4,574366.8,"[""1108"", ""1218"", ""1301"", ""1303"", ""1307"", ""1312"", ""1314"", ""1326"", ""1409"", ""1423"", ""1446"", ""1503"", ""1504"", ""1513"", ""1514"", ""1519"", ""1526"", ""1528"", ""1560"", ""1569"", ""1591"", ""1595"", ""1605"", ""1608"", ""1612"", ""1709"", ""1712"", ""1713"", ""1717"", ""1718"", ""1721"", ""1727"", ""1785"", ""1795"", ""1802"", ""1809"", ""1810"", ""1815"", ""2006"", ""2010"", ""2020"", ""2025"", ""2027"", ""2030"", ""2031"", ""2033"", ""2049"", ""2059"", ""2061"", ""2069"", ""2070"", ""2103"", ""2204"", ""2221"", ""2254"", ""2301"", ""2302"", ""2303"", ""2305"", ""2308"", ""2312"", ""2313"", ""2317"", ""2324"", ""2327"", ""2330"", ""2332"", ""2337"", ""2338"", ""2340"", ""2342"", ""2344"", ""2347"", ""2351"", ""2352"", ""2353"", ""2357"", ""2359"", ""2360"", ""2363"", ""2368"", ""2369"", ""2375"", ""2376"", ""2377"", ""2379"", ""2382"", ""2387"", ""2388"", ""2392"", ""2395"", ""2399"", ""2404"", ""2406"", ""2408"", ""2409"", ""2413"", ""2421"", ""2425"", ""2426"", ""2434"", ""2436"", ""2438"", ""2444"", ""2449"", ""2451"", ""2454"", ""2455"", ""2464"", ""2465"", ""2467"", ""2468"", ""2472"", ""2478"", ""2481"", ""2483"", ""2484"", ""2489"", ""2491"", ""2492"", ""2493"", ""2496"", ""2520"", ""2542"", ""2546"", ""2601"", ""2603"", ""2610"", ""2615"", ""2618"", ""2630"", ""2633"", ""2634"", ""2645"", ""2739"", ""2801"", ""2816"", ""2851"", ""2855"", ""2880"", ""2883"", ""2884"", ""2887"", ""2890"", ""2891"", ""2912"", ""2915"", ""2923"", ""3003"", ""3006"", ""3008"", ""3016"", ""3017"", ""3019"", ""3021"", ""3026"", ""3037"", ""3041"", ""3042"", ""3044"", ""3046"", ""3049"", ""3055"", ""3081"", ""3090"", ""3094"", ""3105"", ""3114"", ""3135"", ""3141"", ""3147"", ""3152"", ""3162"", ""3163"", ""3167"", ""3189"", ""3211"", ""3219"", ""3227"", ""3229"", ""3231"", ""3234"", ""3260"", ""3264"", ""3293"", ""3296"", ""3297"", ""3311"", ""3324"", ""3339"", ""3354"", ""3356"", ""3357"", ""3362"", ""3363"", ""3374"", ""3376"", ""3388"", ""3406"", ""3413"", ""3434"", ""3437"", ""3441"", ""3443"", ""3444"", ""3450"", ""3455"", ""3467"", ""3481"", ""3498"", ""3504"", ""3508"", ""3518"", ""3520"", ""3529"", ""3532"", ""3533"", ""3540"", ""3543"", ""3564"", ""3577"", ""3594"", ""3605"", ""3624"", ""3652"", ""3653"", ""3661"", ""3664"", ""3665"", ""3669"", ""3675"", ""3679"", ""3680"", ""3685"", ""3693"", ""3707"", ""3708"", ""3709"", ""3711"", ""3714"", ""3715"", ""3716"", ""3717"", ""4123"", ""4133"", ""4169"", ""4171"", ""4174"", ""4416"", ""4510"", ""4541"", ""4542"", ""4551"", ""4556"", ""4566"", ""4577"", ""4735"", ""4736"", ""4764"", ""4768"", ""4770"", ""4772"", ""4807"", ""4908"", ""4919"", ""4924"", ""4927"", ""4931"", ""4939"", ""4949"", ""4956"", ""4958"", ""4967"", ""4971"", ""4973"", ""4976"", ""4977"", ""4979"", ""4989"", ""4991"", ""5202"", ""5225"", ""5251"", ""5274"", ""5285"", ""5289"", ""5291"", ""5292"", ""5299"", ""5309"", ""5312"", ""5314"", ""5328"", ""5347"", ""5351"", ""5371"", ""5386"", ""5425"", ""5434"", ""5443"", ""5450"", ""5464"", ""5475"", ""5483"", ""5484"", ""5498"", ""5515"", ""5519"", ""5522"", ""5608"", ""5706"", ""5876"", ""5904"", ""6005"", ""6023"", ""6026"", ""6112"", ""6116"", ""6121"", ""6133"", ""6139"", ""6141"", ""6147"", ""6148"", ""6152"", ""6166"", ""6168"", ""6173"", ""6175"", ""6179"", ""6182"", ""6187"", ""6188"", ""6190"", ""6199"", ""6204"", ""6206"", ""6207"", ""6209"", ""6213"", ""6214"", ""6217"", ""6218"", ""6221"", ""6223"", ""6224"", ""6225"", ""6226"", ""6227"", ""6231"", ""6243"", ""6244"", ""6245"", ""6257"", ""6259"", ""6265"", ""6271"", ""6272"", ""6274"", ""6278"", ""6279"", ""6282"", ""6290"", ""6291"", ""6409"", ""6416"", ""6426"", ""6442"", ""6446"", ""6451"", ""6456"", ""6461"", ""6488"", ""6505"", ""6510"", ""6515"", ""6525"", ""6526"", ""6530"", ""6531"", ""6533"", ""6538"", ""6547"", ""6548"", ""6577"", ""6579"", ""6584"", ""6588"", ""6589"", ""6590"", ""6617"", ""6620"", ""6640"", ""6643"", ""6668"", ""6669"", ""6672"", ""6683"", ""6689"", ""6690"", ""6691"", ""6693"", ""6706"", ""6712"", ""6715"", ""6716"", ""6727"", ""6733"", ""6739"", ""6742"", ""6753"", ""6770"", ""6805"", ""6811"", ""6829"", ""6830"", ""6831"", ""6834"", ""6861"", ""6863"", ""6869"", ""6872"", ""6885"", ""6906"", ""6907"", ""6909"", ""6919"", ""6924"", ""6925"", ""6933"", ""6945"", ""6949"", ""6969"", ""7711"", ""7714"", ""7717"", ""7722"", ""7730"", ""7751"", ""7765"", ""7769"", ""7772"", ""7777"", ""7788"", ""7792"", ""7795"", ""7799"", ""7825"", ""7828"", ""7842"", ""8021"", ""8027"", ""8028"", ""8033"", ""8038"", ""8039"", ""8040"", ""8042"", ""8043"", ""8046"", ""8050"", ""8054"", ""8064"", ""8069"", ""8070"", ""8076"", ""8085"", ""8093"", ""8096"", ""8103"", ""8110"", ""8111"", ""8112"", ""8150"", ""8182"", ""8227"", ""8261"", ""8358"", ""8374"", ""8383"", ""8431"", ""8454"", ""8937"", ""8996"", ""9904"", ""9914"", ""9921"", ""9941"", ""9945""]",2026-10-01
凱基台南,164,74,15149.3,1630.8,"[""1301"", ""1303"", ""1513"", ""1519"", ""1612"", ""1717"", ""1721"", ""1727"", ""1810"", ""2010"", ""2103"", ""2221"", ""2327"", ""2338"", ""2344"", ""2352"", ""2360"", ""2387"", ""2395"", ""2408"", ""2409"", ""2413"", ""2426"", ""2436"", ""2468"", ""2472"", ""2481"", ""2492"", ""2546"", ""2615"", ""2633"", ""2634"", ""2855"", ""2883"", ""2891"", ""3016"", ""3019"", ""3026"", ""3041"", ""3066"", ""3081"", ""3141"", ""3163"", ""3211"", ""3219"", ""3227"", ""3260"", ""3311"", ""3324"", ""3374"", ""3406"", ""3413"", ""3441"", ""3481"", ""3529"", ""3532"", ""3564"", ""3594"", ""3661"", ""3669"", ""3679"", ""3680"", ""3693"", ""3717"", ""4416"", ""4556"", ""4764"", ""4770"", ""4772"", ""4931"", ""4939"", ""4967"", ""4973"", ""4976"", ""5289"", ""5291"", ""5309"", ""5328"", ""5443"", ""5450"", ""5475"", ""5706"", ""6005"", ""6026"", ""6166"", ""6179"", ""6207"", ""6218"", ""6225"", ""6227"", ""6451"", ""6488"", ""6505"", ""6579"", ""6588"", ""6739"", ""6829"", ""6861"", ""6919"", ""6924"", ""6933"", ""6969"", ""7711"", ""7717"", ""7730"", ""7769"", ""7788"", ""8042"", ""8043"", ""8050"", ""8070"", ""8110"", ""8111"", ""8150"", ""8182"", ""8227"", ""8358"", ""9904"", ""9914"", ""9945""]",2026-10-01
凱基台東,24,5,1435.6,77.9,"[""1303"", ""1612"", ""1718"", ""1810"", ""2305"", ""2464"", ""2493"", ""2816"", ""3297"", ""3498"", ""3605"", ""4556"", ""5475"", ""6231"", ""6538"", ""6617"", ""6620"", ""6668"", ""6715"", ""6716"", ""7711"", ""7777"", ""8033""]",2026-10-01
凱基和平,68,24,2937.7,806.8,"[""2020"", ""2069"", ""2070"", ""2221"", ""2332"", ""2340"", ""2351"", ""2406"", ""2413"", ""2434"", ""2484"", ""2493"", ""2883"", ""3406"", ""3441"", ""3450"", ""3498"", ""3624"", ""3652"", ""3693"", ""4542"", ""4556"", ""4566"", ""4764"", ""4768"", ""4772"", ""4927"", ""4971"", ""5225"", ""5314"", ""5328"", ""5876"", ""6173"", ""6179"", ""6182"", ""6224"", ""6269"", ""6291"", ""6416"", ""6442"", ""6525"", ""6584"", ""6620"", ""6643"", ""6693"", ""6715"", ""7711"", ""7730"", ""7751"", ""8046"", ""8261"", ""8431"", ""8996""]",2026-10-01
凱基員林,52,31,2888.3,1686.0,"[""1709"", ""1815"", ""2069"", ""2241"", ""2301"", ""2305"", ""2327"", ""2340"", ""2454"", ""2481"", ""2492"", ""3042"", ""3094"", ""3363"", ""3577"", ""4556"", ""4764"", ""4931"", ""4973"", ""5230"", ""5314"", ""5386"", ""5450"", ""5464"", ""6005"", ""6148"", ""6179"", ""6182"", ""6213"", ""6226"", ""6259"", ""6442"", ""6451"", ""6515"", ""6538"", ""6668"", ""6933"", ""7711"", ""8111"", ""8358"", ""8454""]",2026-10-01
凱基嘉義,56,17,1894.0,279.7,"[""1303"", ""1307"", ""1608"", ""1612"", ""1727"", ""1809"", ""2025"", ""2305"", ""2312"", ""2338"", ""2340"", ""2342"", ""2426"", ""2546"", ""2610"", ""2739"", ""2923"", ""3023"", ""3026"", ""3114"", ""3167"", ""3376"", ""3434"", ""4908"", ""4973"", ""5299"", ""5475"", ""5515"", ""5608"", ""6005"", ""6199"", ""6243"", ""6525"", ""6683"", ""6693"", ""7788"", ""8042"", ""8150"", ""8227"", ""9904"", ""9914""]",2026-10-01
凱基土城,22,7,432.0,90.2,"[""1314"", ""1423"", ""1718"", ""2305"", ""2375"", ""2387"", ""2413"", ""3441"", ""5202"", ""5519"", ""6199"", ""6279"", ""6533"", ""6834"", ""6925"", ""8043"", ""8937""]",2026-10-01
凱基城中,496,365,439132.4,324958.4,"[""1303"", ""1312"", ""1326"", ""1526"", ""1528"", ""1560"", ""1591"", ""1595"", ""1608"", ""1709"", ""1718"", ""1721"", ""1727"", ""1785"", ""1809"", ""1810"", ""1815"", ""2030"", ""2059"", ""2103"", ""2221"", ""2241"", ""2301"", ""2303"", ""2305"", ""2308"", ""2313"", ""2324"", ""2327"", ""2330"", ""2332"", ""2337"", ""2338"", ""2344"", ""2351"", ""2352"", ""2357"", ""2363"", ""2368"", ""2375"", ""2392"", ""2404"", ""2408"", ""2409"", ""2426"", ""2449"", ""2454"", ""2455"", ""2464"", ""2468"", ""2472"", ""2478"", ""2481"", ""2484"", ""2489"", ""2492"", ""2546"", ""2615"", ""2630"", ""2634"", ""2645"", ""2855"", ""2923"", ""3006"", ""3008"", ""3016"", ""3018"", ""3019"", ""3026"", ""3036"", ""3037"", ""3042"", ""3055"", ""3081"", ""3090"", ""3094"", ""3105"", ""3141"", ""3152"", ""3163"", ""3167"", ""3189"", ""3211"", ""3219"", ""3234"", ""3264"", ""3297"", ""3311"", ""3324"", ""3356"", ""3374"", ""3388"", ""3406"", ""3437"", ""3441"", ""3443"", ""3450"", ""3467"", ""3481"", ""3498"", ""3529"", ""3532"", ""3577"", ""3605"", ""3624"", ""3653"", ""3665"", ""3675"", ""3691"", ""3707"", ""3711"", ""3715"", ""4169"", ""4542"", ""4764"", ""4908"", ""4931"", ""4939"", ""4956"", ""4971"", ""4973"", ""4979"", ""4989"", ""4991"", ""5312"", ""5314"", ""5328"", ""5347"", ""5371"", ""5386"", ""5443"", ""5475"", ""5483"", ""5498"", ""5608"", ""5706"", ""5871"", ""5904"", ""6005"", ""6147"", ""6168"", ""6173"", ""6182"", ""6187"", ""6207"", ""6213"", ""6217"", ""6218"", ""6221"", ""6223"", ""6226"", ""6231"", ""6243"", ""6245"", ""6259"", ""6269"", ""6272"", ""6274"", ""6279"", ""6282"", ""6290"", ""6409"", ""6426"", ""6443"", ""6446"", ""6456"", ""6488"", ""6505"", ""6525"", ""6533"", ""6538"", ""6547"", ""6577"", ""6620"", ""6640"", ""6669"", ""6672"", ""6683"", ""6690"", ""6706"", ""6712"", ""6715"", ""6727"", ""6739"", ""6753"", ""6770"", ""6861"", ""6907"", ""6924"", ""6933"", ""7750"", ""7788"", ""7792"", ""7795"", ""7828"", ""8021"", ""8033"", ""8039"", ""8042"", ""8043"", ""8046"", ""8054"", ""8064"", ""8096"", ""8103"", ""8110"", ""8111"", ""8150"", ""8261"", ""8358"", ""8454"", ""8996"", ""9904""]",2026-10-01
凱基埔墘,29,8,617.2,49.1,"[""1608"", ""1612"", ""1713"", ""2031"", ""2338"", ""2360"", ""2368"", ""3297"", ""3577"", ""5202"", ""5289"", ""5450"", ""6213"", ""6225"", ""6538"", ""6588"", ""6672"", ""6691"", ""7714"", ""8111""]",2026-10-01
凱基基隆,57,24,2090.7,738.4,"[""1303"", ""1423"", ""1809"", ""2025"", ""2027"", ""2303"", ""2363"", ""2492"", ""2606"", ""2615"", ""2912"", ""3017"", ""3026"", ""3081"", ""3189"", ""3211"", ""3443"", ""3467"", ""3653"", ""4958"", ""4973"", ""5225"", ""5291"", ""5425"", ""5475"", ""5522"", ""5706"", ""6005"", ""6112"", ""6148"", ""6166"", ""6173"", ""6182"", ""6204"", ""6226"", ""6271"", ""6488"", ""6589"", ""6716"", ""6811"", ""6906"", ""7610"", ""7825"", ""8076""]",2026-10-01
凱基士林,126,51,23368.0,3647.9,"[""1569"", ""1608"", ""1718"", ""1727"", ""2030"", ""2059"", ""2069"", ""2303"", ""2305"", ""2327"", ""2332"", ""2344"", ""2353"", ""2382"", ""2408"", ""2413"", ""2491"", ""2883"", ""3017"", ""3021"", ""3041"", ""3105"", ""3141"", ""3147"", ""3162"", ""3219"", ""3231"", ""3311"", ""3363"", ""3455"", ""3520"", ""3605"", ""3661"", ""3665"", ""3669"", ""3675"", ""3708"", ""3709"", ""3711"", ""4556"", ""4566"", ""4924"", ""4931"", ""5251"", ""5299"", ""5425"", ""5450"", ""5498"", ""5519"", ""5522"", ""6121"", ""6173"", ""6226"", ""6426"", ""6526"", ""6538"", ""6589"", ""6620"", ""6640"", ""6669"", ""6691"", ""6742"", ""6753"", ""6805"", ""6861"", ""6924"", ""6933"", ""7722"", ""7769"", ""7792"", ""8028"", ""8033"", ""8043"", ""8111"", ""8182"", ""8261"", ""8431"", ""8996"", ""9904"", ""9945""]",2026-10-01
凱基大安,46,12,2902.7,659.5,"[""1303"", ""1528"", ""1605"", ""1717"", ""2241"", ""2342"", ""2359"", ""2360"", ""2395"", ""2425"", ""2492"", ""2887"", ""3055"", ""3162"", ""3167"", ""3296"", ""3311"", ""3324"", ""3406"", ""3467"", ""3624"", ""4542"", ""4979"", ""6023"", ""6147"", ""6173"", ""6259"", ""6278"", ""6442"", ""6589"", ""6640"", ""8064"", ""8996""]",2026-10-01
凱基大直,62,26,1633.8,213.3,"[""1717"", ""2059"", ""2070"", ""2344"", ""2353"", ""2387"", ""2464"", ""2489"", ""3026"", ""3081"", ""3219"", ""3264"", ""3324"", ""3450"", ""3533"", ""3624"", ""3653"", ""4931"", ""4991"", ""5314"", ""5351"", ""5515"", ""5706"", ""6148"", ""6173"", ""6182"", ""6207"", ""6221"", ""6510"", ""6515"", ""6640"", ""6683"", ""6715"", ""6739"", ""6782"", ""6805"", ""6834"", ""6869"", ""6907"", ""7610"", ""7751"", ""7795"", ""8358""]",2026-10-01
凱基大里,40,17,3637.6,1783.0,"[""1303"", ""1526"", ""1595"", ""1713"", ""1810"", ""2312"", ""2327"", ""2337"", ""2344"", ""2426"", ""2493"", ""2816"", ""3021"", ""3041"", ""3229"", ""3441"", ""4908"", ""4931"", ""4939"", ""5464"", ""6116"", ""6147"", ""6182"", ""6227"", ""6689"", ""6829"", ""6834"", ""6861"", ""8038"", ""8046""]",2026-10-01
凱基宜蘭,68,42,9499.4,7902.8,"[""1815"", ""2103"", ""2305"", ""2327"", ""2342"", ""2344"", ""2351"", ""2388"", ""2406"", ""2408"", ""2413"", ""2493"", ""2739"", ""2883"", ""3021"", ""3037"", ""3048"", ""3081"", ""3105"", ""3189"", ""3297"", ""3441"", ""3443"", ""3707"", ""4510"", ""4735"", ""4772"", ""5274"", ""5515"", ""5706"", ""6147"", ""6173"", ""6213"", ""6274"", ""6282"", ""6442"", ""6668"", ""6733"", ""6925"", ""7792"", ""7799"", ""7825"", ""8039"", ""8085"", ""8093"", ""8111"", ""8150""]",2026-10-01
凱基屏東,32,15,1962.9,339.2,"[""1513"", ""1569"", ""1785"", ""2332"", ""2375"", ""2413"", ""2425"", ""2465"", ""2491"", ""2546"", ""3049"", ""3219"", ""3498"", ""5515"", ""6446"", ""6739"", ""6829"", ""6907"", ""6933"", ""7711"", ""7788"", ""8227""]",2026-10-01
凱基岡山,22,5,631.1,110.0,"[""1713"", ""2342"", ""2387"", ""2426"", ""2915"", ""3021"", ""3219"", ""3490"", ""3679"", ""4735"", ""5202"", ""5608"", ""6226"", ""6243"", ""6584"", ""6672"", ""6716"", ""6834"", ""6885"", ""6945"", ""8110""]",2026-10-01
凱基市府,104,38,26329.6,9165.7,"[""1303"", ""1709"", ""1727"", ""1785"", ""1815"", ""2010"", ""2025"", ""2301"", ""2303"", ""2327"", ""2344"", ""2368"", ""2409"", ""2426"", ""2449"", ""2454"", ""2481"", ""2492"", ""2496"", ""2633"", ""2890"", ""3016"", ""3017"", ""3026"", ""3037"", ""3167"", ""3293"", ""3324"", ""3450"", ""3467"", ""3481"", ""3498"", ""3605"", ""3624"", ""3665"", ""3675"", ""3693"", ""4542"", ""4736"", ""4770"", ""4958"", ""5608"", ""5706"", ""6243"", ""6271"", ""6274"", ""6279"", ""6291"", ""6488"", ""6533"", ""6589"", ""6620"", ""6672"", ""6770"", ""6805"", ""6830"", ""6907"", ""6949"", ""7751"", ""7788"", ""7795"", ""8021"", ""8038"", ""8039"", ""8046"", ""8064"", ""8150"", ""8227"", ""8996"", ""9945""]",2026-10-01
凱基市政,238,123,35795.9,25888.8,"[""1301"", ""1303"", ""1312"", ""1326"", ""1423"", ""1519"", ""1560"", ""1709"", ""1785"", ""1802"", ""1810"", ""1815"", ""2027"", ""2031"", ""2059"", ""2254"", ""2303"", ""2305"", ""2313"", ""2327"", ""2332"", ""2337"", ""2338"", ""2344"", ""2359"", ""2408"", ""2409"", ""2413"", ""2436"", ""2455"", ""2464"", ""2465"", ""2468"", ""2481"", ""2484"", ""2489"", ""2492"", ""2493"", ""2615"", ""2723"", ""2739"", ""2816"", ""2851"", ""2923"", ""3006"", ""3008"", ""3018"", ""3021"", ""3026"", ""3041"", ""3081"", ""3090"", ""3152"", ""3231"", ""3296"", ""3363"", ""3374"", ""3376"", ""3441"", ""3443"", ""3450"", ""3481"", ""3504"", ""3529"", ""3532"", ""3624"", ""3691"", ""3708"", ""4416"", ""4510"", ""4542"", ""4927"", ""4939"", ""4949"", ""4979"", ""5202"", ""5285"", ""5289"", ""5312"", ""5314"", ""5351"", ""5371"", ""5425"", ""5434"", ""5475"", ""5483"", ""5515"", ""5519"", ""6005"", ""6023"", ""6147"", ""6148"", ""6152"", ""6173"", ""6182"", ""6213"", ""6221"", ""6225"", ""6245"", ""6290"", ""6426"", ""6446"", ""6461"", ""6488"", ""6505"", ""6515"", ""6538"", ""6589"", ""6620"", ""6643"", ""6668"", ""6669"", ""6691"", ""6706"", ""6770"", ""6829"", ""6861"", ""6869"", ""6885"", ""6902"", ""6907"", ""7717"", ""7722"", ""7772"", ""7788"", ""7792"", ""7828"", ""8033"", ""8039"", ""8046"", ""8064"", ""8103"", ""8227"", ""8358"", ""9914"", ""9921""]",2026-10-01
凱基彰化,92,34,6919.3,1930.4,"[""1307"", ""1528"", ""1709"", ""1718"", ""1810"", ""2031"", ""2221"", ""2330"", ""2332"", ""2376"", ""2387"", ""2406"", ""2409"", ""2633"", ""2801"", ""2851"", ""2880"", ""2883"", ""3081"", ""3311"", ""3413"", ""3441"", ""3504"", ""3669"", ""3675"", ""4542"", ""4735"", ""4939"", ""4958"", ""4973"", ""5225"", ""5309"", ""5425"", ""5475"", ""5484"", ""5515"", ""6204"", ""6213"", ""6226"", ""6227"", ""6243"", ""6245"", ""6274"", ""6510"", ""6584"", ""6643"", ""6691"", ""6907"", ""7751"", ""7765"", ""7788"", ""7795"", ""7842"", ""8021"", ""8028"", ""8069"", ""8111"", ""8150""]",2026-10-01
凱基敦北,64,29,4384.4,1707.2,"[""1519"", ""1526"", ""1528"", ""1727"", ""2327"", ""2344"", ""2360"", ""2408"", ""2413"", ""2438"", ""2472"", ""2489"", ""2493"", ""3026"", ""3041"", ""3374"", ""3443"", ""3605"", ""3624"", ""3664"", ""3665"", ""3693"", ""4551"", ""4807"", ""4931"", ""4973"", ""4976"", ""5251"", ""5484"", ""6148"", ""6213"", ""6218"", ""6226"", ""6461"", ""6588"", ""6683"", ""6715"", ""6739"", ""6805"", ""6861"", ""7711"", ""8028"", ""8042"", ""8070"", ""8096"", ""8111"", ""8358"", ""8996"", ""9914""]",2026-10-01
凱基文心,53,17,13908.9,1963.7,"[""1303"", ""1314"", ""1802"", ""2059"", ""2301"", ""2313"", ""2344"", ""2360"", ""2363"", ""2368"", ""2449"", ""2454"", ""3017"", ""3021"", ""3229"", ""3324"", ""3356"", ""3543"", ""3564"", ""3653"", ""4772"", ""5328"", ""5425"", ""5483"", ""5498"", ""5515"", ""6147"", ""6152"", ""6217"", ""6218"", ""6223"", ""6706"", ""6834"", ""6933"", ""8085"", ""8996""]",2026-10-01
凱基斗六,28,9,3850.2,67.8,"[""2070"", ""2344"", ""2351"", ""2408"", ""2464"", ""2465"", ""2546"", ""3520"", ""3679"", ""4735"", ""4736"", ""6147"", ""6179"", ""6182"", ""6224"", ""7714"", ""8039""]",2026-10-01
凱基新店,33,15,994.0,216.8,"[""2103"", ""2369"", ""2425"", ""2492"", ""3090"", ""3141"", ""3211"", ""3219"", ""3374"", ""3498"", ""3543"", ""3680"", ""3715"", ""4174"", ""4542"", ""4979"", ""5450"", ""5519"", ""5522"", ""6026"", ""6141"", ""6259"", ""6617"", ""6715"", ""6861"", ""6925"", ""8076"", ""8111"", ""8431""]",2026-10-01
凱基新莊,78,37,4131.5,955.9,"[""1301"", ""1326"", ""1519"", ""1526"", ""1608"", ""1713"", ""1809"", ""2059"", ""2305"", ""2324"", ""2351"", ""2363"", ""2395"", ""2426"", ""2483"", ""2484"", ""2542"", ""2546"", ""2547"", ""3006"", ""3356"", ""3362"", ""3374"", ""3529"", ""3624"", ""3707"", ""3717"", ""4416"", ""4956"", ""4976"", ""5202"", ""5328"", ""5484"", ""5519"", ""5608"", ""6023"", ""6166"", ""6179"", ""6182"", ""6199"", ""6213"", ""6218"", ""6446"", ""6461"", ""6533"", ""6538"", ""6672"", ""6689"", ""6693"", ""7714"", ""7751"", ""7788"", ""8021"", ""8103"", ""8150"", ""8261"", ""9921""]",2026-10-01
凱基新豐,47,21,1678.3,363.2,"[""1307"", ""1446"", ""1528"", ""1560"", ""1713"", ""1809"", ""2204"", ""2221"", ""2377"", ""2387"", ""2883"", ""2923"", ""3021"", ""3046"", ""3081"", ""3311"", ""3388"", ""3441"", ""3532"", ""4416"", ""4956"", ""4971"", ""4973"", ""4976"", ""5291"", ""5328"", ""5443"", ""6116"", ""6173"", ""6175"", ""6182"", ""6199"", ""6204"", ""6218"", ""6243"", ""6538"", ""6683"", ""8076"", ""8431""]",2026-10-01
凱基東勢,27,10,539.4,161.3,"[""1528"", ""2020"", ""2221"", ""2387"", ""2404"", ""2601"", ""3016"", ""3021"", ""3152"", ""3293"", ""3362"", ""3708"", ""4976"", ""4989"", ""5202"", ""5225"", ""5515"", ""6182"", ""6279"", ""6456"", ""6584"", ""6689"", ""7799"", ""8043""]",2026-10-01
凱基東港,53,22,13661.3,6117.0,"[""2010"", ""2020"", ""2312"", ""2332"", ""2342"", ""2353"", ""2387"", ""2409"", ""2413"", ""2434"", ""3260"", ""3297"", ""3481"", ""3504"", ""3665"", ""5274"", ""5519"", ""5608"", ""5706"", ""6207"", ""6227"", ""6538"", ""6577"", ""6691"", ""6753"", ""6770"", ""6805"", ""7842"", ""8038"", ""8431"", ""8937""]",2026-10-01
凱基松山,91,31,61639.1,2314.6,"[""1526"", ""1528"", ""2010"", ""2030"", ""2103"", ""2308"", ""2317"", ""2324"", ""2338"", ""2340"", ""2344"", ""2351"", ""2387"", ""2399"", ""2406"", ""2408"", ""2426"", ""2454"", ""2464"", ""2472"", ""2481"", ""2492"", ""2630"", ""2633"", ""2801"", ""3018"", ""3021"", ""3105"", ""3264"", ""3311"", ""3362"", ""3467"", ""3481"", ""3653"", ""3693"", ""4133"", ""4169"", ""4174"", ""4542"", ""4551"", ""4924"", ""4958"", ""4973"", ""5274"", ""5285"", ""5314"", ""5328"", ""5347"", ""5386"", ""5434"", ""5450"", ""5483"", ""6147"", ""6148"", ""6173"", ""6221"", ""6245"", ""6291"", ""6584"", ""6588"", ""6643"", ""6933"", ""7610"", ""7751"", ""7792"", ""7825"", ""8085"", ""8261"", ""8431"", ""8937""]",2026-10-01
凱基板橋,135,57,6475.0,2392.4,"[""1504"", ""1528"", ""1608"", ""1810"", ""2010"", ""2059"", ""2069"", ""2305"", ""2352"", ""2387"", ""2388"", ""2426"", ""2478"", ""2483"", ""2484"", ""2903"", ""3008"", ""3026"", ""3041"", ""3042"", ""3055"", ""3081"", ""3105"", ""3162"", ""3167"", ""3189"", ""3211"", ""3219"", ""3234"", ""3260"", ""3264"", ""3356"", ""3362"", ""3363"", ""3406"", ""3434"", ""3529"", ""3532"", ""3533"", ""3543"", ""3577"", ""3624"", ""3675"", ""3679"", ""3711"", ""4169"", ""4551"", ""4566"", ""4736"", ""4908"", ""4931"", ""4956"", ""4976"", ""5291"", ""5351"", ""5371"", ""5386"", ""5425"", ""5450"", ""5483"", ""5608"", ""5706"", ""6147"", ""6152"", ""6166"", ""6173"", ""6207"", ""6224"", ""6226"", ""6227"", ""6243"", ""6271"", ""6290"", ""6426"", ""6456"", ""6488"", ""6530"", ""6533"", ""6640"", ""6691"", ""6715"", ""6739"", ""6782"", ""6805"", ""6834"", ""6907"", ""6933"", ""7711"", ""7751"", ""7788"", ""7795"", ""7825"", ""8027"", ""8028"", ""8358"", ""8996"", ""9904""]",2026-10-01
凱基林口,56,19,7891.3,264.7,"[""1108"", ""1504"", ""1605"", ""2204"", ""2382"", ""2409"", ""2467"", ""2481"", ""2496"", ""2546"", ""2816"", ""3016"", ""3055"", ""3234"", ""3296"", ""3324"", ""3441"", ""3481"", ""3715"", ""4542"", ""4768"", ""4956"", ""4973"", ""5225"", ""5443"", ""5519"", ""6152"", ""6279"", ""6291"", ""6443"", ""6588"", ""6672"", ""6691"", ""6706"", ""6770"", ""6811"", ""6829"", ""7730"", ""7772"", ""7825"", ""8042"", ""8043"", ""8085""]",2026-10-01
凱基桃園,146,67,22343.0,3160.2,"[""1218"", ""1303"", ""1326"", ""1569"", ""1810"", ""1815"", ""2010"", ""2020"", ""2049"", ""2059"", ""2070"", ""2204"", ""2221"", ""2305"", ""2313"", ""2327"", ""2338"", ""2340"", ""2342"", ""2344"", ""2357"", ""2368"", ""2375"", ""2387"", ""2409"", ""2425"", ""2434"", ""2464"", ""2468"", ""2478"", ""2492"", ""2645"", ""2816"", ""2855"", ""3018"", ""3037"", ""3066"", ""3105"", ""3311"", ""3324"", ""3356"", ""3406"", ""3450"", ""3467"", ""3481"", ""3498"", ""3532"", ""3665"", ""3675"", ""3693"", ""3707"", ""3708"", ""3715"", ""4171"", ""4510"", ""4556"", ""4770"", ""4971"", ""4973"", ""5314"", ""5328"", ""5443"", ""5519"", ""5706"", ""6005"", ""6112"", ""6147"", ""6148"", ""6179"", ""6213"", ""6217"", ""6225"", ""6226"", ""6279"", ""6426"", ""6525"", ""6584"", ""6668"", ""6690"", ""6693"", ""6706"", ""6715"", ""6716"", ""6733"", ""6811"", ""6907"", ""6919"", ""6925"", ""6949"", ""6969"", ""7788"", ""8050"", ""8111"", ""8150"", ""8383"", ""8431"", ""8454"", ""9904"", ""9914"", ""9945""]",2026-10-01
凱基民權,30,10,2906.0,2525.9,"[""1721"", ""2375"", ""2426"", ""2496"", ""3041"", ""3081"", ""3219"", ""3437"", ""3702"", ""4764"", ""5225"", ""6147"", ""6173"", ""6179"", ""6182"", ""6224"", ""6226"", ""6451"", ""6515"", ""6933"", ""6969"", ""7722"", ""7788"", ""8028"", ""8050"", ""8085"", ""8093"", ""8150""]",2026-10-01
凱基永和,68,30,10969.5,4937.1,"[""1528"", ""1608"", ""1810"", ""2103"", ""2303"", ""2308"", ""2313"", ""2327"", ""2330"", ""2408"", ""2426"", ""2454"", ""2472"", ""2481"", ""2483"", ""2493"", ""3008"", ""3017"", ""3021"", ""3081"", ""3189"", ""3324"", ""3356"", ""3374"", ""3406"", ""3450"", ""3481"", ""3529"", ""3624"", ""3653"", ""3661"", ""3665"", ""4551"", ""4908"", ""5386"", ""6226"", ""6274"", ""6278"", ""6488"", ""6715"", ""6727"", ""6733"", ""6811"", ""6933"", ""8021"", ""8039"", ""8064"", ""8076"", ""8150"", ""8261"", ""8358""]",2026-10-01
凱基永康,48,21,2101.0,500.4,"[""1528"", ""1569"", ""1608"", ""1612"", ""1709"", ""2434"", ""2483"", ""2489"", ""2496"", ""2546"", ""2923"", ""3021"", ""3066"", ""3094"", ""3147"", ""3227"", ""3354"", ""3362"", ""3413"", ""3481"", ""3504"", ""4169"", ""4556"", ""4923"", ""4956"", ""4967"", ""5202"", ""5309"", ""5706"", ""6226"", ""6259"", ""6426"", ""6834"", ""6933"", ""7799"", ""7828"", ""9945""]",2026-10-01
凱基永華,40,12,6197.0,81.7,"[""1504"", ""1605"", ""2027"", ""2305"", ""2387"", ""2395"", ""2421"", ""3008"", ""3019"", ""3026"", ""3049"", ""3406"", ""3434"", ""3564"", ""3693"", ""3708"", ""4924"", ""4976"", ""6231"", ""6526"", ""6533"", ""6669"", ""6716"", ""7749"", ""8064"", ""8084""]",2026-10-01
凱基汐止,22,7,298.0,91.0,"[""2340"", ""2357"", ""2492"", ""3046"", ""3227"", ""3669"", ""3709"", ""4566"", ""4736"", ""4768"", ""5434"", ""6227"", ""6245"", ""6279"", ""6291"", ""8076"", ""8111""]",2026-10-01
凱基湖口,47,19,1000.2,206.5,"[""1526"", ""2204"", ""2254"", ""2413"", ""2449"", ""2465"", ""3006"", ""3152"", ""3441"", ""3467"", ""3504"", ""3577"", ""3624"", ""3675"", ""4541"", ""4542"", ""5443"", ""5464"", ""5484"", ""6227"", ""6231"", ""6244"", ""6291"", ""6456"", ""6689"", ""6691"", ""6925"", ""7717"", ""7825"", ""8227"", ""8261"", ""8454"", ""8937"", ""9914""]",2026-10-01
凱基科園,81,31,3012.7,500.4,"[""1218"", ""1301"", ""1717"", ""1815"", ""2020"", ""2221"", ""2241"", ""2344"", ""2359"", ""2408"", ""2409"", ""2421"", ""2451"", ""2601"", ""2634"", ""3041"", ""3044"", ""3090"", ""3219"", ""3227"", ""3231"", ""3406"", ""3529"", ""3564"", ""3577"", ""3669"", ""4542"", ""4556"", ""4772"", ""4971"", ""4991"", ""5289"", ""5312"", ""5443"", ""5464"", ""6218"", ""6505"", ""6510"", ""6577"", ""6620"", ""6640"", ""6712"", ""6716"", ""6753"", ""6907"", ""6933"", ""7717"", ""7749"", ""7799"", ""8028"", ""8033"", ""8046"", ""8070"", ""8937""]",2026-10-01
凱基站前,756,449,290997.2,148611.4,"[""1301"", ""1303"", ""1312"", ""1526"", ""1528"", ""1569"", ""1605"", ""1608"", ""1612"", ""1709"", ""1718"", ""1727"", ""1809"", ""1815"", ""2025"", ""2030"", ""2031"", ""2033"", ""2049"", ""2059"", ""2061"", ""2069"", ""2070"", ""2103"", ""2221"", ""2254"", ""2301"", ""2303"", ""2305"", ""2308"", ""2313"", ""2324"", ""2327"", ""2332"", ""2337"", ""2338"", ""2340"", ""2344"", ""2351"", ""2352"", ""2353"", ""2357"", ""2359"", ""2360"", ""2368"", ""2369"", ""2379"", ""2388"", ""2395"", ""2408"", ""2409"", ""2413"", ""2426"", ""2434"", ""2436"", ""2438"", ""2444"", ""2449"", ""2454"", ""2455"", ""2464"", ""2465"", ""2468"", ""2472"", ""2478"", ""2481"", ""2483"", ""2484"", ""2491"", ""2492"", ""2493"", ""2546"", ""2615"", ""2618"", ""2630"", ""2634"", ""2645"", ""2855"", ""2890"", ""2923"", ""3006"", ""3008"", ""3016"", ""3017"", ""3018"", ""3021"", ""3026"", ""3037"", ""3041"", ""3042"", ""3048"", ""3055"", ""3081"", ""3090"", ""3094"", ""3105"", ""3141"", ""3147"", ""3162"", ""3163"", ""3167"", ""3189"", ""3211"", ""3219"", ""3227"", ""3231"", ""3264"", ""3297"", ""3324"", ""3339"", ""3354"", ""3363"", ""3374"", ""3376"", ""3388"", ""3406"", ""3441"", ""3443"", ""3450"", ""3481"", ""3498"", ""3504"", ""3508"", ""3529"", ""3532"", ""3533"", ""3543"", ""3564"", ""3605"", ""3624"", ""3652"", ""3653"", ""3661"", ""3665"", ""3669"", ""3675"", ""3680"", ""3685"", ""3693"", ""3707"", ""3708"", ""3711"", ""3717"", ""4169"", ""4171"", ""4542"", ""4551"", ""4556"", ""4566"", ""4736"", ""4764"", ""4768"", ""4770"", ""4772"", ""4908"", ""4931"", ""4939"", ""4956"", ""4958"", ""4967"", ""4971"", ""4976"", ""4979"", ""4989"", ""4991"", ""5274"", ""5289"", ""5291"", ""5292"", ""5314"", ""5328"", ""5347"", ""5351"", ""5371"", ""5386"", ""5425"", ""5443"", ""5464"", ""5475"", ""5483"", ""5515"", ""5519"", ""5904"", ""6026"", ""6112"", ""6116"", ""6121"", ""6141"", ""6147"", ""6148"", ""6166"", ""6173"", ""6179"", ""6182"", ""6187"", ""6199"", ""6207"", ""6213"", ""6218"", ""6221"", ""6223"", ""6224"", ""6226"", ""6227"", ""6244"", ""6259"", ""6272"", ""6274"", ""6278"", ""6290"", ""6426"", ""6442"", ""6443"", ""6446"", ""6451"", ""6461"", ""6488"", ""6505"", ""6510"", ""6515"", ""6525"", ""6526"", ""6533"", ""6538"", ""6579"", ""6584"", ""6588"", ""6617"", ""6668"", ""6669"", ""6672"", ""6683"", ""6690"", ""6691"", ""6693"", ""6706"", ""6712"", ""6715"", ""6716"", ""6727"", ""6739"", ""6770"", ""6782"", ""6805"", ""6829"", ""6830"", ""6831"", ""6834"", ""6861"", ""6869"", ""6872"", ""6906"", ""6907"", ""6924"", ""6933"", ""6969"", ""7610"", ""7711"", ""7714"", ""7717"", ""7751"", ""7765"", ""7769"", ""7788"", ""7792"", ""7795"", ""7799"", ""7825"", ""7828"", ""8021"", ""8028"", ""8033"", ""8039"", ""8042"", ""8043"", ""8046"", ""8050"", ""8064"", ""8069"", ""8085"", ""8096"", ""8103"", ""8110"", ""8111"", ""8150"", ""8227"", ""8261"", ""8358"", ""8431"", ""8454"", ""8937"", ""8996""]",2026-10-01
凱基竹北,90,32,3382.3,380.5,"[""1513"", ""1608"", ""1713"", ""1810"", ""1815"", ""2020"", ""2332"", ""2338"", ""2359"", ""2360"", ""2363"", ""2408"", ""2409"", ""2434"", ""2472"", ""2496"", ""2634"", ""3019"", ""3055"", ""3114"", ""3141"", ""3189"", ""3219"", ""3260"", ""3356"", ""3450"", ""3664"", ""3665"", ""3707"", ""3716"", ""4566"", ""4735"", ""4768"", ""4772"", ""4971"", ""4976"", ""5202"", ""5285"", ""5386"", ""5443"", ""5706"", ""6112"", ""6139"", ""6152"", ""6166"", ""6168"", ""6207"", ""6221"", ""6223"", ""6226"", ""6278"", ""6282"", ""6617"", ""6620"", ""6643"", ""6715"", ""6739"", ""6861"", ""6907"", ""7714"", ""7717"", ""7788"", ""7799"", ""7825"", ""8028"", ""8046"", ""8050"", ""8054"", ""8110"", ""8227""]",2026-10-01
凱基竹東,21,3,1173.1,71.0,"[""2070"", ""2425"", ""2883"", ""3167"", ""3680"", ""3708"", ""4707"", ""4735"", ""5498"", ""6116"", ""6121"", ""6589"", ""6739"", ""6945"", ""8454"", ""8937"", ""9945""]",2026-10-01
凱基竹科,112,34,5509.6,1539.5,"[""1307"", ""1314"", ""1514"", ""1526"", ""1612"", ""1712"", ""1809"", ""2103"", ""2301"", ""2327"", ""2351"", ""2360"", ""2363"", ""2382"", ""2409"", ""2413"", ""2434"", ""2454"", ""2464"", ""2468"", ""2481"", ""2484"", ""2492"", ""2493"", ""2496"", ""2603"", ""2855"", ""3008"", ""3017"", ""3037"", ""3041"", ""3081"", ""3147"", ""3229"", ""3234"", ""3297"", ""3362"", ""3374"", ""3441"", ""3443"", ""3481"", ""3543"", ""3605"", ""3653"", ""3680"", ""3707"", ""3715"", ""4768"", ""4931"", ""4939"", ""4956"", ""4989"", ""5289"", ""5291"", ""5299"", ""5328"", ""5371"", ""5464"", ""5475"", ""5522"", ""5608"", ""5706"", ""6152"", ""6175"", ""6182"", ""6213"", ""6223"", ""6525"", ""6526"", ""6589"", ""6617"", ""6620"", ""6693"", ""6727"", ""6834"", ""6861"", ""6869"", ""7749"", ""7768"", ""8028"", ""8040"", ""8050"", ""8070"", ""8431"", ""8454""]",2026-10-01
凱基羅東,37,15,2805.2,1195.4,"[""1815"", ""2387"", ""2425"", ""2467"", ""2484"", ""2489"", ""2496"", ""2891"", ""3019"", ""3189"", ""3693"", ""4807"", ""6026"", ""6148"", ""6225"", ""6272"", ""6451"", ""6577"", ""6588"", ""7717"", ""8042"", ""8454""]",2026-10-01
凱基興隆,98,45,8939.3,2183.5,"[""1795"", ""1810"", ""2103"", ""2327"", ""2351"", ""2399"", ""2426"", ""2472"", ""2481"", ""2492"", ""3006"", ""3017"", ""3026"", ""3036"", ""3037"", ""3055"", ""3189"", ""3234"", ""3297"", ""3324"", ""3374"", ""3443"", ""3498"", ""3577"", ""3624"", ""3653"", ""3693"", ""4416"", ""4770"", ""4979"", ""5314"", ""5706"", ""6147"", ""6152"", ""6173"", ""6182"", ""6213"", ""6226"", ""6274"", ""6442"", ""6488"", ""6505"", ""6510"", ""6526"", ""6538"", ""6683"", ""6831"", ""6933"", ""7792"", ""7828"", ""8021"", ""8039"", ""8043"", ""8046"", ""8996""]",2026-10-01
凱基苗栗,39,7,575.2,74.0,"[""1526"", ""1608"", ""1785"", ""2070"", ""2413"", ""2449"", ""2478"", ""2484"", ""2492"", ""2723"", ""3209"", ""3219"", ""3227"", ""3564"", ""3715"", ""4577"", ""4977"", ""5450"", ""5706"", ""6166"", ""6584"", ""6668"", ""6690"", ""6691"", ""6811"", ""6924""]",2026-10-01
凱基虎尾,57,30,3662.1,2574.0,"[""1303"", ""1312"", ""1709"", ""1809"", ""2031"", ""2059"", ""2344"", ""2426"", ""2483"", ""2855"", ""2915"", ""3006"", ""3016"", ""3046"", ""3114"", ""3152"", ""3388"", ""3441"", ""4939"", ""5285"", ""5328"", ""5425"", ""5443"", ""5475"", ""6005"", ""6152"", ""6221"", ""6226"", ""6227"", ""6279"", ""6426"", ""6515"", ""6590"", ""6672"", ""6739"", ""6834"", ""6869"", ""7717"", ""7825"", ""7828"", ""8038"", ""8111"", ""8112"", ""8227"", ""8261"", ""9945""]",2026-10-01
凱基豐中,97,55,7833.7,4488.2,"[""1108"", ""1301"", ""1409"", ""1605"", ""1718"", ""1727"", ""2070"", ""2204"", ""2305"", ""2313"", ""2337"", ""2338"", ""2340"", ""2353"", ""2359"", ""2421"", ""2425"", ""2436"", ""2472"", ""2481"", ""2484"", ""2489"", ""2633"", ""2801"", ""2883"", ""2884"", ""2915"", ""3021"", ""3042"", ""3055"", ""3324"", ""3363"", ""3388"", ""3437"", ""3467"", ""3508"", ""3529"", ""3532"", ""3605"", ""3675"", ""4133"", ""4967"", ""4973"", ""4976"", ""5309"", ""5314"", ""5351"", ""5371"", ""5386"", ""5475"", ""5484"", ""5498"", ""6026"", ""6147"", ""6168"", ""6182"", ""6204"", ""6207"", ""6209"", ""6221"", ""6451"", ""6515"", ""6579"", ""6683"", ""6706"", ""6830"", ""6831"", ""6933"", ""6949"", ""7610"", ""7717"", ""7768"", ""7792"", ""7795"", ""8039"", ""8040"", ""8054"", ""8103""]",2026-10-01
凱基長庚,66,14,2509.8,221.8,"[""1307"", ""1326"", ""1612"", ""2010"", ""2027"", ""2204"", ""2375"", ""2408"", ""2409"", ""2468"", ""2483"", ""2496"", ""2739"", ""3021"", ""3356"", ""3520"", ""3685"", ""3709"", ""4416"", ""4566"", ""4908"", ""4956"", ""4977"", ""5225"", ""5475"", ""5706"", ""6023"", ""6121"", ""6148"", ""6259"", ""6279"", ""6510"", ""6530"", ""6715"", ""6869"", ""7714"", ""8046"", ""8054"", ""8069"", ""8358"", ""9904""]",2026-10-01
凱基雙和,40,16,4908.4,412.8,"[""1446"", ""1712"", ""1713"", ""2330"", ""2369"", ""2436"", ""2465"", ""2492"", ""2816"", ""2883"", ""3031"", ""3041"", ""3046"", ""3229"", ""3260"", ""3311"", ""3441"", ""3467"", ""3577"", ""3716"", ""5230"", ""5475"", ""5706"", ""6226"", ""6259"", ""6530"", ""6588"", ""6909"", ""7722"", ""7842"", ""8431""]",2026-10-01
凱基頭份,26,9,1188.8,98.8,"[""2409"", ""2496"", ""2618"", ""3006"", ""3041"", ""3229"", ""3624"", ""3716"", ""4556"", ""4566"", ""4736"", ""4956"", ""5351"", ""6179"", ""6231"", ""6446"", ""6577"", ""6689"", ""6690"", ""6693"", ""6733"", ""6907"", ""7788"", ""8937""]",2026-10-01
凱基高美,80,29,5349.2,658.3,"[""1301"", ""1526"", ""1608"", ""1795"", ""1802"", ""1809"", ""2010"", ""2030"", ""2031"", ""2059"", ""2303"", ""2305"", ""2313"", ""2330"", ""2337"", ""2338"", ""2340"", ""2344"", ""2359"", ""2363"", ""2382"", ""2408"", ""2426"", ""2438"", ""2465"", ""2496"", ""2634"", ""2915"", ""3008"", ""3016"", ""3044"", ""3229"", ""3231"", ""3296"", ""3356"", ""3605"", ""3652"", ""3679"", ""3708"", ""4169"", ""4736"", ""4807"", ""5515"", ""5519"", ""5522"", ""5706"", ""6152"", ""6166"", ""6272"", ""6278"", ""6409"", ""6426"", ""6505"", ""6533"", ""6689"", ""6691"", ""6706"", ""6924"", ""7749"", ""8150"", ""8996"", ""9914"", ""9945""]",2026-10-01
凱基高雄,103,50,4892.6,1796.4,"[""1312"", ""1526"", ""1795"", ""1810"", ""1815"", ""2031"", ""2313"", ""2392"", ""2408"", ""2436"", ""2465"", ""2468"", ""2634"", ""2882"", ""2883"", ""3021"", ""3031"", ""3037"", ""3090"", ""3105"", ""3147"", ""3234"", ""3264"", ""3413"", ""3504"", ""3652"", ""3653"", ""3661"", ""3693"", ""4171"", ""4967"", ""4989"", ""5202"", ""5225"", ""5291"", ""5292"", ""5450"", ""5483"", ""5519"", ""5608"", ""5706"", ""5871"", ""6112"", ""6148"", ""6179"", ""6187"", ""6221"", ""6225"", ""6274"", ""6416"", ""6426"", ""6442"", ""6533"", ""6577"", ""6617"", ""6672"", ""6733"", ""6811"", ""6829"", ""6925"", ""7711"", ""7717"", ""8028"", ""8033"", ""8039"", ""8046"", ""8070"", ""8076"", ""8182"", ""9904"", ""9933""]",2026-10-01
凱基鳳山,79,54,4818.9,3064.6,"[""1314"", ""1709"", ""1727"", ""2025"", ""2070"", ""2332"", ""2344"", ""2368"", ""2369"", ""2413"", ""2454"", ""2483"", ""2496"", ""2816"", ""3008"", ""3023"", ""3026"", ""3152"", ""3264"", ""3374"", ""3434"", ""3441"", ""3450"", ""3529"", ""3532"", ""3605"", ""3624"", ""4542"", ""4707"", ""4939"", ""4956"", ""4979"", ""6005"", ""6026"", ""6147"", ""6168"", ""6182"", ""6217"", ""6221"", ""6226"", ""6426"", ""6442"", ""6505"", ""6515"", ""6538"", ""6617"", ""6672"", ""6727"", ""6770"", ""6933"", ""7722"", ""7788"", ""7792"", ""7828"", ""8021"", ""8042"", ""8046"", ""8103"", ""8150"", ""8227"", ""8358""]",2026-10-01
北城,44,15,1428.8,569.7,"[""1727"", ""1810"", ""2342"", ""2344"", ""2436"", ""2472"", ""2481"", ""2723"", ""3354"", ""3388"", ""3605"", ""3693"", ""3707"", ""4556"", ""4577"", ""4735"", ""4931"", ""4939"", ""4956"", ""5225"", ""5425"", ""5443"", ""5483"", ""5484"", ""5519"", ""6152"", ""6204"", ""6213"", ""6259"", ""6620"", ""7792"", ""7825"", ""8064"", ""8076""]",2026-10-01
口袋,49,21,1519.6,221.2,"[""1528"", ""1709"", ""1721"", ""2027"", ""2030"", ""2069"", ""2241"", ""2332"", ""2376"", ""2434"", ""2467"", ""2468"", ""2483"", ""2491"", ""2637"", ""3021"", ""3046"", ""3209"", ""3229"", ""3669"", ""3679"", ""3717"", ""4566"", ""4764"", ""4956"", ""5225"", ""5515"", ""6226"", ""6243"", ""6589"", ""6689"", ""6933"", ""7730"", ""8103"", ""9945""]",2026-10-01
口袋證券,40,17,1042.1,143.2,"[""2221"", ""3114"", ""3162"", ""3362"", ""3388"", ""3444"", ""3508"", ""3564"", ""3664"", ""3691"", ""3693"", ""4171"", ""4416"", ""4542"", ""4707"", ""4973"", ""5314"", ""5475"", ""6026"", ""6148"", ""6179"", ""6207"", ""6217"", ""6259"", ""6291"", ""6690"", ""6693"", ""7714"", ""7772"", ""8038"", ""8084"", ""8227""]",2026-10-01
台中銀,50,23,3805.8,516.5,"[""1423"", ""1513"", ""1514"", ""1713"", ""1718"", ""2031"", ""2049"", ""2301"", ""2313"", ""2327"", ""2340"", ""2344"", ""2351"", ""2360"", ""2382"", ""2406"", ""2413"", ""2421"", ""2434"", ""2455"", ""2464"", ""2481"", ""2484"", ""2489"", ""2492"", ""2542"", ""3026"", ""3041"", ""3229"", ""3413"", ""3450"", ""3708"", ""3711"", ""5484"", ""5519"", ""6226"", ""6442"", ""6715"", ""6869"", ""8046"", ""9914""]",2026-10-01
台中銀台北,25,5,640.2,52.0,"[""3211"", ""3297"", ""3434"", ""3680"", ""4542"", ""4772"", ""5314"", ""6179"", ""6190"", ""6279"", ""6617"", ""6829"", ""6907""]",2026-10-01
台中銀員林,18,5,563.8,97.9,"[""1569"", ""3624"", ""4939"", ""5475"", ""6148"", ""6643"", ""6693"", ""6733"", ""8027"", ""8182""]",2026-10-01
台中銀證券,44,20,1227.2,506.1,"[""1785"", ""2070"", ""3081"", ""3105"", ""3147"", ""3211"", ""3234"", ""3297"", ""3362"", ""3363"", ""3374"", ""3508"", ""3624"", ""3680"", ""4577"", ""4971"", ""5312"", ""5314"", ""5347"", ""5371"", ""5464"", ""6026"", ""6179"", ""6584"", ""6588"", ""6712"", ""6733"", ""6829"", ""6907"", ""7792"", ""7828"", ""7842"", ""8064""]",2026-10-01
台中銀豐原,30,10,1661.9,544.1,"[""1569"", ""1785"", ""1815"", ""2070"", ""3234"", ""3260"", ""3388"", ""3467"", ""3577"", ""3685"", ""4577"", ""4924"", ""4931"", ""4979"", ""5443"", ""5464"", ""5475"", ""6727"", ""8064"", ""8358"", ""8937""]",2026-10-01
台中銀高雄,5,1,544.0,4.0,"[""3441"", ""3693"", ""5351"", ""5904"", ""8027""]",2026-10-01
台企北高雄,4,1,214.1,0.0,"[""3211"", ""5314"", ""5351"", ""8076""]",2026-10-01
台企建成,10,2,798.2,15.2,"[""1326"", ""1713"", ""4967"", ""6589"", ""6770"", ""6933""]",2026-10-01
台企銀,16,7,762.7,30.0,"[""3293"", ""3297"", ""3324"", ""4542"", ""4973"", ""5291"", ""5347"", ""5464"", ""5498"", ""6148"", ""6617"", ""6643"", ""7714"", ""8069""]",2026-10-01
台企銀九如,7,4,139.0,78.0,"[""3219"", ""3707"", ""4973"", ""6733"", ""8111"", ""8937""]",2026-10-01
台企銀台中,8,3,137.0,7.1,"[""3162"", ""3707"", ""5291"", ""5314"", ""6187"", ""6279"", ""6577"", ""6739""]",2026-10-01
台企銀台南,5,2,73.0,31.0,"[""2070"", ""3374"", ""4908"", ""6179"", ""8038""]",2026-10-01
台企銀嘉義,1,0,1.0,0.0,"[""5202""]",2026-10-01
台企銀太平,17,6,217.0,78.0,"[""2221"", ""3163"", ""3297"", ""3441"", ""4735"", ""4924"", ""5202"", ""5371"", ""6187"", ""6227"", ""6617"", ""6690"", ""6733"", ""8076""]",2026-10-01
台企銀屏東,2,0,31.0,0.0,"[""8027"", ""8076""]",2026-10-01
台企銀岡山,9,2,406.8,183.0,"[""2221"", ""3293"", ""4735"", ""6265"", ""6279"", ""6829""]",2026-10-01
台企銀建成,1,1,21.0,6.0,"[""5289""]",2026-10-01
台企銀桃園,21,6,390.8,31.8,"[""3234"", ""3260"", ""3324"", ""3434"", ""3693"", ""4924"", ""5450"", ""5464"", ""6588"", ""6693"", ""6907"", ""8043"", ""8050""]",2026-10-01
台企銀民雄,5,3,38.6,4.5,"[""5425"", ""6510"", ""6683"", ""6712"", ""6811""]",2026-10-01
台企銀竹北,9,5,238.4,10.2,"[""3363"", ""4768"", ""4973"", ""6182"", ""6223"", ""6620"", ""6907"", ""8069""]",2026-10-01
台企銀豐原,9,1,1172.0,13.0,"[""4903"", ""5309"", ""5351"", ""6461"", ""7792"", ""7828"", ""8027""]",2026-10-01
台新,542,304,50763.0,23201.2,"[""1569"", ""1591"", ""1595"", ""1785"", ""1815"", ""2221"", ""3066"", ""3081"", ""3105"", ""3141"", ""3147"", ""3152"", ""3162"", ""3163"", ""3211"", ""3219"", ""3227"", ""3234"", ""3236"", ""3260"", ""3264"", ""3293"", ""3297"", ""3324"", ""3354"", ""3357"", ""3362"", ""3363"", ""3374"", ""3388"", ""3441"", ""3444"", ""3455"", ""3467"", ""3498"", ""3508"", ""3529"", ""3624"", ""3675"", ""3680"", ""3691"", ""3693"", ""3707"", ""3709"", ""4171"", ""4416"", ""4542"", ""4556"", ""4577"", ""4735"", ""4768"", ""4772"", ""4903"", ""4908"", ""4923"", ""4931"", ""4939"", ""4971"", ""4979"", ""4991"", ""5274"", ""5289"", ""5291"", ""5309"", ""5312"", ""5328"", ""5347"", ""5351"", ""5371"", ""5386"", ""5425"", ""5443"", ""5475"", ""5483"", ""5498"", ""5904"", ""6023"", ""6026"", ""6147"", ""6148"", ""6173"", ""6175"", ""6179"", ""6182"", ""6187"", ""6207"", ""6217"", ""6218"", ""6223"", ""6227"", ""6244"", ""6274"", ""6279"", ""6290"", ""6291"", ""6488"", ""6510"", ""6538"", ""6547"", ""6584"", ""6588"", ""6617"", ""6620"", ""6640"", ""6643"", ""6683"", ""6690"", ""6693"", ""6712"", ""6716"", ""6727"", ""6739"", ""6811"", ""6907"", ""6925"", ""7714"", ""7717"", ""7751"", ""7772"", ""7792"", ""7825"", ""7828"", ""7842"", ""8038"", ""8042"", ""8043"", ""8050"", ""8064"", ""8076"", ""8085"", ""8093"", ""8111"", ""8182"", ""8358"", ""8383"", ""8431"", ""8937""]",2026-10-01
台新三民,93,28,3367.5,456.7,"[""1301"", ""1303"", ""1519"", ""1608"", ""1721"", ""1810"", ""2010"", ""2031"", ""2305"", ""2317"", ""2352"", ""2363"", ""2377"", ""2421"", ""2425"", ""2426"", ""2449"", ""2610"", ""2633"", ""2739"", ""2887"", ""2923"", ""3037"", ""3041"", ""3081"", ""3152"", ""3219"", ""3227"", ""3231"", ""3234"", ""3264"", ""3297"", ""3450"", ""3498"", ""3508"", ""3540"", ""3707"", ""4577"", ""4939"", ""5225"", ""5251"", ""5299"", ""5475"", ""5519"", ""6166"", ""6173"", ""6179"", ""6279"", ""6291"", ""6442"", ""6515"", ""6526"", ""6584"", ""6640"", ""6863"", ""6906"", ""6945"", ""7722"", ""7751"", ""7792"", ""7825"", ""7828"", ""8042"", ""8046"", ""8050"", ""8070""]",2026-10-01
台新三重,43,19,1717.1,296.3,"[""1218"", ""1303"", ""1727"", ""2031"", ""2305"", ""2360"", ""2413"", ""2481"", ""2634"", ""3090"", ""3260"", ""3354"", ""3356"", ""3504"", ""3605"", ""3707"", ""4923"", ""4956"", ""5314"", ""5483"", ""6112"", ""6168"", ""6224"", ""6226"", ""6243"", ""6271"", ""6290"", ""6409"", ""6584"", ""6589"", ""6640"", ""7768"", ""8043"", ""8358""]",2026-10-01
台新世貿,109,47,10333.8,1707.2,"[""1303"", ""2302"", ""2313"", ""2332"", ""2359"", ""2369"", ""2375"", ""2388"", ""2406"", ""2409"", ""2426"", ""2478"", ""2484"", ""2489"", ""3019"", ""3036"", ""3081"", ""3162"", ""3234"", ""3236"", ""3374"", ""3406"", ""3413"", ""3450"", ""3481"", ""3504"", ""3711"", ""4542"", ""4556"", ""4566"", ""4577"", ""4908"", ""4923"", ""4927"", ""4939"", ""4958"", ""4973"", ""4989"", ""5291"", ""5312"", ""5328"", ""5464"", ""5475"", ""6166"", ""6173"", ""6182"", ""6187"", ""6221"", ""6226"", ""6227"", ""6274"", ""6279"", ""6510"", ""6588"", ""6643"", ""6672"", ""6683"", ""6706"", ""6805"", ""6861"", ""6869"", ""6919"", ""7711"", ""7714"", ""7768"", ""7792"", ""7842"", ""8028"", ""8046"", ""8150""]",2026-10-01
台新中原,57,22,1913.6,119.6,"[""1303"", ""1307"", ""1709"", ""2031"", ""2049"", ""2241"", ""2312"", ""2369"", ""2387"", ""2436"", ""2464"", ""2465"", ""2633"", ""3016"", ""3018"", ""3021"", ""3135"", ""3141"", ""3162"", ""3234"", ""3532"", ""3624"", ""3685"", ""3715"", ""4736"", ""4764"", ""4967"", ""4976"", ""5443"", ""5483"", ""5519"", ""6005"", ""6112"", ""6225"", ""6226"", ""6243"", ""6443"", ""6446"", ""6510"", ""6533"", ""6753"", ""6811"", ""6861"", ""7772"", ""7842"", ""8033"", ""8042"", ""8110"", ""9904""]",2026-10-01
台新中壢,41,16,1727.8,306.4,"[""1809"", ""2305"", ""2352"", ""2363"", ""2387"", ""2413"", ""2449"", ""2493"", ""2606"", ""2633"", ""2855"", ""3042"", ""3147"", ""3374"", ""3455"", ""3481"", ""3652"", ""3693"", ""3707"", ""4551"", ""4931"", ""5202"", ""5312"", ""5464"", ""5475"", ""5515"", ""6166"", ""6272"", ""6279"", ""6456"", ""6733"", ""6907"", ""6969"", ""7711"", ""8227""]",2026-10-01
台新中港,28,12,671.2,101.6,"[""1218"", ""1526"", ""1560"", ""2317"", ""2464"", ""2816"", ""3090"", ""3260"", ""3406"", ""3693"", ""4540"", ""4577"", ""4931"", ""5475"", ""5608"", ""6190"", ""6243"", ""6446"", ""6505"", ""6538"", ""6924"", ""7772"", ""8076""]",2026-10-01
台新九如,32,10,604.6,90.1,"[""1218"", ""1312"", ""1713"", ""1810"", ""2020"", ""2241"", ""2330"", ""2387"", ""2392"", ""2413"", ""2478"", ""3041"", ""3229"", ""3296"", ""4931"", ""5450"", ""6226"", ""6243"", ""6533"", ""6589"", ""6885"", ""8021"", ""8070""]",2026-10-01
台新五權,110,36,15559.3,3513.5,"[""1303"", ""1307"", ""1326"", ""1528"", ""1612"", ""1802"", ""2010"", ""2020"", ""2025"", ""2030"", ""2069"", ""2308"", ""2313"", ""2327"", ""2330"", ""2332"", ""2337"", ""2344"", ""2347"", ""2351"", ""2352"", ""2382"", ""2387"", ""2408"", ""2409"", ""2449"", ""2454"", ""2481"", ""2492"", ""2633"", ""2801"", ""2883"", ""2891"", ""3008"", ""3017"", ""3037"", ""3055"", ""3413"", ""3443"", ""3481"", ""3661"", ""3665"", ""4169"", ""4551"", ""4736"", ""4956"", ""4958"", ""5515"", ""6005"", ""6166"", ""6271"", ""6689"", ""6715"", ""6770"", ""6869"", ""6885"", ""6933"", ""8046"", ""8070"", ""8150""]",2026-10-01
台新五權西,41,12,2354.6,822.8,"[""3105"", ""3234"", ""3260"", ""3324"", ""3441"", ""4542"", ""4707"", ""4939"", ""5299"", ""5425"", ""5450"", ""5483"", ""6182"", ""6218"", ""6231"", ""6279"", ""6461"", ""6547"", ""6716"", ""6733"", ""6739"", ""6907"", ""6925"", ""7714"", ""7792"", ""8043"", ""8084""]",2026-10-01
台新佳里,46,17,1236.1,152.7,"[""1312"", ""1503"", ""1795"", ""2324"", ""2369"", ""2478"", ""2483"", ""3019"", ""3021"", ""3044"", ""3229"", ""3362"", ""3605"", ""3624"", ""4171"", ""4977"", ""5251"", ""5299"", ""6005"", ""6173"", ""6207"", ""6218"", ""6409"", ""6461"", ""6669"", ""6689"", ""6691"", ""6693"", ""6753"", ""6834"", ""6907"", ""6924"", ""7714"", ""7788"", ""7795"", ""7842"", ""8038""]",2026-10-01
台新信義,101,57,9516.0,2425.4,"[""1312"", ""1612"", ""1709"", ""1727"", ""2010"", ""2033"", ""2221"", ""2241"", ""2254"", ""2301"", ""2303"", ""2353"", ""2359"", ""2481"", ""2483"", ""2496"", ""2542"", ""2546"", ""2883"", ""3006"", ""3021"", ""3041"", ""3081"", ""3094"", ""3141"", ""3209"", ""3211"", ""3234"", ""3441"", ""3450"", ""3679"", ""3685"", ""3693"", ""3716"", ""4542"", ""4764"", ""4908"", ""4931"", ""4939"", ""4976"", ""4979"", ""5251"", ""5386"", ""5443"", ""5475"", ""5904"", ""6141"", ""6173"", ""6226"", ""6259"", ""6461"", ""6588"", ""6590"", ""6620"", ""6668"", ""6715"", ""6770"", ""6829"", ""6834"", ""6861"", ""6906"", ""7717"", ""7751"", ""7765"", ""7769"", ""7788"", ""7842"", ""8028"", ""8039"", ""8227"", ""8261""]",2026-10-01
台新北中壢,9,2,208.0,5.0,"[""3498"", ""5299"", ""5328"", ""6590"", ""7714"", ""7792"", ""8050""]",2026-10-01
台新北壢,12,3,294.8,88.0,"[""1608"", ""1718"", ""2059"", ""2395"", ""2546"", ""2739"", ""4927"", ""6213"", ""6669"", ""7730"", ""7788""]",2026-10-01
台新北新,51,19,3145.7,743.0,"[""1312"", ""1718"", ""2059"", ""2254"", ""2327"", ""2337"", ""2484"", ""2491"", ""3008"", ""3026"", ""3037"", ""3090"", ""3229"", ""3543"", ""5285"", ""5706"", ""5876"", ""6668"", ""6691"", ""8046""]",2026-10-01
台新北新莊,14,5,542.4,137.7,"[""3081"", ""3211"", ""3357"", ""4924"", ""4973"", ""6173"", ""6182"", ""6217"", ""6218"", ""6925"", ""7714""]",2026-10-01
台新台中,265,135,15313.4,4335.7,"[""1307"", ""1314"", ""1526"", ""1560"", ""1713"", ""1802"", ""1815"", ""2030"", ""2031"", ""2059"", ""2305"", ""2313"", ""2317"", ""2330"", ""2337"", ""2344"", ""2351"", ""2359"", ""2363"", ""2368"", ""2406"", ""2413"", ""2426"", ""2449"", ""2468"", ""2478"", ""2481"", ""2484"", ""2492"", ""2493"", ""2630"", ""2883"", ""2887"", ""2891"", ""2915"", ""3008"", ""3018"", ""3021"", ""3055"", ""3081"", ""3090"", ""3094"", ""3141"", ""3152"", ""3211"", ""3219"", ""3234"", ""3297"", ""3311"", ""3354"", ""3356"", ""3357"", ""3362"", ""3363"", ""3376"", ""3388"", ""3406"", ""3413"", ""3434"", ""3441"", ""3450"", ""3481"", ""3504"", ""3508"", ""3520"", ""3532"", ""3533"", ""3605"", ""3664"", ""3693"", ""3707"", ""3708"", ""4416"", ""4542"", ""4556"", ""4566"", ""4735"", ""4770"", ""4908"", ""4927"", ""4939"", ""4973"", ""4976"", ""4979"", ""4991"", ""5225"", ""5285"", ""5292"", ""5299"", ""5328"", ""5347"", ""5351"", ""5425"", ""5443"", ""5475"", ""5483"", ""5484"", ""5498"", ""5515"", ""5519"", ""5522"", ""6023"", ""6112"", ""6147"", ""6152"", ""6166"", ""6168"", ""6173"", ""6175"", ""6179"", ""6182"", ""6199"", ""6204"", ""6207"", ""6209"", ""6213"", ""6217"", ""6218"", ""6221"", ""6227"", ""6244"", ""6278"", ""6279"", ""6282"", ""6426"", ""6442"", ""6451"", ""6505"", ""6510"", ""6588"", ""6589"", ""6620"", ""6669"", ""6693"", ""6706"", ""6712"", ""6715"", ""6770"", ""6829"", ""6861"", ""6919"", ""6925"", ""6933"", ""7711"", ""7749"", ""7768"", ""7769"", ""7792"", ""7842"", ""8033"", ""8038"", ""8040"", ""8043"", ""8046"", ""8064"", ""8084"", ""8110"", ""8111"", ""8150"", ""8227"", ""8261"", ""8996"", ""9914"", ""9945""]",2026-10-01
台新台北,356,178,143567.9,112080.8,"[""1301"", ""1303"", ""1326"", ""1519"", ""1569"", ""1608"", ""1709"", ""1785"", ""1802"", ""1815"", ""2010"", ""2031"", ""2059"", ""2301"", ""2313"", ""2317"", ""2324"", ""2327"", ""2330"", ""2344"", ""2351"", ""2357"", ""2360"", ""2368"", ""2375"", ""2382"", ""2387"", ""2388"", ""2395"", ""2404"", ""2408"", ""2409"", ""2454"", ""2455"", ""2464"", ""2472"", ""2478"", ""2481"", ""2484"", ""2492"", ""2546"", ""2615"", ""2630"", ""2633"", ""2645"", ""2801"", ""2855"", ""2883"", ""3008"", ""3017"", ""3026"", ""3037"", ""3042"", ""3044"", ""3055"", ""3081"", ""3090"", ""3163"", ""3167"", ""3189"", ""3211"", ""3231"", ""3234"", ""3324"", ""3339"", ""3356"", ""3363"", ""3374"", ""3406"", ""3443"", ""3450"", ""3467"", ""3529"", ""3532"", ""3624"", ""3653"", ""3661"", ""3665"", ""3680"", ""3693"", ""3702"", ""3711"", ""4566"", ""4707"", ""4770"", ""4908"", ""4927"", ""4931"", ""4958"", ""4979"", ""4989"", ""4991"", ""5274"", ""5289"", ""5347"", ""5351"", ""5425"", ""5443"", ""5464"", ""5483"", ""5871"", ""5904"", ""6023"", ""6121"", ""6147"", ""6173"", ""6179"", ""6182"", ""6187"", ""6207"", ""6213"", ""6223"", ""6227"", ""6243"", ""6269"", ""6274"", ""6279"", ""6291"", ""6409"", ""6426"", ""6442"", ""6446"", ""6488"", ""6505"", ""6510"", ""6515"", ""6538"", ""6584"", ""6588"", ""6620"", ""6672"", ""6683"", ""6715"", ""6716"", ""6770"", ""6782"", ""6805"", ""6811"", ""6907"", ""6949"", ""7711"", ""7717"", ""7751"", ""7772"", ""7788"", ""7795"", ""7799"", ""8021"", ""8028"", ""8038"", ""8039"", ""8046"", ""8054"", ""8064"", ""8103"", ""8110"", ""8261"", ""8358"", ""8431"", ""8996""]",2026-10-01
台新台南,128,55,6909.3,1288.0,"[""1307"", ""1528"", ""1612"", ""1709"", ""1713"", ""1815"", ""2010"", ""2027"", ""2305"", ""2324"", ""2342"", ""2344"", ""2347"", ""2351"", ""2392"", ""2413"", ""2464"", ""2478"", ""2481"", ""2489"", ""2496"", ""2547"", ""2601"", ""2630"", ""2634"", ""3016"", ""3046"", ""3049"", ""3055"", ""3114"", ""3189"", ""3211"", ""3219"", ""3234"", ""3264"", ""3297"", ""3305"", ""3356"", ""3376"", ""3441"", ""3481"", ""3679"", ""3708"", ""3715"", ""3717"", ""4133"", ""4541"", ""4566"", ""4577"", ""4722"", ""4939"", ""4956"", ""4976"", ""4989"", ""5285"", ""5475"", ""5515"", ""6026"", ""6173"", ""6179"", ""6187"", ""6209"", ""6225"", ""6226"", ""6227"", ""6243"", ""6456"", ""6461"", ""6617"", ""6712"", ""6715"", ""6829"", ""6863"", ""6885"", ""6909"", ""6924"", ""6933"", ""7714"", ""7768"", ""7792"", ""7828"", ""7842"", ""8021"", ""8028"", ""8033"", ""8042"", ""8070"", ""8085"", ""8096"", ""8150"", ""8227""]",2026-10-01
台新吉利,24,5,539.8,167.5,"[""2406"", ""2481"", ""3141"", ""3152"", ""3227"", ""3356"", ""3413"", ""3467"", ""3680"", ""4416"", ""5450"", ""5515"", ""6148"", ""6179"", ""6588"", ""6733"", ""8064"", ""8150""]",2026-10-01
台新同大,88,31,8448.7,2982.1,"[""1301"", ""1326"", ""1526"", ""1718"", ""1815"", ""2030"", ""2031"", ""2049"", ""2204"", ""2254"", ""2305"", ""2392"", ""2413"", ""2467"", ""2481"", ""2492"", ""2496"", ""2546"", ""2633"", ""2634"", ""2883"", ""3006"", ""3049"", ""3189"", ""3229"", ""3374"", ""3413"", ""3504"", ""3564"", ""3669"", ""5291"", ""5371"", ""5434"", ""5475"", ""5483"", ""5484"", ""5706"", ""6147"", ""6148"", ""6152"", ""6190"", ""6221"", ""6226"", ""6243"", ""6279"", ""6446"", ""6461"", ""6505"", ""6770"", ""6829"", ""6885"", ""6907"", ""6909"", ""6919"", ""6933"", ""7711"", ""7792"", ""7828"", ""8033"", ""8039"", ""8054"", ""8085"", ""8110"", ""8150"", ""8182"", ""9904"", ""9945""]",2026-10-01
台新嘉義,47,20,4226.1,1102.3,"[""1301"", ""1307"", ""2312"", ""2342"", ""2363"", ""2434"", ""2634"", ""2923"", ""3227"", ""3356"", ""3413"", ""3481"", ""3498"", ""3665"", ""3669"", ""4171"", ""4556"", ""4973"", ""5299"", ""5351"", ""5464"", ""5475"", ""5706"", ""6148"", ""6204"", ""6206"", ""6278"", ""6590"", ""6617"", ""6693"", ""6742"", ""6753"", ""6770"", ""6872"", ""7714"", ""8028"", ""8043"", ""8069"", ""8182""]",2026-10-01
台新城中,104,44,5629.3,1072.7,"[""1303"", ""1314"", ""1409"", ""1423"", ""1503"", ""1608"", ""2069"", ""2305"", ""2312"", ""2332"", ""2338"", ""2344"", ""2351"", ""2392"", ""2406"", ""2413"", ""2425"", ""2492"", ""2493"", ""2496"", ""2546"", ""2634"", ""2816"", ""2855"", ""2883"", ""2890"", ""3016"", ""3055"", ""3147"", ""3162"", ""3211"", ""3219"", ""3229"", ""3234"", ""3297"", ""3441"", ""3450"", ""3455"", ""3605"", ""3624"", ""3679"", ""3680"", ""3693"", ""3708"", ""4416"", ""4566"", ""4908"", ""4931"", ""4973"", ""4976"", ""4991"", ""5225"", ""5292"", ""5299"", ""5351"", ""5443"", ""5464"", ""5475"", ""6116"", ""6179"", ""6182"", ""6224"", ""6226"", ""6245"", ""6265"", ""6279"", ""6443"", ""6461"", ""6588"", ""6669"", ""6689"", ""6691"", ""6885"", ""6907"", ""7825"", ""8043"", ""8050"", ""8112"", ""8431"", ""8454"", ""8996""]",2026-10-01
台新城東,195,90,13723.5,4202.3,"[""1303"", ""1307"", ""1560"", ""1595"", ""1721"", ""1727"", ""1810"", ""2010"", ""2020"", ""2221"", ""2241"", ""2301"", ""2313"", ""2347"", ""2351"", ""2357"", ""2363"", ""2368"", ""2382"", ""2395"", ""2413"", ""2426"", ""2449"", ""2455"", ""2464"", ""2472"", ""2481"", ""2484"", ""2491"", ""2492"", ""2633"", ""2645"", ""2880"", ""2915"", ""3006"", ""3008"", ""3026"", ""3042"", ""3044"", ""3055"", ""3081"", ""3090"", ""3094"", ""3105"", ""3147"", ""3163"", ""3167"", ""3189"", ""3229"", ""3297"", ""3363"", ""3374"", ""3441"", ""3450"", ""3481"", ""3508"", ""3532"", ""3605"", ""3624"", ""3653"", ""3665"", ""3675"", ""3680"", ""3693"", ""3711"", ""3715"", ""4542"", ""4566"", ""4736"", ""4768"", ""4770"", ""4931"", ""4939"", ""4958"", ""4971"", ""4973"", ""4979"", ""5314"", ""5351"", ""5443"", ""6147"", ""6148"", ""6152"", ""6173"", ""6182"", ""6187"", ""6204"", ""6213"", ""6224"", ""6225"", ""6226"", ""6274"", ""6290"", ""6456"", ""6515"", ""6533"", ""6547"", ""6590"", ""6617"", ""6640"", ""6672"", ""6683"", ""6691"", ""6706"", ""6811"", ""6829"", ""6924"", ""7711"", ""7722"", ""7768"", ""7795"", ""7828"", ""7842"", ""8027"", ""8028"", ""8033"", ""8039"", ""8042"", ""8043"", ""8064"", ""8103"", ""8110"", ""8150"", ""8182"", ""8240"", ""8261"", ""8358"", ""8996""]",2026-10-01
台新埔里,20,7,470.8,87.9,"[""1514"", ""2049"", ""2337"", ""3046"", ""3229"", ""3467"", ""3532"", ""3707"", ""4577"", ""4973"", ""5328"", ""5371"", ""5706"", ""6426"", ""6617"", ""6716"", ""8085"", ""9941""]",2026-10-01
台新基隆,19,6,1770.9,97.2,"[""2338"", ""2542"", ""3042"", ""3231"", ""3297"", ""3356"", ""3679"", ""4169"", ""4416"", ""4577"", ""5285"", ""7711"", ""8028"", ""8046"", ""8064"", ""8454""]",2026-10-01
台新大昌,96,34,5109.4,618.2,"[""1303"", ""1312"", ""1409"", ""1809"", ""1810"", ""2030"", ""2069"", ""2305"", ""2313"", ""2332"", ""2338"", ""2359"", ""2404"", ""2455"", ""2464"", ""2481"", ""2483"", ""2484"", ""2542"", ""3016"", ""3021"", ""3026"", ""3354"", ""3356"", ""3498"", ""3532"", ""3543"", ""3624"", ""3708"", ""3711"", ""3715"", ""4133"", ""4764"", ""4908"", ""4939"", ""4956"", ""4973"", ""4979"", ""5285"", ""5328"", ""5443"", ""5450"", ""6147"", ""6173"", ""6226"", ""6272"", ""6278"", ""6279"", ""6446"", ""6588"", ""6693"", ""6715"", ""6829"", ""6907"", ""6919"", ""6933"", ""7749"", ""7788"", ""8033"", ""8054"", ""8070"", ""8103"", ""8150"", ""9904"", ""9945""]",2026-10-01
台新大裕,98,42,11235.2,2862.1,"[""1504"", ""1608"", ""1612"", ""1713"", ""1717"", ""1721"", ""2031"", ""2303"", ""2387"", ""2409"", ""2455"", ""2465"", ""2484"", ""2489"", ""2634"", ""2801"", ""2855"", ""3037"", ""3090"", ""3105"", ""3147"", ""3211"", ""3234"", ""3324"", ""3356"", ""3450"", ""3481"", ""3532"", ""3665"", ""3669"", ""3675"", ""4171"", ""4416"", ""4542"", ""4735"", ""4908"", ""4927"", ""4949"", ""4958"", ""4973"", ""5351"", ""5706"", ""6166"", ""6173"", ""6182"", ""6209"", ""6213"", ""6272"", ""6274"", ""6279"", ""6584"", ""6590"", ""6672"", ""6689"", ""6712"", ""6739"", ""7751"", ""7788"", ""7842"", ""8027"", ""8043"", ""8096"", ""8150"", ""8182"", ""8227"", ""8261"", ""8996"", ""9914""]",2026-10-01
台新安南,145,66,27641.4,9825.3,"[""1303"", ""1312"", ""1528"", ""1718"", ""1815"", ""2031"", ""2254"", ""2301"", ""2303"", ""2313"", ""2332"", ""2337"", ""2344"", ""2352"", ""2359"", ""2408"", ""2421"", ""2426"", ""2449"", ""2464"", ""2484"", ""2492"", ""2630"", ""2645"", ""2816"", ""2915"", ""3021"", ""3041"", ""3055"", ""3081"", ""3090"", ""3105"", ""3163"", ""3211"", ""3227"", ""3260"", ""3264"", ""3311"", ""3324"", ""3354"", ""3374"", ""3441"", ""3450"", ""3481"", ""3498"", ""3543"", ""3691"", ""3707"", ""4707"", ""4722"", ""4736"", ""4770"", ""4956"", ""4958"", ""4977"", ""4979"", ""5289"", ""5291"", ""5314"", ""5328"", ""5351"", ""5483"", ""5519"", ""6173"", ""6226"", ""6271"", ""6442"", ""6456"", ""6488"", ""6505"", ""6577"", ""6770"", ""6949"", ""7711"", ""7730"", ""8021"", ""8039"", ""8043"", ""8046"", ""8064"", ""8070"", ""8096"", ""8111"", ""8358""]",2026-10-01
台新宜蘭,81,33,4452.7,1220.0,"[""1709"", ""2025"", ""2030"", ""2241"", ""2351"", ""2359"", ""2426"", ""2478"", ""2493"", ""3006"", ""3016"", ""3081"", ""3189"", ""3229"", ""3362"", ""3374"", ""3376"", ""3388"", ""3406"", ""3455"", ""3467"", ""3624"", ""3693"", ""3709"", ""3716"", ""4133"", ""4736"", ""4908"", ""4927"", ""4977"", ""5328"", ""5351"", ""5475"", ""6182"", ""6218"", ""6226"", ""6269"", ""6426"", ""6442"", ""6505"", ""6533"", ""6584"", ""6589"", ""6668"", ""6683"", ""6689"", ""6715"", ""6727"", ""6831"", ""6861"", ""6885"", ""7730"", ""7772"", ""8050"", ""8064"", ""8227"", ""8431""]",2026-10-01
台新屏新,52,23,3032.8,659.6,"[""1301"", ""1312"", ""1528"", ""1718"", ""2010"", ""2020"", ""2025"", ""2031"", ""2313"", ""2330"", ""2363"", ""2484"", ""2496"", ""2882"", ""3041"", ""3388"", ""4171"", ""4976"", ""5202"", ""5309"", ""5443"", ""6182"", ""6209"", ""6443"", ""6533"", ""6617"", ""6885"", ""6919"", ""7765"", ""8076"", ""9945""]",2026-10-01
台新屏東,43,14,1296.6,187.9,"[""1513"", ""2332"", ""2387"", ""2492"", ""2542"", ""2923"", ""3016"", ""3055"", ""3066"", ""3498"", ""3543"", ""3709"", ""3714"", ""4956"", ""4976"", ""5386"", ""5475"", ""6005"", ""6173"", ""6207"", ""6218"", ""6226"", ""6426"", ""6672"", ""6691"", ""6706"", ""6715"", ""6906"", ""7711"", ""7714"", ""7717"", ""8043"", ""8084"", ""8111"", ""9945""]",2026-10-01
台新左楠,54,25,2130.0,553.8,"[""1108"", ""1504"", ""1514"", ""1569"", ""1721"", ""2010"", ""2030"", ""2069"", ""2070"", ""2254"", ""2305"", ""2338"", ""2342"", ""2425"", ""2434"", ""2890"", ""3042"", ""3162"", ""3297"", ""3362"", ""3490"", ""3543"", ""3564"", ""3661"", ""3711"", ""4133"", ""4171"", ""4416"", ""4931"", ""4939"", ""4971"", ""4973"", ""5475"", ""5483"", ""6116"", ""6152"", ""6173"", ""6179"", ""6225"", ""6226"", ""6259"", ""6279"", ""6672"", ""6690"", ""6712"", ""7788""]",2026-10-01
台新府城,38,16,3120.9,1097.7,"[""2454"", ""2615"", ""2633"", ""2855"", ""3016"", ""3019"", ""3021"", ""4736"", ""4768"", ""4958"", ""5225"", ""5347"", ""5371"", ""5443"", ""5706"", ""6182"", ""6214"", ""6221"", ""6525"", ""6526"", ""6533"", ""6584"", ""6588"", ""6691"", ""6770"", ""6834"", ""6861"", ""9904""]",2026-10-01
台新建北,300,170,24155.0,8344.0,"[""1218"", ""1301"", ""1303"", ""1307"", ""1326"", ""1409"", ""1503"", ""1569"", ""1709"", ""1727"", ""1810"", ""1815"", ""2006"", ""2010"", ""2049"", ""2069"", ""2301"", ""2305"", ""2327"", ""2337"", ""2340"", ""2342"", ""2344"", ""2359"", ""2376"", ""2382"", ""2395"", ""2408"", ""2421"", ""2434"", ""2436"", ""2454"", ""2455"", ""2464"", ""2465"", ""2467"", ""2472"", ""2481"", ""2483"", ""2484"", ""2489"", ""2492"", ""2645"", ""2816"", ""3003"", ""3006"", ""3016"", ""3026"", ""3037"", ""3055"", ""3081"", ""3090"", ""3147"", ""3163"", ""3167"", ""3229"", ""3234"", ""3264"", ""3324"", ""3354"", ""3356"", ""3362"", ""3363"", ""3406"", ""3441"", ""3450"", ""3455"", ""3498"", ""3504"", ""3508"", ""3529"", ""3532"", ""3564"", ""3605"", ""3624"", ""3664"", ""3675"", ""3679"", ""3680"", ""3691"", ""3693"", ""3707"", ""3717"", ""4416"", ""4542"", ""4566"", ""4735"", ""4764"", ""4770"", ""4772"", ""4908"", ""4958"", ""4971"", ""4973"", ""4977"", ""4979"", ""4991"", ""5225"", ""5292"", ""5328"", ""5351"", ""5386"", ""5425"", ""5475"", ""5522"", ""6026"", ""6112"", ""6139"", ""6147"", ""6166"", ""6173"", ""6179"", ""6182"", ""6187"", ""6207"", ""6213"", ""6217"", ""6218"", ""6221"", ""6226"", ""6227"", ""6271"", ""6274"", ""6291"", ""6409"", ""6446"", ""6456"", ""6488"", ""6505"", ""6510"", ""6515"", ""6531"", ""6533"", ""6538"", ""6547"", ""6584"", ""6620"", ""6640"", ""6668"", ""6672"", ""6693"", ""6715"", ""6811"", ""6834"", ""6907"", ""6933"", ""7711"", ""7722"", ""7751"", ""7765"", ""7788"", ""7792"", ""7795"", ""7842"", ""8021"", ""8028"", ""8033"", ""8039"", ""8042"", ""8046"", ""8050"", ""8064"", ""8111"", ""8112"", ""8150"", ""8182"", ""8227"", ""8383"", ""8454"", ""8996""]",2026-10-01
台新彰化,38,7,5086.1,138.0,"[""2010"", ""2351"", ""2409"", ""2483"", ""2484"", ""3008"", ""3055"", ""3081"", ""3114"", ""3189"", ""3236"", ""3297"", ""3624"", ""3707"", ""4171"", ""4556"", ""4772"", ""4931"", ""4976"", ""5202"", ""5484"", ""6204"", ""6218"", ""6279"", ""6584"", ""6869"", ""7842"", ""8050"", ""8096"", ""8111""]",2026-10-01
台新成功,92,37,5842.5,1552.2,"[""1713"", ""1795"", ""2031"", ""2301"", ""2332"", ""2406"", ""2426"", ""2464"", ""2484"", ""2548"", ""2923"", ""3008"", ""3362"", ""3376"", ""3388"", ""3533"", ""3564"", ""3624"", ""3679"", ""3708"", ""3709"", ""4764"", ""4770"", ""4919"", ""4973"", ""4976"", ""5291"", ""5314"", ""5351"", ""5443"", ""5519"", ""5522"", ""6147"", ""6182"", ""6213"", ""6226"", ""6456"", ""6590"", ""6693"", ""6733"", ""6753"", ""6909"", ""7714"", ""7765"", ""7825"", ""8033"", ""8039"", ""8054"", ""8103"", ""8111"", ""8261"", ""8937""]",2026-10-01
台新敦南,75,33,5262.9,1837.9,"[""1785"", ""1815"", ""2020"", ""2103"", ""2241"", ""2254"", ""2337"", ""2344"", ""2360"", ""2363"", ""2388"", ""2408"", ""2409"", ""2434"", ""2455"", ""2484"", ""3016"", ""3017"", ""3219"", ""3234"", ""3311"", ""3339"", ""3455"", ""3529"", ""3605"", ""3624"", ""3693"", ""3708"", ""3716"", ""4416"", ""4924"", ""4939"", ""4971"", ""5291"", ""5292"", ""5309"", ""6223"", ""6245"", ""6409"", ""6538"", ""6620"", ""6643"", ""6683"", ""6706"", ""6715"", ""6727"", ""6829"", ""6885"", ""6919"", ""7769"", ""7788"", ""8096""]",2026-10-01
台新文心,87,38,3886.4,1429.5,"[""1423"", ""1605"", ""1608"", ""1718"", ""1810"", ""2010"", ""2254"", ""2324"", ""2332"", ""2337"", ""2368"", ""2375"", ""2413"", ""2425"", ""2434"", ""2438"", ""2464"", ""2468"", ""2483"", ""2484"", ""2492"", ""2542"", ""2601"", ""2634"", ""2915"", ""3016"", ""3021"", ""3046"", ""3090"", ""3260"", ""3311"", ""3362"", ""3577"", ""3679"", ""3708"", ""4171"", ""4772"", ""4931"", ""4939"", ""4971"", ""5274"", ""5285"", ""5309"", ""5425"", ""5443"", ""5464"", ""5483"", ""5706"", ""6005"", ""6121"", ""6139"", ""6168"", ""6179"", ""6182"", ""6213"", ""6225"", ""6274"", ""6525"", ""6584"", ""6643"", ""6668"", ""6691"", ""6706"", ""6924"", ""7714"", ""8028"", ""8039"", ""8043"", ""8046"", ""8103"", ""8358"", ""8374"", ""9914""]",2026-10-01
台新新店,81,35,4263.4,1199.8,"[""1303"", ""1514"", ""1608"", ""2010"", ""2305"", ""2368"", ""2421"", ""2465"", ""2467"", ""2481"", ""2489"", ""2491"", ""2496"", ""2601"", ""2603"", ""2801"", ""2855"", ""2886"", ""3006"", ""3044"", ""3055"", ""3135"", ""3189"", ""3209"", ""3227"", ""3234"", ""3450"", ""3564"", ""3707"", ""3715"", ""4556"", ""4577"", ""4770"", ""4949"", ""4973"", ""6147"", ""6168"", ""6207"", ""6213"", ""6269"", ""6274"", ""6278"", ""6589"", ""6590"", ""6706"", ""6811"", ""6869"", ""6906"", ""6933"", ""7717"", ""7799"", ""8038"", ""8085"", ""8150""]",2026-10-01
台新新營,71,33,2451.1,558.2,"[""1339"", ""1528"", ""1712"", ""1810"", ""2010"", ""2031"", ""2070"", ""2305"", ""2338"", ""2387"", ""2395"", ""2404"", ""2413"", ""2438"", ""2472"", ""2483"", ""2496"", ""2634"", ""2645"", ""2816"", ""2855"", ""3021"", ""3094"", ""3209"", ""3357"", ""3498"", ""3669"", ""3679"", ""3707"", ""3717"", ""4542"", ""4556"", ""4566"", ""4931"", ""4977"", ""5202"", ""5443"", ""5483"", ""5498"", ""6005"", ""6152"", ""6179"", ""6213"", ""6221"", ""6271"", ""6274"", ""6279"", ""6461"", ""6577"", ""6590"", ""6716"", ""6906"", ""6945"", ""7751"", ""8033""]",2026-10-01
台新新竹,35,13,1161.0,289.2,"[""1312"", ""1528"", ""1709"", ""2030"", ""2388"", ""2481"", ""2883"", ""3019"", ""3227"", ""4542"", ""4556"", ""4908"", ""4931"", ""5519"", ""5522"", ""6148"", ""6175"", ""6223"", ""6244"", ""6443"", ""6533"", ""6620"", ""6683"", ""6712"", ""6727"", ""6861"", ""6925"", ""8028"", ""8084""]",2026-10-01
台新新興,56,27,5583.0,896.3,"[""1339"", ""1503"", ""1810"", ""2030"", ""2069"", ""2070"", ""2359"", ""2360"", ""2404"", ""2409"", ""2464"", ""2468"", ""2489"", ""2546"", ""2615"", ""3049"", ""3141"", ""3229"", ""3324"", ""3467"", ""4923"", ""4939"", ""4956"", ""5202"", ""5285"", ""5351"", ""5443"", ""5475"", ""5608"", ""5706"", ""6112"", ""6116"", ""6148"", ""6173"", ""6226"", ""6227"", ""6426"", ""6533"", ""6617"", ""6829"", ""6933"", ""7711"", ""7792"", ""8043"", ""8096"", ""8103"", ""8937"", ""9945""]",2026-10-01
台新新莊,102,56,6175.7,1813.2,"[""1307"", ""1514"", ""1709"", ""1727"", ""2010"", ""2031"", ""2305"", ""2342"", ""2344"", ""2409"", ""2455"", ""2468"", ""2484"", ""2634"", ""2855"", ""2883"", ""3055"", ""3141"", ""3163"", ""3211"", ""3227"", ""3356"", ""3362"", ""3437"", ""3441"", ""3498"", ""3564"", ""3605"", ""3693"", ""3715"", ""4541"", ""4551"", ""4707"", ""4735"", ""4736"", ""4931"", ""4939"", ""4971"", ""5274"", ""5314"", ""5386"", ""5425"", ""5475"", ""5498"", ""6005"", ""6179"", ""6226"", ""6274"", ""6442"", ""6533"", ""6538"", ""6588"", ""6683"", ""6691"", ""6716"", ""6727"", ""6907"", ""6933"", ""7769"", ""8039"", ""8043"", ""8054"", ""8182"", ""8996""]",2026-10-01
台新松德,290,202,26461.9,11168.9,"[""1303"", ""1312"", ""1339"", ""1409"", ""1526"", ""1560"", ""1608"", ""1612"", ""1802"", ""1815"", ""2010"", ""2020"", ""2030"", ""2059"", ""2061"", ""2313"", ""2327"", ""2332"", ""2338"", ""2340"", ""2351"", ""2353"", ""2357"", ""2360"", ""2363"", ""2368"", ""2387"", ""2395"", ""2408"", ""2409"", ""2421"", ""2426"", ""2434"", ""2444"", ""2455"", ""2467"", ""2468"", ""2478"", ""2481"", ""2483"", ""2484"", ""2492"", ""2493"", ""2520"", ""2546"", ""2601"", ""2610"", ""2630"", ""2634"", ""2645"", ""2855"", ""2923"", ""3021"", ""3037"", ""3041"", ""3042"", ""3094"", ""3105"", ""3152"", ""3167"", ""3189"", ""3211"", ""3227"", ""3234"", ""3260"", ""3293"", ""3324"", ""3356"", ""3362"", ""3363"", ""3376"", ""3413"", ""3441"", ""3450"", ""3455"", ""3491"", ""3498"", ""3529"", ""3532"", ""3533"", ""3577"", ""3605"", ""3624"", ""3653"", ""3675"", ""3679"", ""3680"", ""3691"", ""3693"", ""4169"", ""4541"", ""4542"", ""4556"", ""4764"", ""4768"", ""4770"", ""4908"", ""4924"", ""4931"", ""4958"", ""4967"", ""4973"", ""4989"", ""5274"", ""5292"", ""5312"", ""5314"", ""5328"", ""5347"", ""5386"", ""5425"", ""5434"", ""5443"", ""5450"", ""5464"", ""5475"", ""5515"", ""5519"", ""5904"", ""6023"", ""6121"", ""6139"", ""6147"", ""6148"", ""6166"", ""6182"", ""6187"", ""6213"", ""6218"", ""6221"", ""6223"", ""6226"", ""6227"", ""6259"", ""6271"", ""6426"", ""6443"", ""6446"", ""6472"", ""6488"", ""6515"", ""6526"", ""6533"", ""6584"", ""6588"", ""6590"", ""6643"", ""6668"", ""6672"", ""6691"", ""6693"", ""6712"", ""6715"", ""6739"", ""6782"", ""6805"", ""6811"", ""6829"", ""6834"", ""6861"", ""6869"", ""6907"", ""6909"", ""6924"", ""6933"", ""6949"", ""7711"", ""7750"", ""7751"", ""7765"", ""7769"", ""7792"", ""7795"", ""7799"", ""7828"", ""7842"", ""8021"", ""8033"", ""8038"", ""8042"", ""8043"", ""8046"", ""8050"", ""8070"", ""8076"", ""8096"", ""8103"", ""8110"", ""8182"", ""8227"", ""8261"", ""8358"", ""8431"", ""8454""]",2026-10-01
台新松江,128,66,7730.4,2534.1,"[""1303"", ""1569"", ""1605"", ""1612"", ""1709"", ""1713"", ""1717"", ""2025"", ""2332"", ""2337"", ""2340"", ""2351"", ""2368"", ""2377"", ""2409"", ""2426"", ""2464"", ""2472"", ""2481"", ""2492"", ""2493"", ""2546"", ""2634"", ""3006"", ""3026"", ""3055"", ""3081"", ""3105"", ""3219"", ""3362"", ""3363"", ""3374"", ""3441"", ""3450"", ""3504"", ""3652"", ""3664"", ""4542"", ""4566"", ""4768"", ""4919"", ""4931"", ""4939"", ""4973"", ""4977"", ""4991"", ""5285"", ""5371"", ""5425"", ""5450"", ""5522"", ""6141"", ""6147"", ""6173"", ""6175"", ""6213"", ""6217"", ""6218"", ""6226"", ""6227"", ""6426"", ""6488"", ""6584"", ""6672"", ""6716"", ""6727"", ""6753"", ""6933"", ""6945"", ""7788"", ""7799"", ""7828"", ""8021"", ""8033"", ""8046"", ""8064"", ""8096"", ""8110"", ""8112"", ""8150"", ""8454"", ""9904""]",2026-10-01
台新板橋,115,54,7118.9,1390.1,"[""1409"", ""1503"", ""1528"", ""1605"", ""1727"", ""2025"", ""2031"", ""2305"", ""2327"", ""2332"", ""2337"", ""2351"", ""2421"", ""2455"", ""2464"", ""2468"", ""2481"", ""2484"", ""2492"", ""2493"", ""2496"", ""2634"", ""2883"", ""2890"", ""2915"", ""3016"", ""3021"", ""3041"", ""3055"", ""3081"", ""3114"", ""3152"", ""3189"", ""3356"", ""3374"", ""3441"", ""3520"", ""3529"", ""3532"", ""3564"", ""3577"", ""3624"", ""3653"", ""3707"", ""3715"", ""4542"", ""4707"", ""4770"", ""4931"", ""4973"", ""4991"", ""5434"", ""5522"", ""6166"", ""6179"", ""6182"", ""6207"", ""6213"", ""6244"", ""6269"", ""6278"", ""6291"", ""6416"", ""6461"", ""6589"", ""6590"", ""6617"", ""6668"", ""6672"", ""6690"", ""6693"", ""6706"", ""6727"", ""6739"", ""6770"", ""6945"", ""7610"", ""7717"", ""7772"", ""8043"", ""8046"", ""8054"", ""8064"", ""8085"", ""8150"", ""8454"", ""9904"", ""9945""]",2026-10-01
台新林園,70,22,3624.7,721.2,"[""1526"", ""1709"", ""1727"", ""2025"", ""2070"", ""2301"", ""2327"", ""2332"", ""2340"", ""2492"", ""2496"", ""2542"", ""2601"", ""2855"", ""2883"", ""3017"", ""3041"", ""3042"", ""3090"", ""3234"", ""3434"", ""3504"", ""3518"", ""3653"", ""3707"", ""4133"", ""4416"", ""4764"", ""4772"", ""4931"", ""5251"", ""5314"", ""5464"", ""5519"", ""6005"", ""6213"", ""6226"", ""6426"", ""6589"", ""6693"", ""6753"", ""6907"", ""6933"", ""7714"", ""8039"", ""8111"", ""8454""]",2026-10-01
台新桃園,56,24,1649.2,401.0,"[""1314"", ""1612"", ""2070"", ""2305"", ""2313"", ""2338"", ""2351"", ""2353"", ""2404"", ""2739"", ""3021"", ""3046"", ""3090"", ""3362"", ""3664"", ""3709"", ""4133"", ""4772"", ""5225"", ""5299"", ""5328"", ""5434"", ""5475"", ""6152"", ""6179"", ""6226"", ""6259"", ""6278"", ""6282"", ""6461"", ""6691"", ""6907"", ""7722"", ""7788"", ""8111"", ""8937"", ""9941""]",2026-10-01
台新永和,49,17,5034.4,807.6,"[""1612"", ""1802"", ""2030"", ""2312"", ""2351"", ""2444"", ""2489"", ""2855"", ""3231"", ""3234"", ""3362"", ""3498"", ""3508"", ""4764"", ""5309"", ""5706"", ""6147"", ""6179"", ""6182"", ""6226"", ""6227"", ""6426"", ""6640"", ""6643"", ""6770"", ""6829"", ""7788"", ""7842"", ""8033"", ""8084"", ""8227"", ""8996"", ""9904""]",2026-10-01
台新潮州,28,5,543.8,126.0,"[""1608"", ""1713"", ""1802"", ""2070"", ""2221"", ""2338"", ""2382"", ""2496"", ""3441"", ""3693"", ""4123"", ""4171"", ""4542"", ""4973"", ""5314"", ""6166"", ""6227"", ""6548"", ""6590"", ""6689"", ""6906"", ""6909"", ""8033"", ""8038"", ""8110"", ""9904""]",2026-10-01
台新烏日,36,13,1854.9,157.9,"[""1528"", ""1608"", ""1810"", ""2025"", ""2049"", ""2059"", ""2204"", ""2352"", ""2392"", ""2406"", ""2413"", ""2546"", ""2633"", ""2915"", ""3229"", ""3708"", ""4551"", ""5328"", ""6116"", ""6152"", ""6213"", ""6244"", ""6279"", ""6505"", ""6669"", ""8112"", ""8454"", ""8937""]",2026-10-01
台新緯城,79,39,6724.7,1868.1,"[""1713"", ""1714"", ""2030"", ""2031"", ""2254"", ""2303"", ""2327"", ""2338"", ""2368"", ""2376"", ""2382"", ""2409"", ""2434"", ""2496"", ""2603"", ""2610"", ""2634"", ""2923"", ""3019"", ""3037"", ""3041"", ""3297"", ""3339"", ""3374"", ""3376"", ""3434"", ""3504"", ""3520"", ""3532"", ""3605"", ""3679"", ""3717"", ""4133"", ""4764"", ""4768"", ""4908"", ""4939"", ""5251"", ""5285"", ""5328"", ""5386"", ""5519"", ""6173"", ""6175"", ""6182"", ""6221"", ""6227"", ""6584"", ""6640"", ""6834"", ""6907"", ""6933"", ""7769"", ""8039"", ""8046"", ""8110"", ""8431"", ""9904""]",2026-10-01
台新花蓮,30,9,1777.6,86.5,"[""2204"", ""2337"", ""2338"", ""2353"", ""2409"", ""2496"", ""3037"", ""3046"", ""3066"", ""3707"", ""4416"", ""5292"", ""5443"", ""5608"", ""6116"", ""6141"", ""6190"", ""6226"", ""6227"", ""6426"", ""6517"", ""6526"", ""6533"", ""6690"", ""6770"", ""6861""]",2026-10-01
台新草屯,45,21,5191.1,236.3,"[""1303"", ""1326"", ""1718"", ""1810"", ""2387"", ""2438"", ""2496"", ""2634"", ""3021"", ""3055"", ""3066"", ""3356"", ""4541"", ""5498"", ""5608"", ""6005"", ""6152"", ""6226"", ""6272"", ""6279"", ""6442"", ""6620"", ""6739"", ""6834"", ""6909"", ""6945"", ""6969"", ""7714"", ""8033"", ""8038"", ""9904""]",2026-10-01
台新虎尾,38,9,10177.2,3610.6,"[""1307"", ""1528"", ""1721"", ""2031"", ""2337"", ""2344"", ""2347"", ""2353"", ""2434"", ""2801"", ""2882"", ""3008"", ""3021"", ""3049"", ""3297"", ""3354"", ""3434"", ""3437"", ""3467"", ""3594"", ""3605"", ""3679"", ""4556"", ""5314"", ""5515"", ""6152"", ""6199"", ""6279"", ""6712"", ""6770"", ""6909"", ""7711"", ""8043""]",2026-10-01
台新西松,218,87,33230.8,7641.0,"[""1303"", ""1718"", ""1815"", ""2025"", ""2031"", ""2049"", ""2059"", ""2241"", ""2303"", ""2305"", ""2327"", ""2344"", ""2351"", ""2388"", ""2399"", ""2408"", ""2454"", ""2455"", ""2464"", ""2478"", ""2484"", ""2489"", ""2493"", ""2546"", ""2601"", ""2603"", ""3008"", ""3026"", ""3042"", ""3055"", ""3081"", ""3189"", ""3234"", ""3324"", ""3374"", ""3376"", ""3406"", ""3441"", ""3450"", ""3481"", ""3498"", ""3529"", ""3532"", ""3543"", ""3605"", ""3624"", ""3653"", ""3675"", ""3685"", ""3693"", ""3716"", ""4931"", ""4971"", ""4979"", ""4991"", ""5314"", ""5425"", ""5522"", ""6116"", ""6121"", ""6139"", ""6147"", ""6173"", ""6179"", ""6182"", ""6187"", ""6207"", ""6209"", ""6213"", ""6226"", ""6245"", ""6274"", ""6278"", ""6279"", ""6426"", ""6442"", ""6446"", ""6451"", ""6488"", ""6505"", ""6525"", ""6589"", ""6620"", ""6669"", ""6683"", ""6727"", ""6770"", ""6906"", ""6907"", ""6933"", ""6949"", ""7711"", ""7792"", ""7795"", ""7825"", ""8033"", ""8039"", ""8040"", ""8046"", ""8111"", ""8150"", ""8227"", ""8261"", ""8358"", ""8431"", ""9933"", ""9945""]",2026-10-01
台新證券,1035,506,252990.2,78060.0,"[""1301"", ""1303"", ""1307"", ""1312"", ""1326"", ""1409"", ""1423"", ""1446"", ""1503"", ""1504"", ""1513"", ""1519"", ""1528"", ""1560"", ""1605"", ""1608"", ""1612"", ""1709"", ""1713"", ""1714"", ""1717"", ""1718"", ""1727"", ""1802"", ""2006"", ""2010"", ""2020"", ""2025"", ""2030"", ""2049"", ""2059"", ""2069"", ""2204"", ""2241"", ""2254"", ""2301"", ""2303"", ""2305"", ""2308"", ""2312"", ""2313"", ""2317"", ""2324"", ""2327"", ""2330"", ""2332"", ""2337"", ""2338"", ""2340"", ""2342"", ""2344"", ""2347"", ""2351"", ""2357"", ""2359"", ""2360"", ""2363"", ""2368"", ""2369"", ""2375"", ""2376"", ""2379"", ""2382"", ""2387"", ""2388"", ""2392"", ""2395"", ""2404"", ""2406"", ""2408"", ""2409"", ""2413"", ""2421"", ""2425"", ""2426"", ""2434"", ""2436"", ""2449"", ""2454"", ""2455"", ""2464"", ""2465"", ""2467"", ""2472"", ""2478"", ""2481"", ""2484"", ""2489"", ""2492"", ""2493"", ""2496"", ""2520"", ""2542"", ""2546"", ""2601"", ""2603"", ""2615"", ""2618"", ""2630"", ""2633"", ""2634"", ""2645"", ""2723"", ""2801"", ""2816"", ""2855"", ""2883"", ""2885"", ""2886"", ""2887"", ""2890"", ""2891"", ""2915"", ""2923"", ""3003"", ""3006"", ""3008"", ""3016"", ""3017"", ""3019"", ""3026"", ""3036"", ""3037"", ""3041"", ""3042"", ""3044"", ""3055"", ""3090"", ""3167"", ""3189"", ""3209"", ""3229"", ""3231"", ""3296"", ""3311"", ""3356"", ""3376"", ""3406"", ""3413"", ""3437"", ""3443"", ""3450"", ""3481"", ""3504"", ""3532"", ""3533"", ""3543"", ""3605"", ""3652"", ""3653"", ""3661"", ""3665"", ""3669"", ""3679"", ""3702"", ""3711"", ""3715"", ""3716"", ""4133"", ""4169"", ""4551"", ""4566"", ""4722"", ""4736"", ""4764"", ""4770"", ""4919"", ""4927"", ""4956"", ""4958"", ""4967"", ""4976"", ""4977"", ""4989"", ""5225"", ""5285"", ""5292"", ""5515"", ""5519"", ""5522"", ""5608"", ""5706"", ""6005"", ""6112"", ""6116"", ""6139"", ""6152"", ""6166"", ""6168"", ""6206"", ""6209"", ""6213"", ""6224"", ""6226"", ""6243"", ""6257"", ""6271"", ""6272"", ""6278"", ""6282"", ""6409"", ""6426"", ""6442"", ""6446"", ""6456"", ""6472"", ""6505"", ""6515"", ""6525"", ""6526"", ""6531"", ""6533"", ""6579"", ""6668"", ""6669"", ""6672"", ""6691"", ""6706"", ""6715"", ""6753"", ""6770"", ""6782"", ""6805"", ""6830"", ""6834"", ""6861"", ""6869"", ""6906"", ""6909"", ""6919"", ""6933"", ""6969"", ""7610"", ""7711"", ""7722"", ""7730"", ""7765"", ""7768"", ""7769"", ""7788"", ""7795"", ""7799"", ""8021"", ""8028"", ""8033"", ""8039"", ""8046"", ""8070"", ""8103"", ""8110"", ""8112"", ""8150"", ""8261"", ""8454"", ""8996"", ""9904"", ""9914"", ""9921"", ""9941"", ""9945""]",2026-10-01
台新高雄,281,137,14302.3,3935.0,"[""1312"", ""1409"", ""1504"", ""1513"", ""1519"", ""1528"", ""1569"", ""1608"", ""1709"", ""1718"", ""1721"", ""1727"", ""1809"", ""2010"", ""2030"", ""2070"", ""2221"", ""2301"", ""2302"", ""2303"", ""2312"", ""2313"", ""2327"", ""2344"", ""2352"", ""2357"", ""2359"", ""2375"", ""2387"", ""2388"", ""2413"", ""2436"", ""2454"", ""2464"", ""2465"", ""2478"", ""2481"", ""2483"", ""2484"", ""2492"", ""2542"", ""2633"", ""2739"", ""2801"", ""2887"", ""2890"", ""2923"", ""3016"", ""3018"", ""3026"", ""3031"", ""3041"", ""3042"", ""3055"", ""3081"", ""3090"", ""3094"", ""3147"", ""3229"", ""3234"", ""3260"", ""3317"", ""3324"", ""3339"", ""3356"", ""3357"", ""3441"", ""3481"", ""3491"", ""3498"", ""3504"", ""3532"", ""3605"", ""3624"", ""3664"", ""3665"", ""3675"", ""3680"", ""3693"", ""3707"", ""3711"", ""4416"", ""4510"", ""4542"", ""4551"", ""4707"", ""4722"", ""4736"", ""4764"", ""4772"", ""4903"", ""4908"", ""4931"", ""4939"", ""4956"", ""4958"", ""4967"", ""4971"", ""4973"", ""4977"", ""4979"", ""4991"", ""5202"", ""5225"", ""5285"", ""5289"", ""5291"", ""5299"", ""5312"", ""5351"", ""5425"", ""5443"", ""5475"", ""5483"", ""5519"", ""5706"", ""6005"", ""6026"", ""6116"", ""6152"", ""6173"", ""6175"", ""6187"", ""6207"", ""6217"", ""6225"", ""6226"", ""6243"", ""6244"", ""6259"", ""6272"", ""6274"", ""6279"", ""6282"", ""6409"", ""6426"", ""6442"", ""6446"", ""6451"", ""6461"", ""6488"", ""6525"", ""6533"", ""6584"", ""6643"", ""6672"", ""6683"", ""6690"", ""6691"", ""6715"", ""6739"", ""6770"", ""6830"", ""6869"", ""6907"", ""6909"", ""6925"", ""7722"", ""7730"", ""7749"", ""7751"", ""7765"", ""7788"", ""7792"", ""8033"", ""8038"", ""8039"", ""8046"", ""8050"", ""8064"", ""8084"", ""8085"", ""8103"", ""8110"", ""8111"", ""8150"", ""8182"", ""8454"", ""8937"", ""9914""]",2026-10-01
台灣摩根,2206,906,2760447.2,582434.8,"[""1108"", ""1218"", ""1301"", ""1303"", ""1307"", ""1312"", ""1314"", ""1326"", ""1409"", ""1423"", ""1446"", ""1503"", ""1504"", ""1513"", ""1514"", ""1519"", ""1526"", ""1528"", ""1560"", ""1605"", ""1608"", ""1612"", ""1709"", ""1713"", ""1714"", ""1717"", ""1718"", ""1721"", ""1727"", ""1795"", ""1802"", ""1809"", ""1810"", ""2006"", ""2010"", ""2020"", ""2025"", ""2027"", ""2030"", ""2031"", ""2033"", ""2049"", ""2059"", ""2069"", ""2103"", ""2204"", ""2241"", ""2254"", ""2301"", ""2302"", ""2303"", ""2305"", ""2308"", ""2312"", ""2313"", ""2317"", ""2324"", ""2327"", ""2330"", ""2332"", ""2337"", ""2338"", ""2340"", ""2342"", ""2344"", ""2347"", ""2351"", ""2352"", ""2353"", ""2357"", ""2359"", ""2360"", ""2363"", ""2368"", ""2369"", ""2375"", ""2377"", ""2382"", ""2387"", ""2392"", ""2395"", ""2404"", ""2406"", ""2408"", ""2409"", ""2413"", ""2421"", ""2425"", ""2426"", ""2434"", ""2436"", ""2438"", ""2449"", ""2451"", ""2454"", ""2455"", ""2464"", ""2465"", ""2467"", ""2468"", ""2472"", ""2478"", ""2481"", ""2483"", ""2484"", ""2486"", ""2489"", ""2491"", ""2492"", ""2493"", ""2496"", ""2520"", ""2542"", ""2546"", ""2548"", ""2601"", ""2603"", ""2610"", ""2615"", ""2618"", ""2630"", ""2633"", ""2634"", ""2645"", ""2723"", ""2739"", ""2801"", ""2816"", ""2855"", ""2882"", ""2883"", ""2885"", ""2886"", ""2887"", ""2890"", ""2891"", ""2903"", ""2912"", ""2915"", ""2923"", ""3003"", ""3006"", ""3008"", ""3016"", ""3017"", ""3019"", ""3021"", ""3026"", ""3031"", ""3036"", ""3037"", ""3041"", ""3042"", ""3044"", ""3046"", ""3049"", ""3055"", ""3090"", ""3094"", ""3167"", ""3189"", ""3209"", ""3229"", ""3231"", ""3296"", ""3311"", ""3356"", ""3376"", ""3406"", ""3413"", ""3443"", ""3450"", ""3481"", ""3504"", ""3518"", ""3532"", ""3533"", ""3543"", ""3605"", ""3652"", ""3653"", ""3661"", ""3665"", ""3669"", ""3673"", ""3679"", ""3702"", ""3708"", ""3711"", ""3714"", ""3715"", ""3716"", ""3717"", ""4133"", ""4551"", ""4566"", ""4722"", ""4736"", ""4764"", ""4770"", ""4807"", ""4927"", ""4956"", ""4958"", ""4967"", ""4976"", ""4977"", ""4989"", ""5225"", ""5285"", ""5292"", ""5434"", ""5484"", ""5515"", ""5519"", ""5522"", ""5608"", ""5706"", ""5876"", ""6005"", ""6112"", ""6116"", ""6133"", ""6139"", ""6141"", ""6152"", ""6166"", ""6168"", ""6206"", ""6209"", ""6213"", ""6214"", ""6224"", ""6226"", ""6243"", ""6257"", ""6269"", ""6271"", ""6278"", ""6282"", ""6409"", ""6416"", ""6426"", ""6442"", ""6446"", ""6451"", ""6456"", ""6505"", ""6515"", ""6525"", ""6526"", ""6531"", ""6533"", ""6579"", ""6589"", ""6668"", ""6669"", ""6672"", ""6689"", ""6691"", ""6706"", ""6715"", ""6742"", ""6753"", ""6770"", ""6782"", ""6805"", ""6830"", ""6834"", ""6861"", ""6863"", ""6869"", ""6885"", ""6902"", ""6906"", ""6909"", ""6924"", ""6933"", ""6949"", ""6969"", ""7610"", ""7711"", ""7722"", ""7730"", ""7749"", ""7768"", ""7769"", ""7788"", ""7795"", ""7799"", ""8021"", ""8028"", ""8033"", ""8039"", ""8046"", ""8070"", ""8103"", ""8110"", ""8112"", ""8150"", ""8261"", ""8454"", ""8996"", ""9904"", ""9914"", ""9921"", ""9945""]",2026-10-01
合庫,216,88,32297.0,2221.2,"[""1218"", ""1301"", ""1303"", ""1504"", ""1560"", ""1713"", ""1815"", ""2059"", ""2103"", ""2313"", ""2327"", ""2330"", ""2353"", ""2357"", ""2360"", ""2368"", ""2376"", ""2379"", ""2382"", ""2387"", ""2392"", ""2395"", ""2404"", ""2408"", ""2421"", ""2426"", ""2438"", ""2449"", ""2454"", ""2455"", ""2464"", ""2468"", ""2484"", ""2542"", ""2603"", ""2615"", ""2618"", ""2633"", ""2739"", ""2883"", ""3008"", ""3016"", ""3026"", ""3036"", ""3037"", ""3044"", ""3081"", ""3147"", ""3167"", ""3231"", ""3296"", ""3324"", ""3374"", ""3434"", ""3441"", ""3481"", ""3504"", ""3529"", ""3533"", ""3605"", ""3653"", ""3665"", ""3675"", ""3702"", ""3708"", ""3711"", ""4133"", ""4416"", ""4542"", ""4566"", ""4722"", ""4736"", ""4770"", ""4973"", ""5225"", ""5285"", ""5314"", ""5347"", ""5464"", ""5475"", ""5519"", ""5522"", ""5706"", ""6116"", ""6147"", ""6173"", ""6182"", ""6187"", ""6223"", ""6231"", ""6259"", ""6274"", ""6279"", ""6409"", ""6446"", ""6456"", ""6488"", ""6510"", ""6515"", ""6640"", ""6669"", ""6672"", ""6683"", ""6690"", ""6691"", ""6706"", ""6716"", ""6733"", ""6770"", ""6811"", ""6829"", ""6909"", ""6919"", ""6925"", ""7765"", ""8033"", ""8039"", ""8046"", ""8050"", ""8076"", ""8110"", ""8996"", ""9904""]",2026-10-01
合庫三重,32,11,1425.3,305.1,"[""1528"", ""1785"", ""2301"", ""2368"", ""2449"", ""2483"", ""2492"", ""3229"", ""3311"", ""3413"", ""3498"", ""3708"", ""4735"", ""4736"", ""4772"", ""5515"", ""6179"", ""6209"", ""6213"", ""6526"", ""6588"", ""6668"", ""6690"", ""6693"", ""6770"", ""8076"", ""8261""]",2026-10-01
合庫台中,129,50,4889.6,1058.9,"[""1519"", ""1569"", ""1709"", ""1712"", ""1727"", ""2010"", ""2069"", ""2305"", ""2313"", ""2317"", ""2338"", ""2342"", ""2351"", ""2352"", ""2363"", ""2387"", ""2388"", ""2413"", ""2451"", ""2467"", ""2484"", ""2493"", ""2542"", ""2645"", ""2882"", ""3026"", ""3209"", ""3234"", ""3260"", ""3297"", ""3356"", ""3374"", ""3490"", ""3543"", ""3691"", ""3707"", ""3708"", ""4416"", ""4551"", ""4556"", ""4908"", ""4958"", ""4973"", ""4976"", ""5291"", ""5299"", ""5351"", ""5371"", ""5425"", ""5464"", ""5475"", ""5515"", ""5519"", ""6152"", ""6166"", ""6175"", ""6207"", ""6225"", ""6243"", ""6272"", ""6442"", ""6505"", ""6579"", ""6584"", ""6588"", ""6589"", ""6620"", ""6668"", ""6706"", ""6715"", ""6885"", ""6906"", ""6945"", ""7799"", ""7842"", ""8038"", ""8039"", ""8042"", ""8043"", ""8076"", ""8084"", ""8085"", ""8111"", ""8182"", ""8261"", ""9907""]",2026-10-01
合庫台南,72,24,1928.0,288.6,"[""1409"", ""1608"", ""1612"", ""1709"", ""1712"", ""2020"", ""2025"", ""2059"", ""2241"", ""2404"", ""2425"", ""2426"", ""2455"", ""2493"", ""2633"", ""2883"", ""3021"", ""3037"", ""3055"", ""3105"", ""3264"", ""3362"", ""3406"", ""3467"", ""3577"", ""3679"", ""3693"", ""4133"", ""4556"", ""4736"", ""5225"", ""5285"", ""5291"", ""5706"", ""6023"", ""6225"", ""6245"", ""6443"", ""6505"", ""6538"", ""6584"", ""6617"", ""6739"", ""6770"", ""6829"", ""6861"", ""6933"", ""7772"", ""7795"", ""7825"", ""7842"", ""8043"", ""8076"", ""8227"", ""8383"", ""8937""]",2026-10-01
合庫嘉義,51,14,1494.8,297.3,"[""1314"", ""1519"", ""1526"", ""1721"", ""2031"", ""2049"", ""2241"", ""2332"", ""2342"", ""2387"", ""2404"", ""2413"", ""2434"", ""2816"", ""3388"", ""3441"", ""3669"", ""3708"", ""4171"", ""4416"", ""4540"", ""4939"", ""4956"", ""5225"", ""5386"", ""5519"", ""5522"", ""6152"", ""6217"", ""6640"", ""6668"", ""6669"", ""6691"", ""6693"", ""6715"", ""6733"", ""6933"", ""7792"", ""8103"", ""8431""]",2026-10-01
合庫基隆,29,10,1076.3,191.7,"[""1608"", ""2337"", ""2363"", ""2368"", ""3413"", ""3707"", ""3708"", ""3715"", ""4133"", ""4556"", ""4772"", ""4927"", ""5289"", ""5522"", ""5608"", ""6147"", ""6182"", ""6226"", ""6588"", ""6672"", ""6690"", ""8431"", ""9904""]",2026-10-01
合庫彰化,61,17,2134.9,182.2,"[""1409"", ""1526"", ""1569"", ""1608"", ""1612"", ""1718"", ""2387"", ""2426"", ""2434"", ""2491"", ""2887"", ""2890"", ""3229"", ""3363"", ""3504"", ""3508"", ""3520"", ""3529"", ""3709"", ""4768"", ""4939"", ""4976"", ""5202"", ""5328"", ""6226"", ""6243"", ""6668"", ""6902"", ""7722"", ""8039"", ""8042"", ""8070"", ""8110"", ""8111"", ""9904""]",2026-10-01
合庫新竹,48,18,1934.5,404.4,"[""1513"", ""2413"", ""2464"", ""2481"", ""2493"", ""2816"", ""3017"", ""3037"", ""3081"", ""3209"", ""3605"", ""3693"", ""4510"", ""4556"", ""4927"", ""4931"", ""5291"", ""5475"", ""5522"", ""5706"", ""6005"", ""6179"", ""6207"", ""6213"", ""6589"", ""6672"", ""6683"", ""6907"", ""6933"", ""7788"", ""8033"", ""8038"", ""8064"", ""8076""]",2026-10-01
合庫桃園,62,24,2135.1,338.7,"[""1303"", ""1503"", ""1519"", ""1815"", ""2010"", ""2020"", ""2059"", ""2204"", ""2337"", ""2395"", ""2408"", ""2413"", ""2434"", ""2464"", ""2478"", ""2816"", ""2915"", ""3026"", ""3264"", ""3317"", ""3354"", ""3362"", ""3455"", ""3529"", ""3680"", ""3693"", ""3707"", ""3708"", ""4736"", ""5292"", ""5314"", ""5706"", ""6112"", ""6148"", ""6173"", ""6218"", ""6226"", ""6227"", ""6416"", ""6584"", ""6770"", ""6829"", ""7711"", ""7825"", ""8028"", ""8111"", ""8150"", ""8227"", ""8454""]",2026-10-01
合庫自強,95,33,3355.2,417.5,"[""1802"", ""1809"", ""2059"", ""2332"", ""2337"", ""2347"", ""2351"", ""2357"", ""2375"", ""2399"", ""2425"", ""2438"", ""2464"", ""2465"", ""2484"", ""2633"", ""2634"", ""2801"", ""2886"", ""3006"", ""3017"", ""3037"", ""3042"", ""3055"", ""3264"", ""3324"", ""3441"", ""3455"", ""3520"", ""3605"", ""3669"", ""3679"", ""4169"", ""4171"", ""4542"", ""4566"", ""4768"", ""4967"", ""4973"", ""4991"", ""5202"", ""5328"", ""5351"", ""5386"", ""5434"", ""5519"", ""5706"", ""6023"", ""6141"", ""6179"", ""6204"", ""6209"", ""6279"", ""6446"", ""6531"", ""6538"", ""6589"", ""6617"", ""6640"", ""6672"", ""6693"", ""6715"", ""6805"", ""6869"", ""6906"", ""6907"", ""6909"", ""6925"", ""7711"", ""8028"", ""8033"", ""8084"", ""8103"", ""8358"", ""9904"", ""9914""]",2026-10-01
合庫西台,50,20,8550.3,1109.2,"[""1303"", ""1727"", ""2344"", ""2351"", ""2353"", ""2387"", ""2408"", ""2426"", ""2449"", ""2472"", ""2601"", ""2630"", ""2883"", ""3026"", ""3037"", ""3046"", ""3356"", ""3450"", ""3605"", ""3661"", ""3669"", ""3711"", ""3717"", ""5706"", ""6209"", ""6225"", ""6869"", ""6902"", ""6933"", ""9941""]",2026-10-01
合庫西台中,32,13,1415.0,402.5,"[""3105"", ""3141"", ""3354"", ""3374"", ""3508"", ""3564"", ""4772"", ""4973"", ""5351"", ""5475"", ""5483"", ""6148"", ""6173"", ""6175"", ""6265"", ""6588"", ""6640"", ""6690"", ""6716"", ""7717"", ""8038"", ""8084"", ""8227""]",2026-10-01
合庫高雄,142,59,12682.7,1627.2,"[""1218"", ""1301"", ""1326"", ""1569"", ""2010"", ""2031"", ""2069"", ""2327"", ""2363"", ""2406"", ""2408"", ""2409"", ""2421"", ""2436"", ""2449"", ""2481"", ""2492"", ""2496"", ""2615"", ""2645"", ""2855"", ""2887"", ""3026"", ""3081"", ""3211"", ""3264"", ""3356"", ""3357"", ""3362"", ""3363"", ""3443"", ""3498"", ""3577"", ""3605"", ""3624"", ""3679"", ""3693"", ""3707"", ""3708"", ""4416"", ""4542"", ""4707"", ""4939"", ""4971"", ""4973"", ""4976"", ""4979"", ""5312"", ""5328"", ""5450"", ""5475"", ""5519"", ""6148"", ""6173"", ""6221"", ""6226"", ""6259"", ""6274"", ""6291"", ""6456"", ""6526"", ""6538"", ""6584"", ""6588"", ""6733"", ""6829"", ""6869"", ""6907"", ""6909"", ""6925"", ""6933"", ""7711"", ""7792"", ""7795"", ""8033"", ""8039"", ""8043"", ""8070"", ""8084"", ""8093"", ""8111"", ""8358"", ""8996"", ""9904"", ""9907""]",2026-10-01
合庫鳳山,46,17,2501.7,541.8,"[""1303"", ""1423"", ""1608"", ""1713"", ""2031"", ""2061"", ""2342"", ""2413"", ""2434"", ""2633"", ""2887"", ""3021"", ""3041"", ""3090"", ""3147"", ""3211"", ""3406"", ""3717"", ""4556"", ""4956"", ""4971"", ""5225"", ""5706"", ""6226"", ""6231"", ""6245"", ""6525"", ""6533"", ""6829"", ""6924"", ""6933"", ""7751"", ""7777"", ""8027"", ""9904""]",2026-10-01
國泰台中,621,320,75699.7,25333.7,"[""1301"", ""1303"", ""1312"", ""1314"", ""1326"", ""1423"", ""1504"", ""1513"", ""1514"", ""1519"", ""1526"", ""1528"", ""1569"", ""1608"", ""1612"", ""1709"", ""1718"", ""1721"", ""1785"", ""1802"", ""2010"", ""2025"", ""2030"", ""2031"", ""2069"", ""2070"", ""2103"", ""2221"", ""2301"", ""2303"", ""2305"", ""2308"", ""2313"", ""2327"", ""2330"", ""2332"", ""2337"", ""2338"", ""2344"", ""2351"", ""2368"", ""2375"", ""2376"", ""2379"", ""2387"", ""2392"", ""2408"", ""2409"", ""2426"", ""2434"", ""2436"", ""2449"", ""2454"", ""2455"", ""2464"", ""2472"", ""2478"", ""2481"", ""2484"", ""2489"", ""2492"", ""2496"", ""2546"", ""2548"", ""2610"", ""2615"", ""2633"", ""2634"", ""2723"", ""2816"", ""2880"", ""3008"", ""3016"", ""3018"", ""3021"", ""3026"", ""3037"", ""3041"", ""3042"", ""3049"", ""3055"", ""3081"", ""3090"", ""3105"", ""3141"", ""3147"", ""3163"", ""3167"", ""3189"", ""3211"", ""3234"", ""3264"", ""3296"", ""3297"", ""3311"", ""3317"", ""3324"", ""3354"", ""3356"", ""3362"", ""3374"", ""3441"", ""3450"", ""3455"", ""3467"", ""3481"", ""3520"", ""3529"", ""3532"", ""3577"", ""3605"", ""3624"", ""3661"", ""3665"", ""3675"", ""3679"", ""3680"", ""3693"", ""3707"", ""4133"", ""4171"", ""4416"", ""4510"", ""4542"", ""4551"", ""4556"", ""4566"", ""4577"", ""4707"", ""4736"", ""4764"", ""4908"", ""4919"", ""4931"", ""4939"", ""4949"", ""4956"", ""4958"", ""4967"", ""4971"", ""4973"", ""4976"", ""4991"", ""5202"", ""5225"", ""5251"", ""5299"", ""5309"", ""5314"", ""5328"", ""5351"", ""5386"", ""5425"", ""5443"", ""5450"", ""5464"", ""5475"", ""5483"", ""5484"", ""5498"", ""5522"", ""5706"", ""5904"", ""6005"", ""6116"", ""6147"", ""6148"", ""6166"", ""6173"", ""6175"", ""6179"", ""6182"", ""6187"", ""6207"", ""6209"", ""6213"", ""6217"", ""6223"", ""6225"", ""6226"", ""6227"", ""6243"", ""6244"", ""6245"", ""6259"", ""6271"", ""6274"", ""6279"", ""6282"", ""6291"", ""6442"", ""6451"", ""6456"", ""6488"", ""6505"", ""6525"", ""6579"", ""6584"", ""6588"", ""6589"", ""6590"", ""6617"", ""6640"", ""6668"", ""6669"", ""6672"", ""6683"", ""6690"", ""6691"", ""6693"", ""6706"", ""6712"", ""6715"", ""6727"", ""6753"", ""6770"", ""6829"", ""6861"", ""6869"", ""6885"", ""6902"", ""6906"", ""6907"", ""6924"", ""6925"", ""6945"", ""6969"", ""7714"", ""7717"", ""7722"", ""7768"", ""7772"", ""7788"", ""7795"", ""7799"", ""7825"", ""7828"", ""8027"", ""8028"", ""8033"", ""8038"", ""8039"", ""8040"", ""8042"", ""8043"", ""8046"", ""8050"", ""8064"", ""8069"", ""8084"", ""8093"", ""8150"", ""8182"", ""8227"", ""8261"", ""8358"", ""8454"", ""8996"", ""9904"", ""9914"", ""9945""]",2026-10-01
國泰台南,171,61,6032.4,1121.9,"[""1423"", ""1519"", ""1528"", ""1605"", ""1709"", ""1713"", ""1718"", ""1809"", ""2010"", ""2025"", ""2027"", ""2031"", ""2069"", ""2305"", ""2317"", ""2340"", ""2342"", ""2395"", ""2421"", ""2436"", ""2465"", ""2472"", ""2492"", ""2618"", ""2739"", ""2887"", ""2915"", ""3006"", ""3018"", ""3021"", ""3081"", ""3090"", ""3147"", ""3211"", ""3227"", ""3234"", ""3296"", ""3297"", ""3450"", ""3481"", ""3508"", ""3543"", ""3564"", ""3577"", ""3669"", ""3679"", ""3693"", ""3707"", ""4169"", ""4556"", ""4577"", ""4768"", ""4958"", ""4973"", ""4977"", ""4979"", ""5202"", ""5225"", ""5251"", ""5289"", ""5291"", ""5292"", ""5347"", ""5475"", ""5484"", ""5498"", ""5519"", ""6116"", ""6147"", ""6182"", ""6207"", ""6227"", ""6244"", ""6245"", ""6279"", ""6456"", ""6526"", ""6533"", ""6538"", ""6588"", ""6620"", ""6640"", ""6691"", ""6733"", ""6739"", ""6770"", ""6829"", ""6830"", ""6834"", ""6907"", ""6945"", ""7722"", ""7730"", ""8033"", ""8043"", ""8046"", ""8054"", ""8096"", ""8110"", ""8150"", ""8182"", ""9904"", ""9914""]",2026-10-01
國泰忠孝,126,46,6336.2,1325.9,"[""1303"", ""1504"", ""1709"", ""2010"", ""2061"", ""2337"", ""2368"", ""2387"", ""2392"", ""2408"", ""2413"", ""2425"", ""2546"", ""2618"", ""2739"", ""3018"", ""3036"", ""3037"", ""3081"", ""3114"", ""3147"", ""3163"", ""3167"", ""3227"", ""3296"", ""3297"", ""3311"", ""3441"", ""3443"", ""3444"", ""3498"", ""3508"", ""3529"", ""3533"", ""3624"", ""3664"", ""3675"", ""3679"", ""3680"", ""3708"", ""4416"", ""4735"", ""4908"", ""4924"", ""4931"", ""4956"", ""4991"", ""5328"", ""5347"", ""5443"", ""5515"", ""5519"", ""5706"", ""6023"", ""6026"", ""6147"", ""6173"", ""6182"", ""6207"", ""6213"", ""6227"", ""6279"", ""6290"", ""6488"", ""6588"", ""6589"", ""6668"", ""6672"", ""6683"", ""6706"", ""6715"", ""6727"", ""6770"", ""6907"", ""7610"", ""7792"", ""7795"", ""7799"", ""8033"", ""8050"", ""8085"", ""8103"", ""8150"", ""8261"", ""8996"", ""9933""]",2026-10-01
國泰敦南,2073,1085,451739.5,137875.8,"[""1301"", ""1303"", ""1307"", ""1312"", ""1326"", ""1339"", ""1409"", ""1423"", ""1446"", ""1503"", ""1504"", ""1513"", ""1514"", ""1519"", ""1526"", ""1528"", ""1560"", ""1597"", ""1605"", ""1608"", ""1612"", ""1709"", ""1713"", ""1718"", ""1727"", ""1785"", ""1802"", ""1809"", ""1810"", ""1815"", ""2010"", ""2020"", ""2025"", ""2027"", ""2030"", ""2031"", ""2033"", ""2049"", ""2059"", ""2061"", ""2069"", ""2204"", ""2221"", ""2241"", ""2254"", ""2301"", ""2303"", ""2305"", ""2308"", ""2312"", ""2313"", ""2317"", ""2324"", ""2327"", ""2330"", ""2332"", ""2337"", ""2338"", ""2340"", ""2342"", ""2344"", ""2347"", ""2351"", ""2352"", ""2353"", ""2357"", ""2359"", ""2360"", ""2363"", ""2368"", ""2369"", ""2375"", ""2377"", ""2379"", ""2382"", ""2387"", ""2388"", ""2392"", ""2395"", ""2404"", ""2406"", ""2408"", ""2409"", ""2413"", ""2421"", ""2425"", ""2426"", ""2434"", ""2436"", ""2449"", ""2454"", ""2455"", ""2464"", ""2465"", ""2467"", ""2468"", ""2472"", ""2478"", ""2481"", ""2483"", ""2484"", ""2489"", ""2491"", ""2492"", ""2493"", ""2496"", ""2542"", ""2546"", ""2548"", ""2601"", ""2603"", ""2615"", ""2618"", ""2630"", ""2633"", ""2634"", ""2645"", ""2723"", ""2739"", ""2801"", ""2816"", ""2855"", ""2882"", ""2883"", ""2887"", ""2890"", ""2891"", ""2915"", ""3006"", ""3008"", ""3016"", ""3017"", ""3018"", ""3019"", ""3021"", ""3026"", ""3036"", ""3037"", ""3041"", ""3042"", ""3044"", ""3048"", ""3049"", ""3055"", ""3081"", ""3090"", ""3094"", ""3105"", ""3114"", ""3141"", ""3147"", ""3152"", ""3162"", ""3163"", ""3167"", ""3189"", ""3209"", ""3211"", ""3219"", ""3227"", ""3229"", ""3231"", ""3234"", ""3260"", ""3264"", ""3293"", ""3296"", ""3297"", ""3305"", ""3311"", ""3324"", ""3339"", ""3354"", ""3356"", ""3357"", ""3362"", ""3363"", ""3374"", ""3376"", ""3388"", ""3406"", ""3413"", ""3434"", ""3437"", ""3441"", ""3443"", ""3444"", ""3450"", ""3455"", ""3467"", ""3481"", ""3498"", ""3504"", ""3508"", ""3529"", ""3532"", ""3533"", ""3543"", ""3564"", ""3577"", ""3605"", ""3624"", ""3653"", ""3661"", ""3664"", ""3665"", ""3669"", ""3675"", ""3679"", ""3680"", ""3685"", ""3691"", ""3693"", ""3702"", ""3707"", ""3708"", ""3709"", ""3711"", ""3715"", ""3716"", ""3717"", ""4133"", ""4169"", ""4171"", ""4174"", ""4416"", ""4540"", ""4541"", ""4542"", ""4551"", ""4556"", ""4566"", ""4577"", ""4707"", ""4736"", ""4764"", ""4768"", ""4770"", ""4772"", ""4903"", ""4908"", ""4919"", ""4923"", ""4931"", ""4939"", ""4956"", ""4958"", ""4967"", ""4971"", ""4973"", ""4976"", ""4977"", ""4979"", ""4989"", ""4991"", ""5202"", ""5225"", ""5230"", ""5251"", ""5274"", ""5285"", ""5289"", ""5291"", ""5292"", ""5299"", ""5312"", ""5314"", ""5328"", ""5347"", ""5351"", ""5371"", ""5386"", ""5425"", ""5443"", ""5450"", ""5464"", ""5475"", ""5483"", ""5484"", ""5498"", ""5515"", ""5519"", ""5522"", ""5608"", ""5706"", ""5904"", ""6005"", ""6023"", ""6116"", ""6121"", ""6139"", ""6147"", ""6148"", ""6152"", ""6166"", ""6168"", ""6173"", ""6175"", ""6179"", ""6182"", ""6187"", ""6199"", ""6204"", ""6206"", ""6207"", ""6209"", ""6213"", ""6217"", ""6218"", ""6223"", ""6224"", ""6225"", ""6226"", ""6227"", ""6231"", ""6243"", ""6244"", ""6259"", ""6271"", ""6272"", ""6274"", ""6278"", ""6279"", ""6282"", ""6290"", ""6291"", ""6409"", ""6416"", ""6426"", ""6442"", ""6446"", ""6451"", ""6456"", ""6461"", ""6472"", ""6488"", ""6505"", ""6510"", ""6515"", ""6525"", ""6526"", ""6533"", ""6538"", ""6547"", ""6577"", ""6579"", ""6584"", ""6588"", ""6589"", ""6590"", ""6617"", ""6620"", ""6640"", ""6643"", ""6668"", ""6669"", ""6672"", ""6683"", ""6689"", ""6690"", ""6691"", ""6693"", ""6706"", ""6715"", ""6716"", ""6727"", ""6733"", ""6739"", ""6742"", ""6753"", ""6770"", ""6805"", ""6811"", ""6829"", ""6830"", ""6834"", ""6861"", ""6863"", ""6869"", ""6885"", ""6906"", ""6907"", ""6909"", ""6919"", ""6924"", ""6925"", ""6933"", ""6945"", ""6949"", ""6969"", ""7711"", ""7714"", ""7717"", ""7722"", ""7730"", ""7751"", ""7765"", ""7768"", ""7769"", ""7772"", ""7788"", ""7792"", ""7795"", ""7799"", ""7828"", ""7842"", ""8021"", ""8027"", ""8028"", ""8033"", ""8038"", ""8039"", ""8040"", ""8042"", ""8043"", ""8046"", ""8050"", ""8064"", ""8069"", ""8070"", ""8076"", ""8084"", ""8085"", ""8096"", ""8103"", ""8110"", ""8111"", ""8150"", ""8182"", ""8227"", ""8261"", ""8358"", ""8374"", ""8383"", ""8431"", ""8454"", ""8996"", ""9904"", ""9914"", ""9945""]",2026-10-01
國泰新竹,21,8,556.0,54.7,"[""1423"", ""2033"", ""2221"", ""2241"", ""3042"", ""3219"", ""3234"", ""3311"", ""3717"", ""5291"", ""6225"", ""6291"", ""6426"", ""6533"", ""6538"", ""6716"", ""7788"", ""7792"", ""7828"", ""8937""]",2026-10-01
國泰新莊,98,38,3187.3,784.4,"[""1218"", ""1503"", ""1526"", ""1608"", ""1802"", ""2010"", ""2020"", ""2305"", ""2338"", ""2340"", ""2351"", ""2359"", ""2478"", ""2546"", ""2723"", ""2883"", ""3008"", ""3018"", ""3031"", ""3049"", ""3081"", ""3211"", ""3324"", ""3362"", ""3376"", ""3434"", ""3481"", ""3540"", ""3624"", ""3664"", ""3679"", ""3693"", ""3709"", ""4133"", ""4169"", ""4556"", ""4976"", ""5202"", ""5251"", ""5289"", ""5328"", ""5519"", ""5522"", ""5608"", ""6112"", ""6166"", ""6173"", ""6182"", ""6187"", ""6207"", ""6442"", ""6579"", ""6584"", ""6589"", ""6672"", ""6716"", ""6805"", ""6869"", ""8033"", ""8042"", ""8046"", ""8093"", ""8150"", ""9904"", ""9914"", ""9933"", ""9945""]",2026-10-01
國泰松江,198,93,15043.8,3379.4,"[""1303"", ""1409"", ""1513"", ""1519"", ""1709"", ""1785"", ""2010"", ""2301"", ""2303"", ""2305"", ""2342"", ""2344"", ""2351"", ""2359"", ""2360"", ""2363"", ""2377"", ""2382"", ""2395"", ""2449"", ""2454"", ""2484"", ""2492"", ""2493"", ""2546"", ""2601"", ""2615"", ""2618"", ""2633"", ""2801"", ""2816"", ""2855"", ""2880"", ""2886"", ""2891"", ""3006"", ""3008"", ""3018"", ""3026"", ""3042"", ""3049"", ""3090"", ""3094"", ""3163"", ""3211"", ""3260"", ""3296"", ""3297"", ""3357"", ""3362"", ""3388"", ""3406"", ""3441"", ""3481"", ""3498"", ""3529"", ""3624"", ""3653"", ""3661"", ""3665"", ""3669"", ""3679"", ""3680"", ""3693"", ""3711"", ""4169"", ""4551"", ""4566"", ""4956"", ""4958"", ""4976"", ""4977"", ""5225"", ""5285"", ""5289"", ""5291"", ""5328"", ""5371"", ""5450"", ""5483"", ""5519"", ""5522"", ""6005"", ""6147"", ""6148"", ""6152"", ""6168"", ""6182"", ""6204"", ""6224"", ""6226"", ""6244"", ""6291"", ""6426"", ""6446"", ""6505"", ""6515"", ""6533"", ""6538"", ""6577"", ""6588"", ""6589"", ""6590"", ""6620"", ""6668"", ""6669"", ""6672"", ""6683"", ""6715"", ""6727"", ""6739"", ""6753"", ""6834"", ""6869"", ""6919"", ""6925"", ""6933"", ""7711"", ""7717"", ""7788"", ""7792"", ""7795"", ""7799"", ""7828"", ""8033"", ""8039"", ""8042"", ""8043"", ""8046"", ""8064"", ""8110"", ""8261"", ""8358""]",2026-10-01
國泰板橋,540,263,54012.6,17456.4,"[""1303"", ""1307"", ""1312"", ""1423"", ""1446"", ""1503"", ""1504"", ""1513"", ""1526"", ""1528"", ""1597"", ""1608"", ""1709"", ""1717"", ""1718"", ""1721"", ""1727"", ""1785"", ""1802"", ""2031"", ""2033"", ""2049"", ""2059"", ""2254"", ""2301"", ""2302"", ""2303"", ""2305"", ""2313"", ""2327"", ""2330"", ""2337"", ""2342"", ""2344"", ""2351"", ""2357"", ""2359"", ""2363"", ""2368"", ""2379"", ""2382"", ""2387"", ""2404"", ""2408"", ""2409"", ""2413"", ""2426"", ""2434"", ""2436"", ""2449"", ""2454"", ""2464"", ""2467"", ""2481"", ""2484"", ""2489"", ""2492"", ""2493"", ""2496"", ""2542"", ""2548"", ""2630"", ""2855"", ""2883"", ""2887"", ""2891"", ""2912"", ""3006"", ""3008"", ""3016"", ""3018"", ""3019"", ""3026"", ""3037"", ""3042"", ""3044"", ""3046"", ""3049"", ""3081"", ""3090"", ""3094"", ""3105"", ""3114"", ""3147"", ""3152"", ""3189"", ""3209"", ""3211"", ""3219"", ""3227"", ""3229"", ""3231"", ""3293"", ""3296"", ""3297"", ""3305"", ""3354"", ""3356"", ""3362"", ""3374"", ""3388"", ""3441"", ""3450"", ""3481"", ""3529"", ""3543"", ""3577"", ""3605"", ""3624"", ""3653"", ""3661"", ""3664"", ""3665"", ""3669"", ""3675"", ""3679"", ""3691"", ""3693"", ""3707"", ""3708"", ""3715"", ""3717"", ""4133"", ""4542"", ""4551"", ""4566"", ""4577"", ""4736"", ""4764"", ""4908"", ""4924"", ""4931"", ""4939"", ""4958"", ""4971"", ""4973"", ""4977"", ""4989"", ""4991"", ""5202"", ""5225"", ""5251"", ""5274"", ""5291"", ""5292"", ""5309"", ""5312"", ""5314"", ""5328"", ""5347"", ""5425"", ""5464"", ""5475"", ""5483"", ""5484"", ""5498"", ""5519"", ""5706"", ""6133"", ""6147"", ""6173"", ""6179"", ""6182"", ""6187"", ""6207"", ""6213"", ""6217"", ""6221"", ""6226"", ""6227"", ""6259"", ""6274"", ""6278"", ""6279"", ""6282"", ""6290"", ""6416"", ""6488"", ""6533"", ""6584"", ""6588"", ""6617"", ""6620"", ""6640"", ""6643"", ""6669"", ""6683"", ""6691"", ""6693"", ""6715"", ""6716"", ""6753"", ""6770"", ""6830"", ""6834"", ""6907"", ""6909"", ""6924"", ""6925"", ""6933"", ""6945"", ""6949"", ""7751"", ""7765"", ""7769"", ""7772"", ""7799"", ""7825"", ""7828"", ""8021"", ""8027"", ""8033"", ""8038"", ""8039"", ""8042"", ""8043"", ""8046"", ""8050"", ""8076"", ""8093"", ""8096"", ""8103"", ""8111"", ""8150"", ""8182"", ""8261"", ""8358"", ""8431"", ""8996"", ""9904""]",2026-10-01
國泰桃園,272,119,25078.9,5651.1,"[""1303"", ""1314"", ""1423"", ""1519"", ""1526"", ""1608"", ""1612"", ""1717"", ""1795"", ""1802"", ""1815"", ""2010"", ""2031"", ""2305"", ""2312"", ""2313"", ""2327"", ""2337"", ""2338"", ""2344"", ""2351"", ""2353"", ""2368"", ""2375"", ""2388"", ""2406"", ""2408"", ""2409"", ""2426"", ""2449"", ""2467"", ""2481"", ""2483"", ""2484"", ""2492"", ""2493"", ""2546"", ""2615"", ""2633"", ""2886"", ""2912"", ""3008"", ""3018"", ""3023"", ""3026"", ""3037"", ""3041"", ""3046"", ""3081"", ""3094"", ""3105"", ""3167"", ""3296"", ""3297"", ""3324"", ""3354"", ""3362"", ""3376"", ""3406"", ""3441"", ""3450"", ""3481"", ""3543"", ""3605"", ""3624"", ""3653"", ""3664"", ""3675"", ""3679"", ""3680"", ""3691"", ""3693"", ""4169"", ""4416"", ""4542"", ""4556"", ""4707"", ""4768"", ""4772"", ""4931"", ""4939"", ""4956"", ""4958"", ""4971"", ""4973"", ""4976"", ""5251"", ""5312"", ""5328"", ""5425"", ""5450"", ""5464"", ""5475"", ""5522"", ""5706"", ""6026"", ""6116"", ""6148"", ""6166"", ""6173"", ""6179"", ""6182"", ""6190"", ""6207"", ""6213"", ""6224"", ""6225"", ""6226"", ""6259"", ""6272"", ""6279"", ""6282"", ""6416"", ""6461"", ""6488"", ""6515"", ""6533"", ""6538"", ""6577"", ""6617"", ""6620"", ""6640"", ""6672"", ""6691"", ""6706"", ""6716"", ""6727"", ""6733"", ""6829"", ""6907"", ""6919"", ""6933"", ""6945"", ""7772"", ""7825"", ""8027"", ""8028"", ""8033"", ""8038"", ""8039"", ""8042"", ""8043"", ""8046"", ""8050"", ""8110"", ""8150"", ""8358"", ""8374"", ""8937"", ""9904"", ""9945""]",2026-10-01
國泰綜合,1235,461,414199.5,41796.2,"[""1301"", ""1303"", ""1326"", ""1409"", ""1504"", ""1514"", ""1560"", ""1569"", ""1608"", ""1612"", ""1709"", ""1713"", ""1727"", ""1785"", ""1802"", ""1809"", ""1815"", ""2030"", ""2031"", ""2049"", ""2059"", ""2103"", ""2221"", ""2301"", ""2303"", ""2305"", ""2308"", ""2312"", ""2313"", ""2317"", ""2324"", ""2327"", ""2330"", ""2337"", ""2344"", ""2347"", ""2351"", ""2357"", ""2359"", ""2360"", ""2363"", ""2368"", ""2376"", ""2377"", ""2379"", ""2382"", ""2388"", ""2395"", ""2404"", ""2408"", ""2409"", ""2421"", ""2426"", ""2449"", ""2454"", ""2455"", ""2464"", ""2467"", ""2472"", ""2478"", ""2481"", ""2484"", ""2489"", ""2491"", ""2492"", ""2493"", ""2496"", ""2542"", ""2546"", ""2603"", ""2610"", ""2615"", ""2618"", ""2633"", ""2634"", ""2637"", ""2645"", ""2739"", ""2801"", ""2816"", ""2855"", ""2882"", ""2883"", ""2884"", ""2886"", ""2891"", ""2923"", ""3006"", ""3008"", ""3016"", ""3017"", ""3026"", ""3036"", ""3037"", ""3042"", ""3044"", ""3055"", ""3081"", ""3090"", ""3105"", ""3141"", ""3147"", ""3152"", ""3163"", ""3167"", ""3189"", ""3211"", ""3229"", ""3231"", ""3264"", ""3293"", ""3324"", ""3357"", ""3362"", ""3363"", ""3374"", ""3406"", ""3413"", ""3441"", ""3443"", ""3450"", ""3455"", ""3481"", ""3498"", ""3529"", ""3532"", ""3533"", ""3605"", ""3624"", ""3653"", ""3661"", ""3665"", ""3673"", ""3675"", ""3680"", ""3685"", ""3691"", ""3693"", ""3702"", ""3707"", ""3708"", ""3709"", ""3711"", ""3715"", ""4169"", ""4541"", ""4542"", ""4551"", ""4576"", ""4577"", ""4764"", ""4770"", ""4908"", ""4927"", ""4931"", ""4939"", ""4956"", ""4958"", ""4971"", ""4973"", ""4979"", ""5274"", ""5289"", ""5291"", ""5314"", ""5347"", ""5371"", ""5386"", ""5425"", ""5434"", ""5464"", ""5475"", ""5483"", ""5498"", ""5876"", ""6005"", ""6023"", ""6133"", ""6139"", ""6147"", ""6148"", ""6173"", ""6175"", ""6179"", ""6182"", ""6187"", ""6190"", ""6206"", ""6207"", ""6209"", ""6213"", ""6217"", ""6223"", ""6224"", ""6226"", ""6227"", ""6245"", ""6274"", ""6278"", ""6282"", ""6290"", ""6291"", ""6409"", ""6416"", ""6426"", ""6442"", ""6446"", ""6451"", ""6456"", ""6472"", ""6488"", ""6505"", ""6510"", ""6515"", ""6525"", ""6526"", ""6531"", ""6533"", ""6538"", ""6579"", ""6617"", ""6620"", ""6640"", ""6668"", ""6669"", ""6672"", ""6683"", ""6693"", ""6706"", ""6715"", ""6727"", ""6739"", ""6753"", ""6770"", ""6782"", ""6805"", ""6830"", ""6834"", ""6861"", ""6869"", ""6902"", ""6907"", ""6919"", ""6933"", ""6949"", ""7711"", ""7730"", ""7751"", ""7765"", ""7769"", ""7788"", ""7792"", ""7795"", ""7799"", ""7828"", ""8021"", ""8028"", ""8033"", ""8039"", ""8042"", ""8043"", ""8046"", ""8050"", ""8064"", ""8069"", ""8096"", ""8103"", ""8110"", ""8111"", ""8150"", ""8227"", ""8261"", ""8358"", ""8431"", ""8454"", ""8996"", ""9904"", ""9914"", ""9945""]",2026-10-01
國泰館前,369,185,26114.4,6373.6,"[""1312"", ""1314"", ""1409"", ""1514"", ""1528"", ""1608"", ""1709"", ""1717"", ""1727"", ""1815"", ""2010"", ""2031"", ""2103"", ""2204"", ""2305"", ""2312"", ""2313"", ""2327"", ""2330"", ""2340"", ""2344"", ""2351"", ""2359"", ""2360"", ""2387"", ""2392"", ""2395"", ""2409"", ""2413"", ""2426"", ""2434"", ""2444"", ""2449"", ""2464"", ""2467"", ""2481"", ""2484"", ""2489"", ""2492"", ""2493"", ""2542"", ""2546"", ""2601"", ""2615"", ""2633"", ""2634"", ""2645"", ""2801"", ""2816"", ""2891"", ""3016"", ""3017"", ""3018"", ""3021"", ""3026"", ""3037"", ""3041"", ""3049"", ""3055"", ""3081"", ""3105"", ""3162"", ""3163"", ""3167"", ""3189"", ""3209"", ""3211"", ""3219"", ""3227"", ""3229"", ""3234"", ""3293"", ""3296"", ""3297"", ""3305"", ""3324"", ""3356"", ""3374"", ""3413"", ""3441"", ""3450"", ""3455"", ""3481"", ""3498"", ""3529"", ""3540"", ""3543"", ""3564"", ""3605"", ""3624"", ""3653"", ""3661"", ""3664"", ""3675"", ""3679"", ""3680"", ""3691"", ""3693"", ""3708"", ""3717"", ""4169"", ""4174"", ""4416"", ""4542"", ""4551"", ""4566"", ""4577"", ""4707"", ""4736"", ""4764"", ""4772"", ""4931"", ""4939"", ""4956"", ""4958"", ""4971"", ""4989"", ""5225"", ""5251"", ""5285"", ""5299"", ""5309"", ""5328"", ""5371"", ""5386"", ""5434"", ""5443"", ""5475"", ""5483"", ""5484"", ""5515"", ""5519"", ""5522"", ""6005"", ""6026"", ""6116"", ""6147"", ""6148"", ""6168"", ""6173"", ""6175"", ""6179"", ""6182"", ""6187"", ""6213"", ""6217"", ""6223"", ""6225"", ""6227"", ""6244"", ""6245"", ""6274"", ""6278"", ""6279"", ""6282"", ""6416"", ""6426"", ""6446"", ""6456"", ""6461"", ""6488"", ""6525"", ""6538"", ""6577"", ""6584"", ""6589"", ""6590"", ""6617"", ""6620"", ""6640"", ""6643"", ""6669"", ""6672"", ""6689"", ""6690"", ""6691"", ""6693"", ""6706"", ""6739"", ""6805"", ""6829"", ""6830"", ""6834"", ""6869"", ""6907"", ""6919"", ""6925"", ""6933"", ""6945"", ""7717"", ""7722"", ""7751"", ""7772"", ""8021"", ""8027"", ""8033"", ""8038"", ""8039"", ""8050"", ""8096"", ""8103"", ""8111"", ""8150"", ""8358"", ""8431"", ""8996"", ""9904"", ""9914""]",2026-10-01
國泰高雄,229,98,17999.5,4060.3,"[""1409"", ""1423"", ""1503"", ""1504"", ""1514"", ""1528"", ""1608"", ""1612"", ""1713"", ""1717"", ""2020"", ""2030"", ""2033"", ""2069"", ""2204"", ""2221"", ""2241"", ""2254"", ""2302"", ""2303"", ""2313"", ""2327"", ""2332"", ""2337"", ""2352"", ""2387"", ""2388"", ""2395"", ""2404"", ""2408"", ""2409"", ""2413"", ""2426"", ""2434"", ""2464"", ""2467"", ""2492"", ""2496"", ""2546"", ""2601"", ""2816"", ""2887"", ""2923"", ""3006"", ""3016"", ""3021"", ""3046"", ""3090"", ""3105"", ""3162"", ""3163"", ""3296"", ""3297"", ""3317"", ""3324"", ""3354"", ""3356"", ""3374"", ""3388"", ""3434"", ""3481"", ""3508"", ""3520"", ""3532"", ""3543"", ""3624"", ""3679"", ""3693"", ""3707"", ""3708"", ""4133"", ""4556"", ""4736"", ""4764"", ""4919"", ""4931"", ""4967"", ""4971"", ""4989"", ""5202"", ""5225"", ""5251"", ""5291"", ""5314"", ""5450"", ""5515"", ""5519"", ""5608"", ""5706"", ""5876"", ""6116"", ""6139"", ""6148"", ""6168"", ""6182"", ""6225"", ""6226"", ""6243"", ""6265"", ""6274"", ""6279"", ""6291"", ""6426"", ""6446"", ""6472"", ""6488"", ""6515"", ""6584"", ""6588"", ""6640"", ""6669"", ""6683"", ""6690"", ""6712"", ""6742"", ""6770"", ""6830"", ""6969"", ""7765"", ""7792"", ""8033"", ""8039"", ""8042"", ""8043"", ""8046"", ""8064"", ""8084"", ""8085"", ""8110"", ""8150"", ""8383"", ""8454"", ""9904"", ""9907""]",2026-10-01
國票,179,87,12421.1,2492.4,"[""2070"", ""2221"", ""3081"", ""3162"", ""3163"", ""3211"", ""3219"", ""3234"", ""3236"", ""3324"", ""3357"", ""3362"", ""3374"", ""3434"", ""3441"", ""3444"", ""3455"", ""3467"", ""3491"", ""3498"", ""3564"", ""3577"", ""3594"", ""3624"", ""3675"", ""3693"", ""4542"", ""4556"", ""4577"", ""4768"", ""4908"", ""4931"", ""4939"", ""4971"", ""4973"", ""4979"", ""5312"", ""5314"", ""5328"", ""5347"", ""5386"", ""5425"", ""5443"", ""5483"", ""6121"", ""6147"", ""6173"", ""6175"", ""6182"", ""6187"", ""6190"", ""6199"", ""6204"", ""6207"", ""6218"", ""6221"", ""6223"", ""6244"", ""6274"", ""6279"", ""6488"", ""6510"", ""6538"", ""6577"", ""6590"", ""6617"", ""6620"", ""6640"", ""6683"", ""6690"", ""6693"", ""6716"", ""6727"", ""6739"", ""6811"", ""6829"", ""6907"", ""7714"", ""7717"", ""7751"", ""7772"", ""7792"", ""7828"", ""8043"", ""8050"", ""8064"", ""8076"", ""8093"", ""8096"", ""8182"", ""8358""]",2026-10-01
國票中和,75,26,4454.7,627.5,"[""1312"", ""1409"", ""1526"", ""1608"", ""1612"", ""1709"", ""1815"", ""2221"", ""2312"", ""2324"", ""2387"", ""2406"", ""2413"", ""2464"", ""2496"", ""3006"", ""3016"", ""3041"", ""3046"", ""3090"", ""3229"", ""3234"", ""3297"", ""3324"", ""3675"", ""3716"", ""3717"", ""4133"", ""4764"", ""4903"", ""4908"", ""4967"", ""4973"", ""5202"", ""5371"", ""5443"", ""5475"", ""5484"", ""6166"", ""6204"", ""6226"", ""6274"", ""6691"", ""6693"", ""6716"", ""6770"", ""6885"", ""7828"", ""8039"", ""9904""]",2026-10-01
國票中正,61,33,2657.5,1172.0,"[""1519"", ""1526"", ""1560"", ""2020"", ""2069"", ""2301"", ""2342"", ""2387"", ""2634"", ""3016"", ""3147"", ""3311"", ""3376"", ""3441"", ""3481"", ""3532"", ""3669"", ""3679"", ""3707"", ""4931"", ""5434"", ""5443"", ""5498"", ""5519"", ""6179"", ""6227"", ""6279"", ""6446"", ""6526"", ""6584"", ""6620"", ""6668"", ""6691"", ""6693"", ""6706"", ""6716"", ""6829"", ""6907"", ""6933"", ""7795"", ""7799""]",2026-10-01
國票中港,22,11,1010.4,361.4,"[""1301"", ""2312"", ""2363"", ""2484"", ""3081"", ""3450"", ""3564"", ""3675"", ""3707"", ""4908"", ""4979"", ""5351"", ""5443"", ""5706"", ""6446"", ""6753"", ""6834""]",2026-10-01
國票九鼎,119,55,5423.5,881.5,"[""1503"", ""1526"", ""1591"", ""1595"", ""1608"", ""1612"", ""2010"", ""2031"", ""2103"", ""2305"", ""2324"", ""2327"", ""2337"", ""2369"", ""2436"", ""2438"", ""2449"", ""2465"", ""2481"", ""2492"", ""2496"", ""2633"", ""3006"", ""3018"", ""3021"", ""3041"", ""3042"", ""3055"", ""3094"", ""3163"", ""3209"", ""3229"", ""3231"", ""3234"", ""3374"", ""3434"", ""3661"", ""3665"", ""3675"", ""3693"", ""3707"", ""3715"", ""4133"", ""4174"", ""4541"", ""4736"", ""4768"", ""4772"", ""4927"", ""4973"", ""4976"", ""5312"", ""5314"", ""5328"", ""5425"", ""5443"", ""5475"", ""5483"", ""5608"", ""5706"", ""6116"", ""6152"", ""6166"", ""6173"", ""6179"", ""6206"", ""6207"", ""6213"", ""6218"", ""6221"", ""6226"", ""6243"", ""6244"", ""6272"", ""6456"", ""6488"", ""6577"", ""6643"", ""6668"", ""6672"", ""6683"", ""6706"", ""6770"", ""6811"", ""6933"", ""6969"", ""7717"", ""7751"", ""7788"", ""7792"", ""8039"", ""8103"", ""8110"", ""8111"", ""8112"", ""8150"", ""9914""]",2026-10-01
國票內壢,23,8,489.2,176.0,"[""2103"", ""2392"", ""3021"", ""3081"", ""3234"", ""3311"", ""3324"", ""4735"", ""5309"", ""5706"", ""6291"", ""6443"", ""6588"", ""6909"", ""8039"", ""8076"", ""8084"", ""8996""]",2026-10-01
國票北投,50,9,1497.1,72.2,"[""1713"", ""1815"", ""2204"", ""2347"", ""2377"", ""2413"", ""2449"", ""3006"", ""3021"", ""3046"", ""3094"", ""3680"", ""4735"", ""4770"", ""4908"", ""4939"", ""4973"", ""5225"", ""5299"", ""5443"", ""5706"", ""6173"", ""6213"", ""6221"", ""6224"", ""6278"", ""6282"", ""6515"", ""6620"", ""6693"", ""6739"", ""6782"", ""7792"", ""8069"", ""8454"", ""9914""]",2026-10-01
國票北高,31,11,5999.3,296.8,"[""1301"", ""1519"", ""2059"", ""2352"", ""2353"", ""2382"", ""2387"", ""2421"", ""2449"", ""2455"", ""2465"", ""3090"", ""3167"", ""3231"", ""3406"", ""3450"", ""4566"", ""4967"", ""4989"", ""5225"", ""5285"", ""5515"", ""5519"", ""6533"", ""6906"", ""6909"", ""8039""]",2026-10-01
國票北高雄,31,15,2175.0,184.7,"[""3219"", ""3227"", ""3374"", ""3434"", ""4556"", ""4991"", ""5202"", ""5251"", ""5351"", ""5371"", ""6175"", ""6182"", ""6190"", ""6538"", ""6733"", ""6829"", ""6925"", ""8043"", ""8076"", ""8111"", ""8240""]",2026-10-01
國票南京,80,32,7178.3,2596.6,"[""1303"", ""1713"", ""2070"", ""2204"", ""2305"", ""2312"", ""2317"", ""2357"", ""2409"", ""2413"", ""2801"", ""2883"", ""3021"", ""3041"", ""3055"", ""3081"", ""3090"", ""3147"", ""3162"", ""3219"", ""3227"", ""3231"", ""3296"", ""3441"", ""3540"", ""3624"", ""3685"", ""3707"", ""4169"", ""4736"", ""4967"", ""5225"", ""5289"", ""5347"", ""5434"", ""5443"", ""5475"", ""6023"", ""6179"", ""6187"", ""6207"", ""6218"", ""6226"", ""6244"", ""6259"", ""6446"", ""6525"", ""6533"", ""6693"", ""6706"", ""6770"", ""6909"", ""6933"", ""7714"", ""7768"", ""8021"", ""8033"", ""8050"", ""8110"", ""8261"", ""8431""]",2026-10-01
國票南崁,52,15,2729.5,457.2,"[""1504"", ""1560"", ""1569"", ""2221"", ""2313"", ""2421"", ""2434"", ""2454"", ""2455"", ""2884"", ""3026"", ""3162"", ""3219"", ""3481"", ""3653"", ""3665"", ""3679"", ""3685"", ""4736"", ""4807"", ""4931"", ""4976"", ""4989"", ""5202"", ""5292"", ""5443"", ""5515"", ""5519"", ""6148"", ""6213"", ""6531"", ""6577"", ""6588"", ""6669"", ""6683"", ""6811"", ""7769"", ""8028"", ""8054"", ""8069"", ""8454""]",2026-10-01
國票南港,46,13,1975.2,439.7,"[""1423"", ""2049"", ""2241"", ""2312"", ""2338"", ""2351"", ""2368"", ""2409"", ""2465"", ""2492"", ""3041"", ""3163"", ""3297"", ""3362"", ""3504"", ""3653"", ""4169"", ""4736"", ""4764"", ""4908"", ""4927"", ""4989"", ""5299"", ""5443"", ""5475"", ""5876"", ""6005"", ""6213"", ""6279"", ""6525"", ""6727"", ""8431"", ""9945""]",2026-10-01
國票南科,41,11,1069.5,341.5,"[""1612"", ""2305"", ""2338"", ""2387"", ""2465"", ""2547"", ""2601"", ""2630"", ""3406"", ""3498"", ""3675"", ""3708"", ""4939"", ""4956"", ""4973"", ""5475"", ""5608"", ""6026"", ""6221"", ""6226"", ""6227"", ""6588"", ""6590"", ""6739"", ""6909"", ""7795"", ""8039"", ""8054"", ""8076""]",2026-10-01
國票博愛,120,59,10858.0,3119.8,"[""1303"", ""1409"", ""1514"", ""1591"", ""1612"", ""1727"", ""2027"", ""2031"", ""2069"", ""2221"", ""2301"", ""2332"", ""2351"", ""2352"", ""2363"", ""2379"", ""2404"", ""2406"", ""2409"", ""2426"", ""2454"", ""2484"", ""2489"", ""2633"", ""2634"", ""2816"", ""3019"", ""3021"", ""3037"", ""3041"", ""3055"", ""3081"", ""3105"", ""3211"", ""3296"", ""3362"", ""3406"", ""3441"", ""3504"", ""3520"", ""3529"", ""3605"", ""3673"", ""3675"", ""3709"", ""4542"", ""4556"", ""4764"", ""4924"", ""4931"", ""4939"", ""4973"", ""4976"", ""4977"", ""5291"", ""5464"", ""5475"", ""5483"", ""6147"", ""6190"", ""6213"", ""6243"", ""6245"", ""6278"", ""6279"", ""6446"", ""6515"", ""6579"", ""6620"", ""6668"", ""6672"", ""6712"", ""6770"", ""7751"", ""8039"", ""9933""]",2026-10-01
國票台中,106,44,16418.5,6632.7,"[""1326"", ""1810"", ""2031"", ""2103"", ""2254"", ""2303"", ""2305"", ""2327"", ""2375"", ""2455"", ""2464"", ""2615"", ""2739"", ""3006"", ""3016"", ""3026"", ""3037"", ""3041"", ""3055"", ""3081"", ""3090"", ""3105"", ""3163"", ""3167"", ""3189"", ""3324"", ""3363"", ""3406"", ""3443"", ""3450"", ""3481"", ""3529"", ""3624"", ""3675"", ""3715"", ""4133"", ""4416"", ""4736"", ""4939"", ""4977"", ""4979"", ""4989"", ""6152"", ""6173"", ""6179"", ""6182"", ""6187"", ""6225"", ""6274"", ""6456"", ""6488"", ""6515"", ""6693"", ""6906"", ""6919"", ""7768"", ""7792"", ""7828"", ""8039"", ""8996"", ""9914""]",2026-10-01
國票台南,55,16,4535.9,1040.3,"[""1409"", ""1503"", ""1709"", ""1785"", ""2059"", ""2070"", ""2305"", ""2327"", ""2332"", ""2360"", ""2369"", ""2387"", ""2409"", ""2436"", ""2630"", ""2883"", ""3260"", ""3529"", ""3577"", ""3605"", ""3653"", ""3680"", ""3708"", ""4556"", ""4566"", ""4736"", ""4908"", ""4958"", ""4973"", ""5443"", ""5475"", ""5498"", ""5706"", ""5904"", ""6187"", ""6510"", ""6588"", ""6590"", ""6668"", ""6683"", ""7711"", ""7772"", ""8033"", ""8039"", ""8050"", ""8076"", ""8996"", ""9914""]",2026-10-01
國票台東,25,5,757.5,86.5,"[""1528"", ""2312"", ""2338"", ""2468"", ""3356"", ""3441"", ""3520"", ""4169"", ""4958"", ""4967"", ""5312"", ""5519"", ""5608"", ""6590"", ""6669"", ""6691"", ""6861"", ""6906"", ""7765"", ""8076"", ""8454"", ""9914""]",2026-10-01
國票和平,51,19,1110.8,292.5,"[""1312"", ""1514"", ""1591"", ""1612"", ""2031"", ""2059"", ""2204"", ""2303"", ""2342"", ""2492"", ""2816"", ""3167"", ""3297"", ""3311"", ""3406"", ""3434"", ""3441"", ""3564"", ""3653"", ""4566"", ""5425"", ""5443"", ""5519"", ""6265"", ""6290"", ""6533"", ""6588"", ""6617"", ""6753"", ""6811"", ""6949"", ""7714"", ""7765"", ""8027""]",2026-10-01
國票嘉義,51,29,2080.1,616.4,"[""1301"", ""1612"", ""2010"", ""2221"", ""2313"", ""2342"", ""2413"", ""2455"", ""2484"", ""2816"", ""3055"", ""3296"", ""3441"", ""3532"", ""4169"", ""4566"", ""4956"", ""4973"", ""5314"", ""5351"", ""5475"", ""6166"", ""6173"", ""6182"", ""6217"", ""6226"", ""6446"", ""6533"", ""6538"", ""6620"", ""6689"", ""6715"", ""6829"", ""6906"", ""6933"", ""7825"", ""8021"", ""8043"", ""8182""]",2026-10-01
國票天祥,84,36,8779.7,446.0,"[""1303"", ""1326"", ""1519"", ""1612"", ""2020"", ""2363"", ""2368"", ""2408"", ""2426"", ""2464"", ""2481"", ""2496"", ""3008"", ""3021"", ""3026"", ""3042"", ""3081"", ""3189"", ""3374"", ""3376"", ""3406"", ""3443"", ""3504"", ""3529"", ""3624"", ""3653"", ""3661"", ""4576"", ""4958"", ""5202"", ""5450"", ""5522"", ""5706"", ""6147"", ""6166"", ""6173"", ""6182"", ""6207"", ""6274"", ""6279"", ""6426"", ""6442"", ""6515"", ""6617"", ""6620"", ""6683"", ""6906"", ""7788"", ""8039"", ""8046"", ""8996""]",2026-10-01
國票安和,700,338,221286.9,112847.8,"[""1301"", ""1303"", ""1312"", ""1326"", ""1409"", ""1569"", ""1608"", ""1612"", ""1709"", ""1713"", ""1727"", ""1815"", ""2031"", ""2033"", ""2059"", ""2221"", ""2241"", ""2254"", ""2301"", ""2303"", ""2305"", ""2313"", ""2324"", ""2327"", ""2337"", ""2338"", ""2344"", ""2351"", ""2352"", ""2353"", ""2357"", ""2360"", ""2363"", ""2368"", ""2388"", ""2392"", ""2404"", ""2406"", ""2408"", ""2409"", ""2426"", ""2434"", ""2449"", ""2454"", ""2455"", ""2464"", ""2467"", ""2468"", ""2472"", ""2478"", ""2481"", ""2484"", ""2486"", ""2491"", ""2492"", ""2493"", ""2542"", ""2546"", ""2634"", ""2816"", ""2887"", ""2891"", ""3006"", ""3008"", ""3016"", ""3017"", ""3019"", ""3026"", ""3036"", ""3037"", ""3042"", ""3044"", ""3055"", ""3081"", ""3090"", ""3094"", ""3105"", ""3141"", ""3147"", ""3162"", ""3163"", ""3167"", ""3189"", ""3211"", ""3229"", ""3231"", ""3234"", ""3260"", ""3264"", ""3296"", ""3297"", ""3357"", ""3363"", ""3374"", ""3376"", ""3406"", ""3441"", ""3443"", ""3450"", ""3455"", ""3481"", ""3529"", ""3532"", ""3543"", ""3605"", ""3624"", ""3653"", ""3665"", ""3685"", ""3691"", ""3693"", ""3711"", ""4416"", ""4540"", ""4551"", ""4556"", ""4735"", ""4764"", ""4770"", ""4908"", ""4927"", ""4931"", ""4939"", ""4956"", ""4958"", ""4967"", ""4971"", ""4977"", ""4979"", ""4989"", ""4991"", ""5225"", ""5274"", ""5289"", ""5309"", ""5314"", ""5328"", ""5347"", ""5371"", ""5425"", ""5475"", ""5483"", ""5706"", ""6116"", ""6139"", ""6147"", ""6148"", ""6166"", ""6173"", ""6179"", ""6182"", ""6187"", ""6190"", ""6199"", ""6207"", ""6213"", ""6217"", ""6218"", ""6224"", ""6226"", ""6227"", ""6274"", ""6278"", ""6282"", ""6290"", ""6409"", ""6426"", ""6442"", ""6446"", ""6451"", ""6456"", ""6488"", ""6505"", ""6510"", ""6525"", ""6533"", ""6538"", ""6617"", ""6669"", ""6683"", ""6693"", ""6715"", ""6727"", ""6739"", ""6770"", ""6805"", ""6811"", ""6829"", ""6830"", ""6861"", ""6863"", ""6907"", ""6919"", ""6933"", ""6949"", ""7730"", ""7749"", ""7751"", ""7772"", ""7788"", ""7795"", ""7799"", ""7828"", ""8021"", ""8039"", ""8042"", ""8043"", ""8046"", ""8064"", ""8076"", ""8096"", ""8103"", ""8110"", ""8111"", ""8150"", ""8227"", ""8261"", ""8358"", ""8431"", ""8996"", ""9904""]",2026-10-01
國票彰化,45,22,1299.7,591.1,"[""1312"", ""1339"", ""1569"", ""1810"", ""2025"", ""2816"", ""3041"", ""3055"", ""3066"", ""3081"", ""3357"", ""3388"", ""3441"", ""3444"", ""3467"", ""3543"", ""3680"", ""4908"", ""5314"", ""5328"", ""5443"", ""5475"", ""6168"", ""6173"", ""6227"", ""6538"", ""6617"", ""6739"", ""6902"", ""6907"", ""6933"", ""7730"", ""7769"", ""8028"", ""8042"", ""8085"", ""8150""]",2026-10-01
國票敦北,722,361,358987.1,167618.4,"[""1301"", ""1303"", ""1312"", ""1326"", ""1503"", ""1513"", ""1560"", ""1569"", ""1605"", ""1608"", ""1709"", ""1727"", ""1785"", ""1802"", ""1815"", ""2027"", ""2031"", ""2049"", ""2059"", ""2221"", ""2241"", ""2301"", ""2303"", ""2305"", ""2308"", ""2313"", ""2324"", ""2327"", ""2330"", ""2332"", ""2337"", ""2338"", ""2344"", ""2347"", ""2351"", ""2352"", ""2357"", ""2360"", ""2368"", ""2369"", ""2376"", ""2377"", ""2379"", ""2382"", ""2392"", ""2395"", ""2404"", ""2408"", ""2409"", ""2426"", ""2449"", ""2454"", ""2455"", ""2464"", ""2465"", ""2472"", ""2478"", ""2481"", ""2484"", ""2489"", ""2491"", ""2492"", ""2493"", ""2603"", ""2610"", ""2618"", ""2634"", ""2645"", ""2739"", ""2883"", ""2884"", ""2885"", ""2887"", ""2890"", ""2891"", ""3006"", ""3008"", ""3017"", ""3019"", ""3023"", ""3026"", ""3036"", ""3037"", ""3042"", ""3044"", ""3055"", ""3081"", ""3090"", ""3094"", ""3105"", ""3162"", ""3163"", ""3189"", ""3211"", ""3231"", ""3234"", ""3260"", ""3293"", ""3324"", ""3356"", ""3362"", ""3374"", ""3406"", ""3441"", ""3443"", ""3444"", ""3450"", ""3481"", ""3498"", ""3529"", ""3532"", ""3533"", ""3605"", ""3653"", ""3661"", ""3665"", ""3693"", ""3702"", ""3707"", ""3711"", ""3715"", ""3717"", ""4416"", ""4541"", ""4542"", ""4736"", ""4768"", ""4908"", ""4927"", ""4931"", ""4939"", ""4956"", ""4958"", ""4971"", ""4977"", ""4979"", ""4989"", ""5274"", ""5289"", ""5314"", ""5328"", ""5347"", ""5351"", ""5386"", ""5425"", ""5464"", ""5475"", ""5483"", ""6116"", ""6139"", ""6141"", ""6147"", ""6168"", ""6173"", ""6179"", ""6182"", ""6187"", ""6190"", ""6207"", ""6213"", ""6217"", ""6218"", ""6221"", ""6223"", ""6224"", ""6226"", ""6243"", ""6244"", ""6271"", ""6274"", ""6278"", ""6282"", ""6291"", ""6426"", ""6442"", ""6446"", ""6451"", ""6472"", ""6488"", ""6505"", ""6510"", ""6515"", ""6533"", ""6538"", ""6584"", ""6617"", ""6640"", ""6669"", ""6672"", ""6683"", ""6691"", ""6706"", ""6715"", ""6727"", ""6739"", ""6770"", ""6782"", ""6829"", ""6869"", ""6907"", ""7610"", ""7711"", ""7751"", ""7769"", ""7788"", ""7795"", ""7799"", ""8021"", ""8027"", ""8028"", ""8033"", ""8039"", ""8042"", ""8043"", ""8046"", ""8064"", ""8103"", ""8110"", ""8111"", ""8150"", ""8227"", ""8261"", ""8358"", ""8431"", ""8454"", ""8996"", ""9914""]",2026-10-01
國票新莊,42,20,1855.2,337.8,"[""1709"", ""2254"", ""2313"", ""2408"", ""2413"", ""2449"", ""2492"", ""2542"", ""2923"", ""3026"", ""3066"", ""3324"", ""3388"", ""3444"", ""3532"", ""3661"", ""4541"", ""4768"", ""4931"", ""5202"", ""5299"", ""5347"", ""5450"", ""6116"", ""6179"", ""6226"", ""6227"", ""6271"", ""6279"", ""6515"", ""6584"", ""6693"", ""6739"", ""6770"", ""6909"", ""7799"", ""8033""]",2026-10-01
國票桃園,29,10,1607.1,268.9,"[""1314"", ""2103"", ""2351"", ""2426"", ""2455"", ""2601"", ""2723"", ""3019"", ""3324"", ""3362"", ""4736"", ""6179"", ""6271"", ""6274"", ""6426"", ""6588"", ""6672"", ""6770"", ""7788"", ""7795"", ""8039"", ""8096""]",2026-10-01
國票綜合,309,159,24129.5,6059.4,"[""1303"", ""1314"", ""1326"", ""1409"", ""1423"", ""1503"", ""1504"", ""1514"", ""1519"", ""1560"", ""1709"", ""1713"", ""1717"", ""1727"", ""1802"", ""1810"", ""2006"", ""2033"", ""2049"", ""2059"", ""2103"", ""2305"", ""2327"", ""2338"", ""2340"", ""2344"", ""2347"", ""2351"", ""2353"", ""2357"", ""2359"", ""2360"", ""2363"", ""2368"", ""2369"", ""2375"", ""2377"", ""2379"", ""2387"", ""2388"", ""2392"", ""2406"", ""2408"", ""2409"", ""2421"", ""2425"", ""2426"", ""2436"", ""2449"", ""2454"", ""2455"", ""2464"", ""2465"", ""2468"", ""2478"", ""2481"", ""2484"", ""2489"", ""2492"", ""2493"", ""2496"", ""2520"", ""2542"", ""2546"", ""2615"", ""2634"", ""2884"", ""2890"", ""2891"", ""2923"", ""3006"", ""3016"", ""3017"", ""3023"", ""3026"", ""3036"", ""3037"", ""3044"", ""3049"", ""3055"", ""3090"", ""3094"", ""3167"", ""3209"", ""3229"", ""3231"", ""3311"", ""3406"", ""3413"", ""3443"", ""3450"", ""3481"", ""3504"", ""3532"", ""3533"", ""3605"", ""3653"", ""3669"", ""3702"", ""3708"", ""4133"", ""4566"", ""4764"", ""4958"", ""4967"", ""4977"", ""4989"", ""5292"", ""5434"", ""5515"", ""5522"", ""5706"", ""5876"", ""6112"", ""6116"", ""6133"", ""6166"", ""6213"", ""6214"", ""6226"", ""6269"", ""6271"", ""6278"", ""6282"", ""6409"", ""6426"", ""6442"", ""6456"", ""6505"", ""6526"", ""6533"", ""6669"", ""6672"", ""6689"", ""6691"", ""6706"", ""6715"", ""6742"", ""6770"", ""6830"", ""6834"", ""6861"", ""6933"", ""7711"", ""7750"", ""7765"", ""7769"", ""7788"", ""7795"", ""7799"", ""8028"", ""8039"", ""8046"", ""8103"", ""8110"", ""8112"", ""8150"", ""8261"", ""8454"", ""8996"", ""9945""]",2026-10-01
國票長城,128,46,18779.0,1801.6,"[""1303"", ""1326"", ""1513"", ""1709"", ""2059"", ""2103"", ""2303"", ""2324"", ""2327"", ""2344"", ""2351"", ""2353"", ""2357"", ""2363"", ""2387"", ""2404"", ""2406"", ""2408"", ""2426"", ""2454"", ""2478"", ""2491"", ""2492"", ""2645"", ""3006"", ""3081"", ""3090"", ""3105"", ""3141"", ""3167"", ""3219"", ""3324"", ""3339"", ""3388"", ""3406"", ""3450"", ""3498"", ""3504"", ""3529"", ""3543"", ""3605"", ""3693"", ""4169"", ""4566"", ""4939"", ""4958"", ""4976"", ""5309"", ""5351"", ""5443"", ""5475"", ""6147"", ""6173"", ""6226"", ""6271"", ""6274"", ""6279"", ""6282"", ""6290"", ""6291"", ""6451"", ""6510"", ""6533"", ""6617"", ""6668"", ""6672"", ""6691"", ""6742"", ""6770"", ""6861"", ""6902"", ""7610"", ""7788"", ""7792"", ""7799"", ""8039"", ""8084"", ""8110"", ""8111"", ""8150"", ""8182"", ""8431""]",2026-10-01
土銀,79,28,14929.0,701.3,"[""1608"", ""1709"", ""2313"", ""2327"", ""2330"", ""2357"", ""2360"", ""2379"", ""2382"", ""2395"", ""2454"", ""2455"", ""2484"", ""2615"", ""2630"", ""2880"", ""2886"", ""2887"", ""2912"", ""3008"", ""3021"", ""3227"", ""3231"", ""3297"", ""3354"", ""3356"", ""3467"", ""3653"", ""3708"", ""4556"", ""4956"", ""4958"", ""5225"", ""5328"", ""5475"", ""6116"", ""6213"", ""6221"", ""6226"", ""6291"", ""6456"", ""6640"", ""6693"", ""6933"", ""6969"", ""7722"", ""8039"", ""8046"", ""8069"", ""8084""]",2026-10-01
土銀南港,10,4,488.7,41.7,"[""2031"", ""2883"", ""3293"", ""3434"", ""4736"", ""6023"", ""6166"", ""6533"", ""6834""]",2026-10-01
土銀台中,25,3,981.9,148.0,"[""1526"", ""1608"", ""1612"", ""2496"", ""2816"", ""3016"", ""3467"", ""4735"", ""4976"", ""5434"", ""5484"", ""5608"", ""6231"", ""6588"", ""8110"", ""8227"", ""8240"", ""8454"", ""9904""]",2026-10-01
土銀台南,21,8,348.1,96.2,"[""1312"", ""1709"", ""2363"", ""2387"", ""2392"", ""2395"", ""2455"", ""2465"", ""3019"", ""3021"", ""3490"", ""5515"", ""6515"", ""7714"", ""7788""]",2026-10-01
土銀和平,16,10,663.0,135.0,"[""1312"", ""2387"", ""2481"", ""2542"", ""2882"", ""3498"", ""4973"", ""6691"", ""6693"", ""6907"", ""7792""]",2026-10-01
土銀嘉義,18,4,1956.0,475.0,"[""2305"", ""2883"", ""3055"", ""3162"", ""4133"", ""4973"", ""6152"", ""6213"", ""6505"", ""6538"", ""6588"", ""8076"", ""9904""]",2026-10-01
土銀士林,32,3,445.2,18.3,"[""1423"", ""1608"", ""1612"", ""2312"", ""4510"", ""5443"", ""5515"", ""5519"", ""5706"", ""6579"", ""8076""]",2026-10-01
土銀建國,17,5,1851.1,438.5,"[""1718"", ""1810"", ""2061"", ""2312"", ""2342"", ""2409"", ""2425"", ""3532"", ""3679"", ""5328"", ""5519"", ""6245"", ""6683"", ""6690"", ""7828""]",2026-10-01
土銀彰化,17,4,444.2,92.1,"[""1526"", ""2025"", ""2221"", ""2337"", ""2546"", ""3081"", ""3564"", ""3680"", ""3702"", ""6969"", ""7825"", ""8033""]",2026-10-01
土銀新竹,34,14,1076.7,165.6,"[""1303"", ""1409"", ""1446"", ""1514"", ""2338"", ""2368"", ""2426"", ""2468"", ""2489"", ""2496"", ""2891"", ""3006"", ""3019"", ""3211"", ""3624"", ""3661"", ""3679"", ""3707"", ""4133"", ""4542"", ""4903"", ""4931"", ""5876"", ""6152"", ""6223"", ""6643"", ""6742"", ""6907"", ""6933"", ""7772""]",2026-10-01
土銀玉里,9,5,178.9,99.0,"[""2387"", ""2891"", ""3006"", ""4566"", ""4807"", ""5483"", ""6121"", ""6226""]",2026-10-01
土銀白河,9,2,366.0,55.0,"[""1312"", ""1709"", ""2204"", ""3297"", ""3388"", ""4541"", ""6148"", ""8050""]",2026-10-01
土銀花蓮,6,2,256.0,28.0,"[""1312"", ""2030"", ""2312"", ""4967"", ""5515""]",2026-10-01
土銀高雄,16,5,470.8,39.5,"[""1526"", ""1713"", ""2305"", ""2338"", ""5289"", ""5519"", ""6152"", ""6168"", ""6179"", ""6213"", ""6588"", ""6640"", ""8064"", ""8937""]",2026-10-01
大和國泰,285,58,166187.8,5255.3,"[""1303"", ""1560"", ""1605"", ""2027"", ""2059"", ""2301"", ""2303"", ""2308"", ""2313"", ""2324"", ""2327"", ""2330"", ""2337"", ""2344"", ""2351"", ""2353"", ""2360"", ""2368"", ""2377"", ""2382"", ""2395"", ""2408"", ""2449"", ""2454"", ""2455"", ""2464"", ""2467"", ""2481"", ""2484"", ""2492"", ""2542"", ""2603"", ""2618"", ""2855"", ""2880"", ""2883"", ""2884"", ""2885"", ""2887"", ""3008"", ""3017"", ""3023"", ""3026"", ""3037"", ""3044"", ""3081"", ""3090"", ""3105"", ""3167"", ""3189"", ""3231"", ""3260"", ""3264"", ""3324"", ""3406"", ""3443"", ""3450"", ""3481"", ""3529"", ""3532"", ""3533"", ""3624"", ""3653"", ""3661"", ""3665"", ""3711"", ""4958"", ""4979"", ""5274"", ""5289"", ""5347"", ""5876"", ""6139"", ""6147"", ""6166"", ""6187"", ""6213"", ""6223"", ""6271"", ""6274"", ""6278"", ""6442"", ""6488"", ""6505"", ""6515"", ""6531"", ""6584"", ""6669"", ""6683"", ""6805"", ""7610"", ""7751"", ""7769"", ""7799"", ""7828"", ""8046"", ""8150"", ""8358"", ""8996"", ""9914""]",2026-10-01
大展,63,27,2380.5,575.0,"[""1303"", ""2025"", ""2221"", ""2344"", ""2359"", ""2449"", ""2465"", ""2491"", ""2546"", ""2855"", ""3044"", ""3090"", ""3406"", ""3450"", ""3498"", ""3605"", ""3624"", ""3675"", ""3680"", ""4416"", ""4764"", ""5225"", ""5285"", ""5371"", ""5443"", ""5475"", ""6204"", ""6274"", ""6426"", ""6442"", ""6525"", ""6727"", ""6829"", ""6885"", ""6933"", ""6949"", ""6969"", ""7714"", ""7769"", ""7792"", ""8050"", ""8093"", ""8103"", ""8227"", ""8261"", ""8996""]",2026-10-01
大展台南,14,6,313.0,48.3,"[""1569"", ""1608"", ""1809"", ""2351"", ""2392"", ""2434"", ""5285"", ""6187"", ""6225"", ""6442"", ""6533"", ""6589""]",2026-10-01
大昌,78,25,1502.7,501.8,"[""1528"", ""1560"", ""1721"", ""2010"", ""2033"", ""2305"", ""2342"", ""2413"", ""2468"", ""2489"", ""2496"", ""2601"", ""2891"", ""3026"", ""3152"", ""3311"", ""3324"", ""3376"", ""3543"", ""3680"", ""3693"", ""3707"", ""4735"", ""4908"", ""4973"", ""5202"", ""5312"", ""5450"", ""5475"", ""6139"", ""6152"", ""6245"", ""6279"", ""6461"", ""6533"", ""6590"", ""6617"", ""6683"", ""6712"", ""6727"", ""6739"", ""6782"", ""6906"", ""6909"", ""6925"", ""7730"", ""7777"", ""7795"", ""7842"", ""8033"", ""8076"", ""8150"", ""8358"", ""9904"", ""9907""]",2026-10-01
大昌安康,15,4,1354.0,13.2,"[""1560"", ""2031"", ""2368"", ""3041"", ""3049"", ""3094"", ""3356"", ""5225"", ""5292"", ""6204"", ""6209"", ""6716"", ""6933"", ""9904""]",2026-10-01
大昌新店,80,28,4848.0,1532.0,"[""1307"", ""1503"", ""1605"", ""1809"", ""1810"", ""2031"", ""2070"", ""2303"", ""2305"", ""2312"", ""2327"", ""2360"", ""2363"", ""2409"", ""2436"", ""2468"", ""2478"", ""2481"", ""2493"", ""2542"", ""2633"", ""2816"", ""3229"", ""3231"", ""3354"", ""3376"", ""3441"", ""3443"", ""3481"", ""3504"", ""3675"", ""3693"", ""4133"", ""4171"", ""4971"", ""5274"", ""5309"", ""5515"", ""5608"", ""6023"", ""6026"", ""6166"", ""6209"", ""6213"", ""6243"", ""6279"", ""6426"", ""6577"", ""6620"", ""6668"", ""6712"", ""6907"", ""6909"", ""7792"", ""7828"", ""8027"", ""8043"", ""8076"", ""8358"", ""8454"", ""9904""]",2026-10-01
大昌新竹,40,16,975.9,339.5,"[""1423"", ""1815"", ""2030"", ""2031"", ""2070"", ""2404"", ""2454"", ""2464"", ""2468"", ""2816"", ""2880"", ""3081"", ""3105"", ""3376"", ""3693"", ""4133"", ""4171"", ""4977"", ""5371"", ""6226"", ""6227"", ""6510"", ""6588"", ""6589"", ""6716"", ""6861"", ""7772"", ""8046"", ""8150""]",2026-10-01
大昌桃園,41,15,2989.3,700.7,"[""1526"", ""1810"", ""2332"", ""2413"", ""2425"", ""2472"", ""2481"", ""2483"", ""2492"", ""2493"", ""3006"", ""3017"", ""3021"", ""3026"", ""3296"", ""3434"", ""3441"", ""3498"", ""3564"", ""3653"", ""4416"", ""5291"", ""5706"", ""6173"", ""6182"", ""6716"", ""6829"", ""6933"", ""7795"", ""8040"", ""8110"", ""8150"", ""8182""]",2026-10-01
大昌樹林,71,35,3640.2,1529.4,"[""1314"", ""1709"", ""1718"", ""1785"", ""1810"", ""2010"", ""2070"", ""2303"", ""2305"", ""2327"", ""2332"", ""2369"", ""2376"", ""2377"", ""2379"", ""2406"", ""2413"", ""2465"", ""2496"", ""2723"", ""2816"", ""2903"", ""3016"", ""3055"", ""3163"", ""3234"", ""3297"", ""3311"", ""3504"", ""3540"", ""3624"", ""3715"", ""5484"", ""6121"", ""6190"", ""6207"", ""6226"", ""6243"", ""6291"", ""6488"", ""6505"", ""6526"", ""6672"", ""6861"", ""6907"", ""7717"", ""7751"", ""7772"", ""7788"", ""7842"", ""8064"", ""8069"", ""8085"", ""8110"", ""8112"", ""9914""]",2026-10-01
奔亞,31,8,1369.2,31.6,"[""1815"", ""3081"", ""3324"", ""3362"", ""3577"", ""3675"", ""4541"", ""5274"", ""5464"", ""6147"", ""6223"", ""6274"", ""6488"", ""6640"", ""7717""]",2026-10-01
奔亞網路,28,11,646.8,100.7,"[""2070"", ""3162"", ""3234"", ""3444"", ""3693"", ""4735"", ""4924"", ""4973"", ""5251"", ""5299"", ""6265"", ""6279"", ""6488"", ""6739"", ""8042"", ""8043"", ""8050"", ""8054"", ""8111""]",2026-10-01
奔亞鑫豐,71,28,2226.0,415.4,"[""1595"", ""2221"", ""3081"", ""3114"", ""3211"", ""3219"", ""3227"", ""3260"", ""3324"", ""3434"", ""3467"", ""3498"", ""3520"", ""3529"", ""3540"", ""3693"", ""4416"", ""4556"", ""4577"", ""4735"", ""4772"", ""4939"", ""4973"", ""5202"", ""5291"", ""5299"", ""5371"", ""5425"", ""5443"", ""5450"", ""5475"", ""6023"", ""6148"", ""6179"", ""6207"", ""6217"", ""6221"", ""6227"", ""6245"", ""6265"", ""6279"", ""6577"", ""6588"", ""6590"", ""6643"", ""6811"", ""6907"", ""7772"", ""8038"", ""8076"", ""8383"", ""8431""]",2026-10-01
安泰,63,27,4008.9,1623.6,"[""1526"", ""1528"", ""1605"", ""1608"", ""1721"", ""2010"", ""2103"", ""2305"", ""2312"", ""2342"", ""2352"", ""2363"", ""2392"", ""2409"", ""2483"", ""2486"", ""2546"", ""2633"", ""2816"", ""2923"", ""3021"", ""3311"", ""3679"", ""4174"", ""4908"", ""4973"", ""5225"", ""5484"", ""5519"", ""6005"", ""6116"", ""6168"", ""6179"", ""6213"", ""6226"", ""6245"", ""6278"", ""6409"", ""6461"", ""6668"", ""6716"", ""6925"", ""7711"", ""7751"", ""8111"", ""8454"", ""8996""]",2026-10-01
安泰大發,27,6,536.6,36.9,"[""1713"", ""1809"", ""2406"", ""2421"", ""2496"", ""2542"", ""3066"", ""3356"", ""3434"", ""4171"", ""5225"", ""5706"", ""6213"", ""6224"", ""6244"", ""6443"", ""6861"", ""7842"", ""8085"", ""8454"", ""9914"", ""9945""]",2026-10-01
安泰楠梓,11,3,162.2,12.0,"[""2413"", ""2496"", ""3152"", ""3219"", ""3707"", ""4542"", ""4973"", ""5519"", ""6693"", ""8070""]",2026-10-01
宏遠,338,132,52575.1,6385.9,"[""1303"", ""1519"", ""1612"", ""1709"", ""1815"", ""2010"", ""2027"", ""2059"", ""2301"", ""2303"", ""2308"", ""2313"", ""2324"", ""2327"", ""2330"", ""2337"", ""2340"", ""2344"", ""2351"", ""2353"", ""2357"", ""2360"", ""2363"", ""2368"", ""2382"", ""2388"", ""2408"", ""2409"", ""2426"", ""2454"", ""2464"", ""2478"", ""2481"", ""2489"", ""2491"", ""2492"", ""2615"", ""2633"", ""2645"", ""2855"", ""2884"", ""2885"", ""2887"", ""3006"", ""3008"", ""3017"", ""3026"", ""3031"", ""3037"", ""3055"", ""3081"", ""3090"", ""3167"", ""3189"", ""3211"", ""3231"", ""3264"", ""3324"", ""3356"", ""3362"", ""3374"", ""3406"", ""3413"", ""3441"", ""3443"", ""3450"", ""3481"", ""3498"", ""3504"", ""3529"", ""3532"", ""3533"", ""3577"", ""3605"", ""3653"", ""3661"", ""3665"", ""3693"", ""3702"", ""3709"", ""3711"", ""4556"", ""4576"", ""4924"", ""4958"", ""4967"", ""4973"", ""4979"", ""5274"", ""5285"", ""5289"", ""5347"", ""5475"", ""5483"", ""5498"", ""5515"", ""5519"", ""5608"", ""6026"", ""6139"", ""6141"", ""6147"", ""6168"", ""6173"", ""6182"", ""6187"", ""6213"", ""6218"", ""6223"", ""6226"", ""6274"", ""6279"", ""6291"", ""6416"", ""6426"", ""6442"", ""6446"", ""6488"", ""6505"", ""6510"", ""6515"", ""6531"", ""6538"", ""6579"", ""6584"", ""6588"", ""6640"", ""6669"", ""6672"", ""6683"", ""6691"", ""6805"", ""6907"", ""6919"", ""7717"", ""7751"", ""7769"", ""7788"", ""7825"", ""7828"", ""8027"", ""8033"", ""8042"", ""8046"", ""8076"", ""8103"", ""8996"", ""9933""]",2026-10-01
宏遠中和,24,8,1137.5,73.0,"[""1591"", ""2033"", ""2324"", ""2344"", ""2388"", ""3141"", ""3227"", ""3374"", ""3685"", ""4416"", ""4542"", ""5291"", ""5706"", ""6231"", ""8076""]",2026-10-01
宏遠光隆,44,8,2055.5,140.4,"[""2103"", ""2254"", ""2305"", ""2338"", ""2344"", ""2347"", ""2375"", ""2409"", ""2436"", ""2546"", ""2630"", ""2634"", ""2883"", ""3229"", ""3311"", ""3669"", ""3679"", ""3693"", ""4416"", ""4735"", ""5475"", ""5483"", ""5515"", ""5519"", ""5706"", ""6005"", ""6588"", ""6715"", ""6811"", ""7842"", ""8050"", ""8110"", ""8111""]",2026-10-01
宏遠台中,47,16,1685.1,221.9,"[""1802"", ""2332"", ""2344"", ""2387"", ""2413"", ""2434"", ""2464"", ""2634"", ""3105"", ""3135"", ""3147"", ""3356"", ""3374"", ""3388"", ""3467"", ""3680"", ""4971"", ""4973"", ""4976"", ""5314"", ""5464"", ""6190"", ""6217"", ""6225"", ""6226"", ""6290"", ""6426"", ""6589"", ""6640"", ""6805"", ""6861"", ""6969"", ""7714"", ""7825""]",2026-10-01
宏遠台南,37,9,2156.5,395.0,"[""1303"", ""1326"", ""1608"", ""1718"", ""2069"", ""2254"", ""2305"", ""2363"", ""2369"", ""2413"", ""2421"", ""2915"", ""3652"", ""3708"", ""4566"", ""5285"", ""5450"", ""5519"", ""6207"", ""6244"", ""6426"", ""6924"", ""8046"", ""8085"", ""8096"", ""8150""]",2026-10-01
宏遠新化,26,3,919.0,46.7,"[""1218"", ""2312"", ""2338"", ""2484"", ""3006"", ""3339"", ""3357"", ""3490"", ""3680"", ""3693"", ""4416"", ""4931"", ""5292"", ""5434"", ""5515"", ""6179"", ""6221"", ""6727"", ""7768"", ""7772""]",2026-10-01
宏遠桃園,50,17,2250.1,410.1,"[""1301"", ""1560"", ""2103"", ""2313"", ""2363"", ""2413"", ""2455"", ""2547"", ""2739"", ""2855"", ""3055"", ""3374"", ""3434"", ""3441"", ""3467"", ""3543"", ""3605"", ""3707"", ""4577"", ""4772"", ""4976"", ""5434"", ""5498"", ""6005"", ""6187"", ""6214"", ""6217"", ""6218"", ""6227"", ""6244"", ""6426"", ""6443"", ""6515"", ""6690"", ""6693"", ""6829"", ""6861"", ""6945"", ""6969"", ""7711"", ""8069"", ""8227"", ""8261"", ""8937""]",2026-10-01
宏遠民生,52,28,2912.2,784.2,"[""1303"", ""2059"", ""2303"", ""2317"", ""2338"", ""2344"", ""2360"", ""2436"", ""2454"", ""2464"", ""2481"", ""2484"", ""2492"", ""3008"", ""3017"", ""3167"", ""3211"", ""3231"", ""3339"", ""3653"", ""3665"", ""4764"", ""4908"", ""4973"", ""5274"", ""5289"", ""5291"", ""5483"", ""6213"", ""6223"", ""6274"", ""6515"", ""6538"", ""6805"", ""7768"", ""8021"", ""8038"", ""8046""]",2026-10-01
宏遠館前,74,26,3939.8,1559.8,"[""1108"", ""1301"", ""1709"", ""1713"", ""1785"", ""2025"", ""2049"", ""2353"", ""2387"", ""2392"", ""2408"", ""2409"", ""2444"", ""2455"", ""2464"", ""2481"", ""3044"", ""3055"", ""3081"", ""3376"", ""3450"", ""3529"", ""3605"", ""3624"", ""3693"", ""3717"", ""4551"", ""4566"", ""4577"", ""4770"", ""4772"", ""4967"", ""4973"", ""4976"", ""5289"", ""5291"", ""6112"", ""6147"", ""6166"", ""6221"", ""6461"", ""6488"", ""6589"", ""6945"", ""7711"", ""7751"", ""7769"", ""8021"", ""8028"", ""8042"", ""8103"", ""8150""]",2026-10-01
宏遠高雄,90,29,5912.6,956.2,"[""1307"", ""1714"", ""2059"", ""2313"", ""2360"", ""2408"", ""2465"", ""2478"", ""2481"", ""3006"", ""3042"", ""3162"", ""3211"", ""3264"", ""3443"", ""3605"", ""3665"", ""3711"", ""4764"", ""4770"", ""4971"", ""4977"", ""4979"", ""4989"", ""5274"", ""5309"", ""5314"", ""5351"", ""5706"", ""6175"", ""6282"", ""6291"", ""6548"", ""6672"", ""6715"", ""6716"", ""6811"", ""7749"", ""7751"", ""7788"", ""8043"", ""8050"", ""8064"", ""8103"", ""8110"", ""8996"", ""9945""]",2026-10-01
富邦,1691,817,1688412.8,686813.0,"[""1301"", ""1303"", ""1312"", ""1326"", ""1423"", ""1503"", ""1504"", ""1513"", ""1514"", ""1519"", ""1528"", ""1560"", ""1569"", ""1605"", ""1709"", ""1714"", ""1717"", ""1718"", ""1727"", ""1785"", ""1802"", ""1809"", ""1815"", ""2027"", ""2030"", ""2031"", ""2049"", ""2059"", ""2204"", ""2221"", ""2301"", ""2303"", ""2305"", ""2308"", ""2313"", ""2317"", ""2324"", ""2327"", ""2330"", ""2332"", ""2337"", ""2338"", ""2344"", ""2347"", ""2351"", ""2352"", ""2353"", ""2357"", ""2359"", ""2360"", ""2363"", ""2368"", ""2369"", ""2375"", ""2376"", ""2377"", ""2379"", ""2382"", ""2392"", ""2395"", ""2404"", ""2408"", ""2409"", ""2413"", ""2421"", ""2425"", ""2426"", ""2436"", ""2449"", ""2454"", ""2455"", ""2464"", ""2465"", ""2467"", ""2472"", ""2478"", ""2481"", ""2483"", ""2484"", ""2486"", ""2489"", ""2491"", ""2492"", ""2493"", ""2542"", ""2548"", ""2603"", ""2615"", ""2618"", ""2630"", ""2633"", ""2634"", ""2637"", ""2645"", ""2801"", ""2855"", ""2880"", ""2882"", ""2883"", ""2884"", ""2886"", ""2887"", ""2890"", ""2891"", ""3006"", ""3008"", ""3017"", ""3019"", ""3026"", ""3036"", ""3037"", ""3042"", ""3044"", ""3055"", ""3081"", ""3090"", ""3094"", ""3105"", ""3141"", ""3163"", ""3167"", ""3189"", ""3211"", ""3227"", ""3231"", ""3260"", ""3264"", ""3293"", ""3324"", ""3362"", ""3363"", ""3374"", ""3376"", ""3388"", ""3406"", ""3441"", ""3443"", ""3444"", ""3450"", ""3467"", ""3481"", ""3491"", ""3498"", ""3529"", ""3532"", ""3533"", ""3605"", ""3624"", ""3653"", ""3661"", ""3665"", ""3673"", ""3675"", ""3679"", ""3680"", ""3685"", ""3693"", ""3702"", ""3707"", ""3708"", ""3711"", ""3715"", ""3717"", ""4542"", ""4577"", ""4736"", ""4764"", ""4768"", ""4770"", ""4772"", ""4908"", ""4919"", ""4927"", ""4931"", ""4939"", ""4956"", ""4958"", ""4967"", ""4971"", ""4973"", ""4979"", ""4989"", ""4991"", ""5274"", ""5285"", ""5289"", ""5292"", ""5314"", ""5328"", ""5347"", ""5351"", ""5371"", ""5386"", ""5425"", ""5434"", ""5443"", ""5464"", ""5475"", ""5483"", ""5498"", ""5522"", ""5876"", ""6005"", ""6116"", ""6139"", ""6147"", ""6166"", ""6168"", ""6173"", ""6175"", ""6182"", ""6187"", ""6207"", ""6209"", ""6213"", ""6217"", ""6218"", ""6223"", ""6224"", ""6226"", ""6257"", ""6259"", ""6265"", ""6271"", ""6274"", ""6278"", ""6279"", ""6282"", ""6290"", ""6409"", ""6426"", ""6442"", ""6443"", ""6446"", ""6451"", ""6456"", ""6472"", ""6488"", ""6505"", ""6510"", ""6515"", ""6525"", ""6526"", ""6533"", ""6538"", ""6547"", ""6584"", ""6617"", ""6620"", ""6640"", ""6668"", ""6669"", ""6672"", ""6683"", ""6691"", ""6693"", ""6706"", ""6715"", ""6727"", ""6739"", ""6770"", ""6782"", ""6805"", ""6829"", ""6830"", ""6907"", ""6919"", ""6933"", ""6949"", ""7711"", ""7717"", ""7722"", ""7730"", ""7750"", ""7751"", ""7765"", ""7769"", ""7788"", ""7795"", ""7799"", ""7828"", ""8021"", ""8027"", ""8028"", ""8033"", ""8039"", ""8040"", ""8042"", ""8043"", ""8046"", ""8054"", ""8064"", ""8069"", ""8070"", ""8084"", ""8103"", ""8110"", ""8111"", ""8112"", ""8150"", ""8227"", ""8261"", ""8358"", ""8431"", ""8454"", ""8996"", ""9904"", ""9914"", ""9941"", ""9945""]",2026-10-01
富邦七賢,61,22,1592.8,214.7,"[""1108"", ""1301"", ""1528"", ""2340"", ""2347"", ""2359"", ""2363"", ""2421"", ""2467"", ""2481"", ""3006"", ""3016"", ""3021"", ""3041"", ""3055"", ""3219"", ""3296"", ""3297"", ""3324"", ""3443"", ""3707"", ""4416"", ""4956"", ""4977"", ""5225"", ""5251"", ""5274"", ""5314"", ""5328"", ""5443"", ""5515"", ""5519"", ""5706"", ""6148"", ""6168"", ""6173"", ""6218"", ""6226"", ""6416"", ""6443"", ""6488"", ""6640"", ""6689"", ""6924"", ""6925"", ""7769"", ""8039"", ""9945""]",2026-10-01
富邦三峽,44,18,1881.9,218.3,"[""1560"", ""2010"", ""2033"", ""2816"", ""2891"", ""3374"", ""3376"", ""3680"", ""4416"", ""4566"", ""4908"", ""4931"", ""4939"", ""4973"", ""5483"", ""5519"", ""6148"", ""6226"", ""6271"", ""6456"", ""6672"", ""6690"", ""6691"", ""6906"", ""6945"", ""6949"", ""7711"", ""8085"", ""8150"", ""8261""]",2026-10-01
富邦三重,145,53,6169.1,856.1,"[""1307"", ""1519"", ""1608"", ""1785"", ""1809"", ""1810"", ""2010"", ""2025"", ""2031"", ""2069"", ""2340"", ""2351"", ""2382"", ""2421"", ""2425"", ""2434"", ""2465"", ""2493"", ""2603"", ""2630"", ""2633"", ""2816"", ""3016"", ""3042"", ""3081"", ""3090"", ""3147"", ""3209"", ""3211"", ""3229"", ""3339"", ""3357"", ""3406"", ""3441"", ""3498"", ""3504"", ""3564"", ""3653"", ""3661"", ""3669"", ""3693"", ""4772"", ""4927"", ""4967"", ""5202"", ""5314"", ""5328"", ""5425"", ""5450"", ""5515"", ""5519"", ""6116"", ""6121"", ""6166"", ""6168"", ""6179"", ""6182"", ""6213"", ""6226"", ""6231"", ""6461"", ""6488"", ""6510"", ""6515"", ""6584"", ""6620"", ""6640"", ""6668"", ""6672"", ""6683"", ""6733"", ""6811"", ""6829"", ""6834"", ""6906"", ""6907"", ""6909"", ""6933"", ""7711"", ""7714"", ""7751"", ""7788"", ""7795"", ""7828"", ""8033"", ""8043"", ""8050"", ""8076"", ""8084"", ""8103"", ""9904"", ""9914""]",2026-10-01
富邦中壢,175,88,8539.6,1857.4,"[""1312"", ""1326"", ""1409"", ""1423"", ""1503"", ""1504"", ""1526"", ""1608"", ""1612"", ""1709"", ""1795"", ""1810"", ""1815"", ""2010"", ""2027"", ""2030"", ""2305"", ""2313"", ""2342"", ""2344"", ""2351"", ""2375"", ""2387"", ""2408"", ""2409"", ""2421"", ""2454"", ""2465"", ""2478"", ""2489"", ""2493"", ""2496"", ""2542"", ""2633"", ""2634"", ""2645"", ""2816"", ""3018"", ""3021"", ""3037"", ""3041"", ""3049"", ""3055"", ""3081"", ""3090"", ""3141"", ""3152"", ""3162"", ""3189"", ""3209"", ""3219"", ""3227"", ""3234"", ""3317"", ""3388"", ""3406"", ""3434"", ""3441"", ""3533"", ""3564"", ""3605"", ""3624"", ""3653"", ""3664"", ""3717"", ""4542"", ""4551"", ""4566"", ""4577"", ""4772"", ""4939"", ""4956"", ""4977"", ""4989"", ""4991"", ""5225"", ""5251"", ""5274"", ""5299"", ""5328"", ""5371"", ""5443"", ""5483"", ""5498"", ""5519"", ""5706"", ""6173"", ""6175"", ""6182"", ""6204"", ""6207"", ""6213"", ""6218"", ""6221"", ""6225"", ""6226"", ""6259"", ""6278"", ""6442"", ""6456"", ""6526"", ""6533"", ""6579"", ""6588"", ""6590"", ""6617"", ""6640"", ""6672"", ""6683"", ""6689"", ""6690"", ""6782"", ""6925"", ""6949"", ""7717"", ""7768"", ""7772"", ""7792"", ""7795"", ""7799"", ""8033"", ""8039"", ""8046"", ""8110"", ""8227"", ""8261"", ""8431"", ""8454"", ""9914""]",2026-10-01
富邦二林,46,13,1460.1,130.4,"[""1423"", ""1528"", ""1597"", ""1721"", ""2392"", ""2493"", ""2855"", ""3021"", ""3189"", ""3229"", ""3354"", ""3356"", ""3564"", ""3717"", ""4931"", ""4939"", ""4973"", ""5202"", ""5386"", ""5425"", ""5515"", ""5706"", ""6005"", ""6218"", ""6243"", ""6291"", ""6691"", ""6712"", ""6811"", ""6907"", ""7788"", ""7825""]",2026-10-01
富邦仁愛,479,209,42834.5,9775.4,"[""1301"", ""1303"", ""1312"", ""1423"", ""1503"", ""1526"", ""1528"", ""1595"", ""1605"", ""1608"", ""1727"", ""1802"", ""1815"", ""2010"", ""2020"", ""2025"", ""2031"", ""2061"", ""2070"", ""2221"", ""2241"", ""2301"", ""2303"", ""2305"", ""2308"", ""2313"", ""2317"", ""2324"", ""2327"", ""2330"", ""2337"", ""2338"", ""2344"", ""2351"", ""2359"", ""2360"", ""2363"", ""2368"", ""2375"", ""2382"", ""2387"", ""2388"", ""2392"", ""2408"", ""2426"", ""2434"", ""2449"", ""2451"", ""2454"", ""2455"", ""2472"", ""2478"", ""2481"", ""2483"", ""2484"", ""2489"", ""2491"", ""2492"", ""2493"", ""2496"", ""2548"", ""2601"", ""2603"", ""2633"", ""2645"", ""2816"", ""2903"", ""3008"", ""3016"", ""3019"", ""3021"", ""3026"", ""3037"", ""3041"", ""3055"", ""3081"", ""3090"", ""3094"", ""3105"", ""3141"", ""3152"", ""3162"", ""3167"", ""3211"", ""3219"", ""3236"", ""3260"", ""3297"", ""3305"", ""3324"", ""3362"", ""3374"", ""3376"", ""3434"", ""3441"", ""3443"", ""3450"", ""3467"", ""3481"", ""3498"", ""3504"", ""3529"", ""3532"", ""3564"", ""3605"", ""3624"", ""3653"", ""3661"", ""3665"", ""3679"", ""3691"", ""3707"", ""3711"", ""3715"", ""3716"", ""3717"", ""4169"", ""4416"", ""4542"", ""4551"", ""4556"", ""4566"", ""4722"", ""4736"", ""4764"", ""4770"", ""4772"", ""4908"", ""4939"", ""4956"", ""4958"", ""4971"", ""4973"", ""4976"", ""4977"", ""4979"", ""4989"", ""4991"", ""5225"", ""5274"", ""5291"", ""5299"", ""5309"", ""5328"", ""5347"", ""5351"", ""5371"", ""5425"", ""5464"", ""5475"", ""5483"", ""5515"", ""5519"", ""5522"", ""5608"", ""6005"", ""6121"", ""6147"", ""6148"", ""6166"", ""6173"", ""6179"", ""6182"", ""6187"", ""6207"", ""6209"", ""6213"", ""6223"", ""6226"", ""6243"", ""6259"", ""6274"", ""6278"", ""6279"", ""6290"", ""6291"", ""6426"", ""6442"", ""6446"", ""6451"", ""6456"", ""6472"", ""6488"", ""6510"", ""6515"", ""6526"", ""6533"", ""6538"", ""6584"", ""6588"", ""6589"", ""6590"", ""6620"", ""6640"", ""6643"", ""6669"", ""6672"", ""6683"", ""6691"", ""6693"", ""6706"", ""6739"", ""6770"", ""6829"", ""6831"", ""6861"", ""6869"", ""6906"", ""6907"", ""6924"", ""6949"", ""7711"", ""7717"", ""7751"", ""7768"", ""7788"", ""7799"", ""7828"", ""7842"", ""8021"", ""8028"", ""8033"", ""8039"", ""8043"", ""8046"", ""8050"", ""8064"", ""8103"", ""8111"", ""8150"", ""8182"", ""8261"", ""8358"", ""8431"", ""8454"", ""8996"", ""9904"", ""9914"", ""9945""]",2026-10-01
富邦內湖,110,49,9085.0,1238.2,"[""2031"", ""2221"", ""2305"", ""2351"", ""2375"", ""2449"", ""2467"", ""2483"", ""2493"", ""2634"", ""2801"", ""2816"", ""3006"", ""3026"", ""3141"", ""3167"", ""3229"", ""3324"", ""3374"", ""3441"", ""3481"", ""3504"", ""3529"", ""3605"", ""3624"", ""3652"", ""3653"", ""3715"", ""4764"", ""4908"", ""4939"", ""4958"", ""4971"", ""4973"", ""4977"", ""4979"", ""4991"", ""5285"", ""5314"", ""5425"", ""5475"", ""5483"", ""5498"", ""5515"", ""5706"", ""6023"", ""6148"", ""6182"", ""6213"", ""6218"", ""6416"", ""6461"", ""6505"", ""6533"", ""6668"", ""6690"", ""6693"", ""6727"", ""6829"", ""6919"", ""6924"", ""7751"", ""7842"", ""8038"", ""8039"", ""8069"", ""8084"", ""8085"", ""8103"", ""9904""]",2026-10-01
富邦八德,67,25,2312.2,458.6,"[""1314"", ""1514"", ""1713"", ""1810"", ""2103"", ""2254"", ""2351"", ""2413"", ""2426"", ""2546"", ""2601"", ""2739"", ""3081"", ""3147"", ""3229"", ""3234"", ""3297"", ""3362"", ""3715"", ""3716"", ""4133"", ""4542"", ""4556"", ""4772"", ""4919"", ""4931"", ""4939"", ""4949"", ""4956"", ""4973"", ""4991"", ""5314"", ""5351"", ""5425"", ""5522"", ""5706"", ""6005"", ""6152"", ""6179"", ""6213"", ""6224"", ""6278"", ""6279"", ""6517"", ""6739"", ""6742"", ""6869"", ""6906"", ""6933"", ""8050"", ""8110"", ""8111"", ""8261"", ""9914"", ""9945""]",2026-10-01
富邦公益,145,67,9245.6,1135.6,"[""1303"", ""1519"", ""1595"", ""1612"", ""1721"", ""1727"", ""1815"", ""2069"", ""2221"", ""2241"", ""2305"", ""2351"", ""2408"", ""2409"", ""2426"", ""2465"", ""2481"", ""2484"", ""2546"", ""2601"", ""2634"", ""2801"", ""2816"", ""2883"", ""2887"", ""3006"", ""3016"", ""3019"", ""3021"", ""3090"", ""3141"", ""3163"", ""3211"", ""3231"", ""3260"", ""3293"", ""3296"", ""3305"", ""3339"", ""3354"", ""3356"", ""3362"", ""3413"", ""3441"", ""3504"", ""3508"", ""3529"", ""3564"", ""3693"", ""3708"", ""4556"", ""4566"", ""4735"", ""4736"", ""4772"", ""4924"", ""4977"", ""5225"", ""5312"", ""5475"", ""5515"", ""5608"", ""5706"", ""5876"", ""6133"", ""6168"", ""6173"", ""6207"", ""6209"", ""6217"", ""6221"", ""6224"", ""6226"", ""6274"", ""6278"", ""6409"", ""6446"", ""6451"", ""6456"", ""6533"", ""6579"", ""6706"", ""6715"", ""6739"", ""6770"", ""6811"", ""6834"", ""6861"", ""6906"", ""6907"", ""6924"", ""6925"", ""7842"", ""8042"", ""8043"", ""8046"", ""8064"", ""8110"", ""8112"", ""8240"", ""9904"", ""9914""]",2026-10-01
富邦北港,55,32,4055.6,2116.7,"[""1301"", ""1528"", ""1612"", ""1717"", ""2031"", ""2033"", ""2305"", ""2338"", ""2353"", ""2388"", ""2413"", ""2478"", ""2610"", ""2634"", ""2883"", ""3021"", ""3231"", ""3234"", ""3297"", ""3339"", ""3362"", ""3564"", ""4973"", ""5225"", ""5251"", ""5484"", ""5706"", ""6005"", ""6166"", ""6207"", ""6218"", ""6291"", ""6456"", ""6505"", ""6830"", ""6869"", ""7717"", ""7722"", ""8054"", ""8111"", ""8182"", ""8454"", ""9904""]",2026-10-01
富邦北高,1,1,388.6,22.4,"[""6282""]",2026-10-01
富邦北高雄,1,1,12.1,7.5,"[""3324""]",2026-10-01
富邦南京,264,146,30964.8,10456.0,"[""1303"", ""1312"", ""1409"", ""1514"", ""1526"", ""1528"", ""1569"", ""1597"", ""1612"", ""1709"", ""1727"", ""1795"", ""1810"", ""1815"", ""2010"", ""2033"", ""2070"", ""2221"", ""2305"", ""2312"", ""2313"", ""2324"", ""2330"", ""2337"", ""2338"", ""2344"", ""2351"", ""2353"", ""2357"", ""2359"", ""2363"", ""2375"", ""2382"", ""2388"", ""2408"", ""2409"", ""2413"", ""2421"", ""2426"", ""2438"", ""2454"", ""2464"", ""2465"", ""2468"", ""2478"", ""2484"", ""2489"", ""2492"", ""2493"", ""2496"", ""2542"", ""2548"", ""2610"", ""2633"", ""2816"", ""3006"", ""3018"", ""3021"", ""3041"", ""3055"", ""3090"", ""3094"", ""3141"", ""3219"", ""3231"", ""3234"", ""3236"", ""3260"", ""3324"", ""3354"", ""3374"", ""3388"", ""3434"", ""3441"", ""3450"", ""3481"", ""3498"", ""3624"", ""3653"", ""3669"", ""3691"", ""3693"", ""3707"", ""3709"", ""3715"", ""3716"", ""4542"", ""4556"", ""4566"", ""4764"", ""4768"", ""4772"", ""4903"", ""4908"", ""4931"", ""4956"", ""4971"", ""4973"", ""4976"", ""4989"", ""5225"", ""5328"", ""5347"", ""5371"", ""5434"", ""5475"", ""5483"", ""5876"", ""6026"", ""6147"", ""6168"", ""6173"", ""6179"", ""6187"", ""6204"", ""6207"", ""6209"", ""6226"", ""6231"", ""6274"", ""6279"", ""6282"", ""6290"", ""6426"", ""6456"", ""6505"", ""6531"", ""6538"", ""6547"", ""6617"", ""6620"", ""6668"", ""6693"", ""6715"", ""6727"", ""6753"", ""6770"", ""6829"", ""6834"", ""6861"", ""6869"", ""6906"", ""6907"", ""6933"", ""6949"", ""7610"", ""7711"", ""7714"", ""7788"", ""7792"", ""7795"", ""8027"", ""8028"", ""8033"", ""8039"", ""8042"", ""8070"", ""8110"", ""8111"", ""8150"", ""8227"", ""8261"", ""8431"", ""8454"", ""8996"", ""9904""]",2026-10-01
富邦南員,57,19,4809.6,672.3,"[""1301"", ""1526"", ""2303"", ""2327"", ""2352"", ""2409"", ""2425"", ""2467"", ""2468"", ""2493"", ""2633"", ""2634"", ""2855"", ""3026"", ""3041"", ""3094"", ""3167"", ""3356"", ""3406"", ""3481"", ""3533"", ""3653"", ""3679"", ""3717"", ""4576"", ""4736"", ""4764"", ""4976"", ""5225"", ""5519"", ""6672"", ""6715"", ""7711""]",2026-10-01
富邦南員林,31,14,1371.0,224.9,"[""2221"", ""3211"", ""3234"", ""3297"", ""3324"", ""3363"", ""3388"", ""3441"", ""3685"", ""4541"", ""4908"", ""5202"", ""5314"", ""6173"", ""6244"", ""6279"", ""6690"", ""6907"", ""8043"", ""8085"", ""8111""]",2026-10-01
富邦南屯,240,156,79240.2,37100.6,"[""1303"", ""1326"", ""1409"", ""1528"", ""1569"", ""1709"", ""1712"", ""1802"", ""1815"", ""2059"", ""2305"", ""2313"", ""2327"", ""2330"", ""2337"", ""2342"", ""2344"", ""2351"", ""2352"", ""2357"", ""2359"", ""2363"", ""2388"", ""2408"", ""2409"", ""2426"", ""2464"", ""2468"", ""2472"", ""2481"", ""2492"", ""2496"", ""2634"", ""2816"", ""2915"", ""3008"", ""3016"", ""3017"", ""3019"", ""3026"", ""3037"", ""3041"", ""3055"", ""3081"", ""3090"", ""3094"", ""3105"", ""3163"", ""3189"", ""3211"", ""3236"", ""3339"", ""3374"", ""3376"", ""3441"", ""3450"", ""3481"", ""3498"", ""3529"", ""3624"", ""3653"", ""3661"", ""3708"", ""3715"", ""3716"", ""4171"", ""4416"", ""4768"", ""4908"", ""4931"", ""4939"", ""4958"", ""4971"", ""4973"", ""4977"", ""4979"", ""4991"", ""5225"", ""5274"", ""5314"", ""5328"", ""5351"", ""5464"", ""5483"", ""5519"", ""6005"", ""6116"", ""6147"", ""6148"", ""6173"", ""6179"", ""6207"", ""6209"", ""6213"", ""6214"", ""6218"", ""6224"", ""6226"", ""6227"", ""6257"", ""6259"", ""6274"", ""6278"", ""6505"", ""6526"", ""6538"", ""6584"", ""6590"", ""6620"", ""6672"", ""6683"", ""6690"", ""6691"", ""6770"", ""6805"", ""6811"", ""6933"", ""6949"", ""7610"", ""7711"", ""7722"", ""7765"", ""7768"", ""7788"", ""7795"", ""8021"", ""8033"", ""8039"", ""8043"", ""8046"", ""8064"", ""8084"", ""8096"", ""8111"", ""8150"", ""8261"", ""8358"", ""9914"", ""9945""]",2026-10-01
富邦南港,75,38,5089.0,2314.6,"[""1709"", ""2340"", ""2351"", ""2359"", ""2368"", ""2408"", ""2455"", ""2464"", ""2481"", ""2484"", ""2493"", ""2496"", ""2645"", ""3021"", ""3055"", ""3105"", ""3141"", ""3167"", ""3234"", ""3443"", ""3450"", ""3455"", ""3481"", ""3624"", ""4169"", ""4416"", ""4551"", ""4908"", ""5450"", ""5522"", ""5706"", ""6139"", ""6141"", ""6166"", ""6173"", ""6182"", ""6187"", ""6217"", ""6274"", ""6451"", ""6456"", ""6510"", ""6526"", ""6538"", ""6683"", ""6690"", ""6715"", ""6739"", ""6805"", ""6949"", ""7795"", ""8042"", ""8064"", ""8150"", ""8996""]",2026-10-01
富邦台中,157,74,6617.8,2263.7,"[""1312"", ""1326"", ""1514"", ""1519"", ""1526"", ""1528"", ""1612"", ""1709"", ""1718"", ""1785"", ""1810"", ""1815"", ""2025"", ""2340"", ""2359"", ""2360"", ""2392"", ""2395"", ""2409"", ""2413"", ""2454"", ""2455"", ""2483"", ""2484"", ""2489"", ""2633"", ""2816"", ""3008"", ""3021"", ""3055"", ""3081"", ""3167"", ""3227"", ""3229"", ""3231"", ""3234"", ""3297"", ""3356"", ""3363"", ""3388"", ""3441"", ""3450"", ""3481"", ""3498"", ""3543"", ""3564"", ""3709"", ""3716"", ""4169"", ""4416"", ""4971"", ""4976"", ""4977"", ""4979"", ""5328"", ""5475"", ""5706"", ""6026"", ""6148"", ""6168"", ""6187"", ""6207"", ""6225"", ""6226"", ""6227"", ""6231"", ""6243"", ""6244"", ""6245"", ""6271"", ""6274"", ""6279"", ""6291"", ""6426"", ""6442"", ""6505"", ""6510"", ""6533"", ""6547"", ""6579"", ""6584"", ""6588"", ""6590"", ""6620"", ""6689"", ""6782"", ""6907"", ""6909"", ""6919"", ""6933"", ""7711"", ""7768"", ""7769"", ""7772"", ""7792"", ""7825"", ""7842"", ""8027"", ""8050"", ""8076"", ""8084"", ""8112"", ""8454"", ""9904"", ""9914""]",2026-10-01
富邦台北,737,397,75363.5,19084.6,"[""1303"", ""1312"", ""1326"", ""1409"", ""1503"", ""1504"", ""1514"", ""1528"", ""1560"", ""1569"", ""1597"", ""1605"", ""1608"", ""1612"", ""1709"", ""1713"", ""1721"", ""1727"", ""1785"", ""1802"", ""1810"", ""1815"", ""2010"", ""2027"", ""2030"", ""2031"", ""2059"", ""2061"", ""2069"", ""2103"", ""2221"", ""2301"", ""2303"", ""2305"", ""2308"", ""2327"", ""2330"", ""2332"", ""2337"", ""2338"", ""2340"", ""2342"", ""2344"", ""2347"", ""2351"", ""2352"", ""2357"", ""2359"", ""2360"", ""2363"", ""2368"", ""2375"", ""2376"", ""2382"", ""2387"", ""2388"", ""2395"", ""2404"", ""2408"", ""2409"", ""2413"", ""2425"", ""2426"", ""2434"", ""2436"", ""2449"", ""2451"", ""2454"", ""2464"", ""2465"", ""2467"", ""2481"", ""2483"", ""2484"", ""2489"", ""2491"", ""2492"", ""2493"", ""2496"", ""2542"", ""2601"", ""2615"", ""2618"", ""2633"", ""2634"", ""2883"", ""2903"", ""2915"", ""3006"", ""3008"", ""3016"", ""3017"", ""3018"", ""3026"", ""3036"", ""3037"", ""3041"", ""3046"", ""3055"", ""3066"", ""3081"", ""3090"", ""3105"", ""3141"", ""3147"", ""3152"", ""3163"", ""3167"", ""3189"", ""3209"", ""3211"", ""3229"", ""3231"", ""3234"", ""3260"", ""3297"", ""3305"", ""3311"", ""3324"", ""3354"", ""3356"", ""3357"", ""3363"", ""3374"", ""3376"", ""3406"", ""3413"", ""3441"", ""3443"", ""3444"", ""3450"", ""3455"", ""3481"", ""3498"", ""3520"", ""3529"", ""3532"", ""3533"", ""3543"", ""3605"", ""3624"", ""3652"", ""3653"", ""3661"", ""3665"", ""3675"", ""3679"", ""3680"", ""3693"", ""3707"", ""3711"", ""3715"", ""3716"", ""4169"", ""4540"", ""4542"", ""4556"", ""4566"", ""4576"", ""4577"", ""4707"", ""4736"", ""4764"", ""4768"", ""4908"", ""4919"", ""4924"", ""4931"", ""4939"", ""4956"", ""4958"", ""4971"", ""4973"", ""4976"", ""4977"", ""4979"", ""4989"", ""5225"", ""5274"", ""5285"", ""5289"", ""5291"", ""5309"", ""5314"", ""5328"", ""5347"", ""5351"", ""5371"", ""5386"", ""5425"", ""5475"", ""5483"", ""5484"", ""5515"", ""5522"", ""5608"", ""5706"", ""5904"", ""6005"", ""6026"", ""6112"", ""6139"", ""6147"", ""6152"", ""6166"", ""6168"", ""6173"", ""6175"", ""6179"", ""6182"", ""6187"", ""6199"", ""6207"", ""6213"", ""6217"", ""6218"", ""6221"", ""6223"", ""6224"", ""6226"", ""6227"", ""6244"", ""6259"", ""6265"", ""6271"", ""6274"", ""6278"", ""6279"", ""6290"", ""6291"", ""6416"", ""6426"", ""6442"", ""6446"", ""6451"", ""6456"", ""6488"", ""6505"", ""6515"", ""6526"", ""6533"", ""6538"", ""6579"", ""6588"", ""6590"", ""6617"", ""6620"", ""6640"", ""6643"", ""6669"", ""6672"", ""6683"", ""6690"", ""6691"", ""6693"", ""6706"", ""6715"", ""6716"", ""6727"", ""6739"", ""6753"", ""6770"", ""6805"", ""6811"", ""6830"", ""6834"", ""6861"", ""6869"", ""6885"", ""6906"", ""6907"", ""6909"", ""6919"", ""6925"", ""6949"", ""6969"", ""7610"", ""7717"", ""7722"", ""7730"", ""7769"", ""7788"", ""7792"", ""7795"", ""8021"", ""8033"", ""8039"", ""8042"", ""8043"", ""8046"", ""8050"", ""8064"", ""8103"", ""8110"", ""8111"", ""8150"", ""8182"", ""8227"", ""8261"", ""8358"", ""8383"", ""8431"", ""8454"", ""8996"", ""9904"", ""9933"", ""9941""]",2026-10-01
富邦台南,165,96,8011.4,4030.9,"[""1326"", ""1423"", ""1504"", ""1718"", ""1727"", ""2027"", ""2031"", ""2059"", ""2103"", ""2221"", ""2254"", ""2305"", ""2327"", ""2330"", ""2344"", ""2351"", ""2352"", ""2359"", ""2360"", ""2406"", ""2409"", ""2413"", ""2425"", ""2426"", ""2434"", ""2436"", ""2455"", ""2468"", ""2481"", ""2489"", ""2492"", ""2496"", ""2615"", ""2630"", ""2816"", ""3037"", ""3049"", ""3055"", ""3094"", ""3167"", ""3189"", ""3219"", ""3234"", ""3362"", ""3388"", ""3467"", ""3481"", ""3498"", ""3504"", ""3532"", ""3653"", ""3665"", ""3679"", ""3693"", ""3709"", ""4169"", ""4577"", ""4768"", ""4931"", ""5291"", ""5299"", ""5309"", ""5314"", ""5434"", ""5483"", ""6023"", ""6148"", ""6173"", ""6187"", ""6207"", ""6209"", ""6213"", ""6221"", ""6224"", ""6225"", ""6226"", ""6227"", ""6274"", ""6279"", ""6446"", ""6515"", ""6584"", ""6588"", ""6590"", ""6617"", ""6640"", ""6669"", ""6689"", ""6727"", ""6753"", ""6861"", ""6906"", ""6907"", ""6933"", ""6949"", ""7730"", ""7751"", ""7788"", ""8039"", ""8046"", ""8076"", ""8110"", ""8111"", ""8383"", ""8454"", ""9904""]",2026-10-01
富邦台東,23,7,492.1,72.0,"[""1526"", ""1718"", ""2363"", ""2464"", ""3021"", ""3023"", ""3135"", ""3441"", ""3455"", ""3577"", ""5314"", ""5519"", ""6668"", ""6689"", ""6716"", ""6829"", ""6907"", ""7792"", ""8050"", ""8076"", ""8096""]",2026-10-01
富邦和美,77,36,4342.2,562.7,"[""1423"", ""1608"", ""2010"", ""2305"", ""2317"", ""2332"", ""2340"", ""2342"", ""2357"", ""2363"", ""2369"", ""2387"", ""2413"", ""2465"", ""2481"", ""2489"", ""2496"", ""2634"", ""2883"", ""2887"", ""3008"", ""3021"", ""3105"", ""3147"", ""3227"", ""3311"", ""3434"", ""3441"", ""3443"", ""3467"", ""3508"", ""3653"", ""3679"", ""3707"", ""4416"", ""4566"", ""4736"", ""4770"", ""4939"", ""4967"", ""5202"", ""5225"", ""5371"", ""5450"", ""5608"", ""5706"", ""6112"", ""6213"", ""6226"", ""6515"", ""6588"", ""6712"", ""6716"", ""6925"", ""7772"", ""8028"", ""8227""]",2026-10-01
富邦員林,140,56,3144.8,781.4,"[""1303"", ""1326"", ""1605"", ""1709"", ""1713"", ""1809"", ""1810"", ""2010"", ""2025"", ""2030"", ""2059"", ""2070"", ""2103"", ""2221"", ""2303"", ""2305"", ""2342"", ""2351"", ""2357"", ""2387"", ""2413"", ""2455"", ""2468"", ""2493"", ""2496"", ""2633"", ""2816"", ""2855"", ""3019"", ""3021"", ""3055"", ""3081"", ""3090"", ""3152"", ""3211"", ""3234"", ""3356"", ""3357"", ""3374"", ""3388"", ""3441"", ""3450"", ""3498"", ""3504"", ""3508"", ""3564"", ""3669"", ""3693"", ""3708"", ""3715"", ""3716"", ""4133"", ""4416"", ""4566"", ""4908"", ""4931"", ""4977"", ""5274"", ""5291"", ""5312"", ""5425"", ""5450"", ""5475"", ""5484"", ""5515"", ""6147"", ""6152"", ""6173"", ""6190"", ""6199"", ""6218"", ""6226"", ""6244"", ""6279"", ""6426"", ""6526"", ""6588"", ""6590"", ""6617"", ""6643"", ""6668"", ""6672"", ""6727"", ""6739"", ""6861"", ""6907"", ""6924"", ""6933"", ""7711"", ""7717"", ""7792"", ""7825"", ""8040"", ""8084"", ""8085"", ""8110"", ""8111"", ""8227"", ""8454"", ""9904""]",2026-10-01
富邦嘉義,296,183,50353.5,28032.7,"[""1218"", ""1303"", ""1312"", ""1326"", ""1339"", ""1503"", ""1526"", ""1528"", ""1595"", ""1709"", ""1712"", ""1718"", ""1809"", ""1815"", ""2010"", ""2031"", ""2069"", ""2070"", ""2103"", ""2254"", ""2301"", ""2303"", ""2313"", ""2327"", ""2332"", ""2338"", ""2344"", ""2352"", ""2353"", ""2363"", ""2369"", ""2375"", ""2399"", ""2409"", ""2421"", ""2425"", ""2426"", ""2454"", ""2455"", ""2464"", ""2467"", ""2472"", ""2481"", ""2484"", ""2486"", ""2489"", ""2492"", ""2493"", ""2496"", ""2601"", ""2606"", ""2618"", ""2630"", ""2633"", ""2634"", ""2739"", ""2816"", ""2883"", ""3019"", ""3021"", ""3026"", ""3041"", ""3042"", ""3046"", ""3048"", ""3081"", ""3090"", ""3114"", ""3162"", ""3167"", ""3209"", ""3231"", ""3234"", ""3297"", ""3362"", ""3374"", ""3441"", ""3443"", ""3450"", ""3481"", ""3498"", ""3532"", ""3540"", ""3605"", ""3624"", ""3675"", ""3679"", ""3693"", ""3717"", ""4566"", ""4707"", ""4772"", ""4908"", ""4931"", ""4939"", ""4971"", ""4973"", ""4977"", ""4979"", ""4989"", ""5202"", ""5225"", ""5309"", ""5314"", ""5328"", ""5347"", ""5351"", ""5386"", ""5425"", ""5464"", ""5484"", ""5519"", ""5522"", ""6026"", ""6147"", ""6152"", ""6168"", ""6173"", ""6182"", ""6187"", ""6207"", ""6209"", ""6213"", ""6221"", ""6225"", ""6226"", ""6243"", ""6259"", ""6274"", ""6282"", ""6426"", ""6488"", ""6505"", ""6525"", ""6533"", ""6538"", ""6588"", ""6668"", ""6672"", ""6689"", ""6770"", ""6907"", ""6933"", ""6949"", ""7610"", ""7714"", ""7825"", ""7828"", ""8039"", ""8046"", ""8076"", ""8110"", ""8111"", ""8150"", ""8261"", ""8358"", ""8454"", ""8996""]",2026-10-01
富邦基隆,35,16,3397.3,404.1,"[""1303"", ""1326"", ""1595"", ""1605"", ""2031"", ""2254"", ""2413"", ""2464"", ""2481"", ""2633"", ""3003"", ""3090"", ""3362"", ""3441"", ""3680"", ""3693"", ""4977"", ""5464"", ""6166"", ""6207"", ""6278"", ""6279"", ""6291"", ""6461"", ""6505"", ""6869"", ""6907"", ""7842"", ""8042"", ""8103"", ""8431""]",2026-10-01
富邦宜蘭,80,31,9363.8,607.0,"[""1108"", ""1326"", ""1409"", ""1528"", ""1605"", ""1709"", ""1718"", ""2010"", ""2020"", ""2025"", ""2204"", ""2351"", ""2388"", ""2409"", ""2426"", ""2489"", ""2542"", ""2630"", ""2816"", ""2883"", ""2887"", ""3229"", ""3264"", ""3362"", ""3406"", ""3441"", ""3529"", ""3624"", ""3664"", ""4577"", ""4967"", ""4976"", ""5291"", ""5314"", ""5484"", ""6141"", ""6213"", ""6226"", ""6443"", ""6451"", ""6461"", ""6515"", ""6533"", ""6588"", ""6589"", ""6690"", ""6829"", ""6885"", ""6925"", ""6933"", ""6969"", ""7730"", ""7792"", ""7828"", ""7842"", ""8084"", ""8093"", ""8358"", ""8431"", ""9914""]",2026-10-01
富邦屏東,28,11,916.1,322.7,"[""1504"", ""2010"", ""2069"", ""2332"", ""2340"", ""2546"", ""3021"", ""3090"", ""3532"", ""3577"", ""3679"", ""3716"", ""4416"", ""5475"", ""5706"", ""6026"", ""6640"", ""6906"", ""6933"", ""7717"", ""8027"", ""8039"", ""8110""]",2026-10-01
富邦岡山,24,9,1660.7,291.3,"[""1312"", ""1591"", ""2020"", ""2025"", ""2069"", ""2337"", ""2464"", ""2915"", ""3324"", ""4973"", ""5292"", ""5483"", ""6148"", ""6617"", ""6643"", ""7610"", ""8021"", ""8042"", ""9904"", ""9945""]",2026-10-01
富邦左營,64,31,4165.6,1773.7,"[""1312"", ""1514"", ""1713"", ""2049"", ""2221"", ""2413"", ""2421"", ""2426"", ""2436"", ""2465"", ""2478"", ""2484"", ""2723"", ""3234"", ""3260"", ""3357"", ""3406"", ""3441"", ""3481"", ""3504"", ""3508"", ""3532"", ""3605"", ""3624"", ""3708"", ""4566"", ""4764"", ""4931"", ""5291"", ""5309"", ""5328"", ""6112"", ""6173"", ""6204"", ""6217"", ""6706"", ""6811"", ""6969"", ""8033"", ""8039"", ""8085"", ""8096"", ""8150"", ""8454""]",2026-10-01
富邦建國,421,198,36455.7,6963.5,"[""1218"", ""1303"", ""1423"", ""1503"", ""1504"", ""1519"", ""1526"", ""1569"", ""1595"", ""1608"", ""1612"", ""1709"", ""1727"", ""1785"", ""1810"", ""1815"", ""2010"", ""2020"", ""2059"", ""2070"", ""2204"", ""2301"", ""2303"", ""2305"", ""2313"", ""2324"", ""2327"", ""2330"", ""2337"", ""2342"", ""2344"", ""2351"", ""2359"", ""2360"", ""2368"", ""2369"", ""2375"", ""2388"", ""2408"", ""2409"", ""2413"", ""2426"", ""2436"", ""2449"", ""2454"", ""2464"", ""2468"", ""2472"", ""2481"", ""2484"", ""2489"", ""2492"", ""2493"", ""2546"", ""2548"", ""2601"", ""2603"", ""2739"", ""2816"", ""2883"", ""3006"", ""3008"", ""3016"", ""3017"", ""3019"", ""3021"", ""3026"", ""3037"", ""3044"", ""3046"", ""3055"", ""3081"", ""3090"", ""3094"", ""3105"", ""3189"", ""3209"", ""3211"", ""3231"", ""3234"", ""3260"", ""3264"", ""3311"", ""3324"", ""3339"", ""3356"", ""3362"", ""3363"", ""3374"", ""3406"", ""3441"", ""3450"", ""3481"", ""3498"", ""3520"", ""3529"", ""3533"", ""3564"", ""3605"", ""3661"", ""3675"", ""3679"", ""3680"", ""3693"", ""3708"", ""3711"", ""3715"", ""4169"", ""4541"", ""4542"", ""4764"", ""4770"", ""4919"", ""4931"", ""4939"", ""4958"", ""4971"", ""4976"", ""4977"", ""4979"", ""4989"", ""5274"", ""5371"", ""5386"", ""5434"", ""5450"", ""5475"", ""5498"", ""5515"", ""5519"", ""5522"", ""5876"", ""6121"", ""6147"", ""6166"", ""6175"", ""6179"", ""6182"", ""6187"", ""6190"", ""6213"", ""6221"", ""6223"", ""6224"", ""6227"", ""6265"", ""6271"", ""6274"", ""6279"", ""6290"", ""6291"", ""6409"", ""6416"", ""6426"", ""6442"", ""6446"", ""6451"", ""6488"", ""6505"", ""6533"", ""6538"", ""6584"", ""6588"", ""6643"", ""6668"", ""6672"", ""6693"", ""6706"", ""6712"", ""6715"", ""6727"", ""6739"", ""6770"", ""6811"", ""6829"", ""6834"", ""6861"", ""6869"", ""6906"", ""6909"", ""6919"", ""6924"", ""6945"", ""7711"", ""7730"", ""7751"", ""7768"", ""7769"", ""7788"", ""7792"", ""7799"", ""7825"", ""7842"", ""8021"", ""8027"", ""8028"", ""8033"", ""8039"", ""8043"", ""8046"", ""8050"", ""8064"", ""8069"", ""8076"", ""8084"", ""8103"", ""8110"", ""8111"", ""8112"", ""8150"", ""8227"", ""8261"", ""8358"", ""8454"", ""8996"", ""9904"", ""9914""]",2026-10-01
富邦彰化,69,20,4643.2,309.0,"[""1303"", ""1409"", ""1721"", ""1795"", ""1810"", ""2241"", ""2301"", ""2324"", ""2344"", ""2387"", ""2478"", ""2492"", ""3041"", ""3090"", ""3105"", ""3297"", ""3434"", ""3679"", ""3708"", ""4551"", ""4566"", ""4807"", ""4971"", ""5202"", ""5225"", ""5519"", ""6026"", ""6121"", ""6166"", ""6173"", ""6175"", ""6226"", ""6243"", ""6272"", ""6279"", ""6617"", ""6683"", ""6693"", ""6770"", ""7772"", ""7792"", ""7795"", ""8033"", ""8039"", ""8085"", ""8096"", ""8150"", ""8261""]",2026-10-01
富邦敦南,271,128,21933.9,7471.9,"[""1303"", ""1513"", ""1514"", ""1569"", ""1608"", ""1612"", ""1709"", ""1714"", ""1717"", ""1785"", ""1810"", ""1815"", ""2010"", ""2020"", ""2033"", ""2069"", ""2221"", ""2241"", ""2303"", ""2313"", ""2324"", ""2351"", ""2353"", ""2359"", ""2360"", ""2399"", ""2406"", ""2408"", ""2409"", ""2426"", ""2449"", ""2454"", ""2455"", ""2467"", ""2481"", ""2484"", ""2492"", ""2493"", ""2546"", ""2548"", ""2633"", ""2634"", ""2816"", ""2890"", ""3008"", ""3017"", ""3026"", ""3042"", ""3049"", ""3055"", ""3081"", ""3141"", ""3147"", ""3162"", ""3167"", ""3189"", ""3211"", ""3227"", ""3231"", ""3234"", ""3296"", ""3311"", ""3357"", ""3362"", ""3374"", ""3441"", ""3450"", ""3481"", ""3504"", ""3543"", ""3564"", ""3577"", ""3605"", ""3624"", ""3653"", ""3693"", ""4169"", ""4541"", ""4542"", ""4556"", ""4566"", ""4577"", ""4768"", ""4770"", ""4927"", ""4931"", ""4971"", ""4977"", ""4991"", ""5291"", ""5299"", ""5347"", ""5386"", ""5425"", ""5443"", ""5464"", ""5484"", ""6116"", ""6147"", ""6148"", ""6166"", ""6168"", ""6179"", ""6213"", ""6224"", ""6227"", ""6265"", ""6269"", ""6279"", ""6291"", ""6409"", ""6426"", ""6442"", ""6446"", ""6488"", ""6515"", ""6525"", ""6526"", ""6548"", ""6584"", ""6588"", ""6590"", ""6620"", ""6643"", ""6672"", ""6683"", ""6690"", ""6691"", ""6716"", ""6753"", ""6770"", ""6805"", ""6811"", ""6885"", ""6907"", ""6919"", ""6924"", ""6925"", ""6933"", ""6949"", ""7711"", ""7722"", ""7751"", ""7769"", ""7799"", ""7825"", ""8028"", ""8033"", ""8039"", ""8040"", ""8042"", ""8043"", ""8050"", ""8054"", ""8064"", ""8103"", ""8150"", ""8261"", ""8454"", ""8996"", ""9904""]",2026-10-01
富邦斗六,31,4,521.9,49.1,"[""1528"", ""1612"", ""1721"", ""2468"", ""2723"", ""2855"", ""3094"", ""3311"", ""3339"", ""3520"", ""3693"", ""5314"", ""5425"", ""5519"", ""6148"", ""6533"", ""6617"", ""6712"", ""6933"", ""7788"", ""7799"", ""8070"", ""8937""]",2026-10-01
富邦新店,344,140,119660.3,37882.3,"[""1108"", ""1218"", ""1303"", ""1423"", ""1503"", ""1513"", ""1514"", ""1560"", ""1608"", ""1709"", ""1802"", ""1815"", ""2031"", ""2033"", ""2059"", ""2103"", ""2204"", ""2221"", ""2241"", ""2303"", ""2305"", ""2312"", ""2313"", ""2324"", ""2327"", ""2330"", ""2340"", ""2344"", ""2351"", ""2359"", ""2363"", ""2382"", ""2387"", ""2408"", ""2409"", ""2426"", ""2444"", ""2454"", ""2464"", ""2478"", ""2481"", ""2484"", ""2492"", ""2493"", ""2546"", ""2601"", ""2633"", ""2816"", ""2890"", ""3008"", ""3016"", ""3017"", ""3018"", ""3026"", ""3041"", ""3042"", ""3044"", ""3046"", ""3081"", ""3105"", ""3147"", ""3163"", ""3167"", ""3189"", ""3211"", ""3234"", ""3236"", ""3311"", ""3324"", ""3357"", ""3388"", ""3406"", ""3434"", ""3443"", ""3450"", ""3491"", ""3498"", ""3508"", ""3624"", ""3679"", ""3693"", ""3707"", ""3715"", ""4169"", ""4540"", ""4551"", ""4566"", ""4577"", ""4707"", ""4735"", ""4736"", ""4764"", ""4770"", ""4772"", ""4908"", ""4924"", ""4927"", ""4931"", ""4956"", ""4967"", ""4976"", ""4979"", ""5225"", ""5314"", ""5328"", ""5351"", ""5425"", ""5443"", ""5464"", ""5475"", ""5483"", ""5522"", ""5608"", ""6023"", ""6139"", ""6147"", ""6173"", ""6175"", ""6179"", ""6182"", ""6206"", ""6213"", ""6224"", ""6226"", ""6227"", ""6274"", ""6442"", ""6456"", ""6510"", ""6515"", ""6526"", ""6533"", ""6538"", ""6584"", ""6588"", ""6589"", ""6590"", ""6620"", ""6640"", ""6668"", ""6672"", ""6683"", ""6689"", ""6690"", ""6693"", ""6706"", ""6712"", ""6727"", ""6742"", ""6770"", ""6834"", ""6861"", ""6907"", ""6919"", ""7610"", ""7714"", ""7722"", ""7751"", ""7772"", ""7788"", ""7792"", ""7795"", ""8039"", ""8042"", ""8046"", ""8050"", ""8064"", ""8084"", ""8103"", ""8111"", ""8150"", ""8182"", ""8996"", ""9904""]",2026-10-01
富邦新板,147,52,8775.3,1406.4,"[""1301"", ""1307"", ""1314"", ""1503"", ""1504"", ""1514"", ""1519"", ""1709"", ""1713"", ""1795"", ""1815"", ""2010"", ""2303"", ""2330"", ""2338"", ""2344"", ""2387"", ""2408"", ""2409"", ""2421"", ""2455"", ""2468"", ""2484"", ""2493"", ""2546"", ""2816"", ""3006"", ""3036"", ""3055"", ""3094"", ""3105"", ""3162"", ""3163"", ""3167"", ""3219"", ""3297"", ""3354"", ""3356"", ""3362"", ""3434"", ""3441"", ""3450"", ""3481"", ""3498"", ""3652"", ""3669"", ""3711"", ""3715"", ""4133"", ""4551"", ""4566"", ""4722"", ""4919"", ""4967"", ""4976"", ""4979"", ""4991"", ""5274"", ""5289"", ""5351"", ""5519"", ""6148"", ""6182"", ""6226"", ""6259"", ""6269"", ""6272"", ""6274"", ""6442"", ""6456"", ""6461"", ""6505"", ""6538"", ""6588"", ""6589"", ""6590"", ""6617"", ""6620"", ""6669"", ""6716"", ""6727"", ""6733"", ""6739"", ""6742"", ""6872"", ""6909"", ""6924"", ""7730"", ""8021"", ""8042"", ""8054"", ""8110"", ""8261"", ""8431"", ""9914""]",2026-10-01
富邦新營,47,21,2780.9,1801.2,"[""1312"", ""1785"", ""1815"", ""2031"", ""2069"", ""2387"", ""2455"", ""2492"", ""2610"", ""3021"", ""3189"", ""3209"", ""3374"", ""3441"", ""3481"", ""3498"", ""3664"", ""3679"", ""4908"", ""5202"", ""5309"", ""5312"", ""6152"", ""6173"", ""6179"", ""6182"", ""6217"", ""6456"", ""6488"", ""6620"", ""6643"", ""6672"", ""6907"", ""6933"", ""8039"", ""8040"", ""8046"", ""8358"", ""8431""]",2026-10-01
富邦新竹,302,131,18018.9,3617.5,"[""1218"", ""1409"", ""1446"", ""1513"", ""1519"", ""1528"", ""1560"", ""1595"", ""1597"", ""1608"", ""1709"", ""1718"", ""1802"", ""2020"", ""2031"", ""2069"", ""2301"", ""2302"", ""2303"", ""2327"", ""2337"", ""2338"", ""2342"", ""2344"", ""2357"", ""2368"", ""2375"", ""2382"", ""2409"", ""2454"", ""2455"", ""2464"", ""2478"", ""2481"", ""2483"", ""2484"", ""2493"", ""2496"", ""2546"", ""2618"", ""2645"", ""2903"", ""2923"", ""3006"", ""3017"", ""3021"", ""3026"", ""3042"", ""3055"", ""3141"", ""3147"", ""3162"", ""3189"", ""3211"", ""3229"", ""3234"", ""3296"", ""3297"", ""3317"", ""3356"", ""3374"", ""3406"", ""3441"", ""3443"", ""3450"", ""3481"", ""3498"", ""3504"", ""3508"", ""3529"", ""3533"", ""3564"", ""3577"", ""3605"", ""3624"", ""3661"", ""3664"", ""3669"", ""3675"", ""3679"", ""3680"", ""3693"", ""3715"", ""3717"", ""4416"", ""4542"", ""4551"", ""4556"", ""4566"", ""4735"", ""4764"", ""4768"", ""4770"", ""4772"", ""4931"", ""4939"", ""4958"", ""4967"", ""4971"", ""4977"", ""5225"", ""5289"", ""5291"", ""5309"", ""5314"", ""5340"", ""5347"", ""5371"", ""5425"", ""5434"", ""5443"", ""5464"", ""5475"", ""5483"", ""5484"", ""5515"", ""5608"", ""5706"", ""6005"", ""6023"", ""6121"", ""6147"", ""6173"", ""6175"", ""6179"", ""6182"", ""6207"", ""6209"", ""6221"", ""6226"", ""6231"", ""6243"", ""6278"", ""6279"", ""6291"", ""6409"", ""6442"", ""6446"", ""6505"", ""6515"", ""6533"", ""6538"", ""6584"", ""6588"", ""6590"", ""6617"", ""6668"", ""6669"", ""6683"", ""6691"", ""6706"", ""6727"", ""6739"", ""6770"", ""6805"", ""6829"", ""6861"", ""6869"", ""6907"", ""6933"", ""7711"", ""7730"", ""7749"", ""7765"", ""7769"", ""7772"", ""7792"", ""7799"", ""7825"", ""7842"", ""8028"", ""8038"", ""8042"", ""8046"", ""8050"", ""8064"", ""8070"", ""8084"", ""8103"", ""8110"", ""8150"", ""8227"", ""8261"", ""8358"", ""8454"", ""8937"", ""9904"", ""9914"", ""9945""]",2026-10-01
富邦新莊,58,22,2787.3,391.5,"[""1314"", ""1504"", ""1526"", ""1605"", ""2025"", ""2059"", ""2338"", ""2388"", ""2413"", ""2478"", ""2484"", ""2496"", ""2633"", ""2634"", ""2801"", ""3018"", ""3044"", ""3141"", ""3211"", ""3406"", ""3441"", ""3481"", ""3533"", ""3564"", ""3624"", ""4707"", ""4923"", ""4939"", ""5202"", ""5299"", ""5484"", ""5515"", ""5519"", ""6226"", ""6426"", ""6442"", ""6589"", ""6590"", ""6706"", ""6712"", ""6907"", ""6933"", ""7750"", ""8046"", ""8054"", ""8103"", ""8110"", ""8111"", ""8261"", ""8374"", ""8383"", ""8431""]",2026-10-01
富邦木柵,160,93,13306.0,5431.9,"[""1301"", ""1303"", ""1513"", ""1569"", ""1721"", ""1727"", ""1809"", ""1815"", ""2061"", ""2254"", ""2305"", ""2337"", ""2344"", ""2351"", ""2360"", ""2369"", ""2375"", ""2409"", ""2413"", ""2426"", ""2455"", ""2468"", ""2472"", ""2481"", ""2484"", ""2493"", ""2634"", ""2645"", ""2890"", ""3006"", ""3017"", ""3046"", ""3055"", ""3090"", ""3105"", ""3209"", ""3211"", ""3293"", ""3324"", ""3354"", ""3356"", ""3406"", ""3441"", ""3450"", ""3481"", ""3491"", ""3498"", ""3652"", ""3665"", ""3680"", ""3693"", ""3715"", ""4169"", ""4707"", ""4924"", ""4931"", ""4939"", ""4958"", ""4971"", ""5314"", ""5464"", ""5483"", ""6112"", ""6141"", ""6147"", ""6173"", ""6182"", ""6187"", ""6190"", ""6204"", ""6207"", ""6226"", ""6279"", ""6290"", ""6426"", ""6446"", ""6451"", ""6505"", ""6510"", ""6515"", ""6526"", ""6533"", ""6538"", ""6584"", ""6590"", ""6640"", ""6669"", ""6672"", ""6683"", ""6715"", ""6861"", ""6872"", ""6919"", ""6933"", ""7788"", ""7842"", ""8039"", ""8046"", ""8064"", ""8110"", ""8150"", ""8182"", ""8227"", ""8358"", ""8431"", ""8996""]",2026-10-01
富邦東門,44,20,1552.2,188.5,"[""3105"", ""3211"", ""3234"", ""3354"", ""3362"", ""3455"", ""3467"", ""4577"", ""4768"", ""4931"", ""4939"", ""4973"", ""5291"", ""5351"", ""5443"", ""5450"", ""6173"", ""6179"", ""6217"", ""6227"", ""6244"", ""6488"", ""6584"", ""6588"", ""6590"", ""6640"", ""6693"", ""6733"", ""6739"", ""7717"", ""7825"", ""7842"", ""8043""]",2026-10-01
富邦板橋,375,186,31463.6,9820.7,"[""1301"", ""1303"", ""1314"", ""1326"", ""1339"", ""1504"", ""1612"", ""1709"", ""1810"", ""2010"", ""2020"", ""2025"", ""2027"", ""2031"", ""2049"", ""2059"", ""2305"", ""2327"", ""2332"", ""2337"", ""2338"", ""2342"", ""2344"", ""2351"", ""2352"", ""2353"", ""2359"", ""2360"", ""2368"", ""2387"", ""2388"", ""2392"", ""2406"", ""2408"", ""2409"", ""2413"", ""2434"", ""2449"", ""2464"", ""2467"", ""2478"", ""2484"", ""2489"", ""2491"", ""2492"", ""2493"", ""2496"", ""2546"", ""2630"", ""2633"", ""2634"", ""2739"", ""2816"", ""2855"", ""2887"", ""3008"", ""3016"", ""3017"", ""3021"", ""3023"", ""3026"", ""3031"", ""3037"", ""3041"", ""3044"", ""3049"", ""3055"", ""3066"", ""3090"", ""3105"", ""3162"", ""3167"", ""3189"", ""3209"", ""3211"", ""3219"", ""3229"", ""3231"", ""3293"", ""3296"", ""3305"", ""3311"", ""3324"", ""3357"", ""3374"", ""3376"", ""3388"", ""3441"", ""3443"", ""3450"", ""3481"", ""3498"", ""3543"", ""3624"", ""3653"", ""3679"", ""3693"", ""3707"", ""3708"", ""3709"", ""3715"", ""4169"", ""4171"", ""4416"", ""4556"", ""4566"", ""4736"", ""4764"", ""4931"", ""4939"", ""4958"", ""4973"", ""4977"", ""4979"", ""4991"", ""5202"", ""5285"", ""5291"", ""5299"", ""5309"", ""5314"", ""5351"", ""5371"", ""5425"", ""5443"", ""5464"", ""5475"", ""5483"", ""5484"", ""5498"", ""5515"", ""5522"", ""5706"", ""6005"", ""6121"", ""6147"", ""6148"", ""6152"", ""6166"", ""6173"", ""6175"", ""6182"", ""6187"", ""6204"", ""6207"", ""6213"", ""6217"", ""6226"", ""6227"", ""6244"", ""6269"", ""6272"", ""6274"", ""6278"", ""6279"", ""6291"", ""6409"", ""6426"", ""6451"", ""6456"", ""6488"", ""6515"", ""6533"", ""6584"", ""6588"", ""6589"", ""6643"", ""6668"", ""6672"", ""6683"", ""6690"", ""6706"", ""6712"", ""6727"", ""6733"", ""6753"", ""6770"", ""6782"", ""6805"", ""6830"", ""6834"", ""6907"", ""6924"", ""6933"", ""6945"", ""6949"", ""7711"", ""7717"", ""7730"", ""7750"", ""7765"", ""7788"", ""7795"", ""7799"", ""7825"", ""7842"", ""8021"", ""8027"", ""8033"", ""8039"", ""8042"", ""8043"", ""8046"", ""8054"", ""8064"", ""8070"", ""8076"", ""8084"", ""8093"", ""8103"", ""8150"", ""8227"", ""8358"", ""8431"", ""8454"", ""8996"", ""9904""]",2026-10-01
富邦桃園,197,82,19413.5,2419.3,"[""1303"", ""1503"", ""1526"", ""1528"", ""1608"", ""1612"", ""1785"", ""1809"", ""1815"", ""2010"", ""2025"", ""2031"", ""2059"", ""2221"", ""2254"", ""2327"", ""2337"", ""2344"", ""2351"", ""2369"", ""2408"", ""2409"", ""2484"", ""2493"", ""2546"", ""2618"", ""2633"", ""2723"", ""3008"", ""3017"", ""3021"", ""3037"", ""3041"", ""3042"", ""3081"", ""3090"", ""3209"", ""3219"", ""3231"", ""3234"", ""3293"", ""3311"", ""3324"", ""3357"", ""3406"", ""3434"", ""3441"", ""3455"", ""3481"", ""3498"", ""3504"", ""3508"", ""3529"", ""3533"", ""3624"", ""3664"", ""3665"", ""3675"", ""3707"", ""3708"", ""3709"", ""4770"", ""4908"", ""4939"", ""4971"", ""4973"", ""5225"", ""5309"", ""5328"", ""5371"", ""5425"", ""5464"", ""5475"", ""5498"", ""5519"", ""5608"", ""5706"", ""6005"", ""6147"", ""6148"", ""6152"", ""6173"", ""6182"", ""6204"", ""6207"", ""6209"", ""6218"", ""6224"", ""6227"", ""6271"", ""6274"", ""6505"", ""6510"", ""6584"", ""6588"", ""6589"", ""6590"", ""6691"", ""6693"", ""6715"", ""6739"", ""6770"", ""6834"", ""6861"", ""6869"", ""6907"", ""6933"", ""7825"", ""7842"", ""8028"", ""8033"", ""8038"", ""8039"", ""8043"", ""8046"", ""8050"", ""8076"", ""8085"", ""8227"", ""8358"", ""8431"", ""8454"", ""9914"", ""9945""]",2026-10-01
富邦樹林,85,32,1770.1,416.6,"[""1326"", ""1513"", ""1526"", ""1809"", ""2031"", ""2049"", ""2387"", ""2421"", ""2436"", ""2455"", ""2489"", ""2496"", ""2645"", ""2880"", ""2915"", ""3021"", ""3055"", ""3229"", ""3260"", ""3311"", ""3317"", ""3413"", ""3441"", ""3444"", ""3450"", ""3467"", ""3577"", ""3661"", ""3669"", ""3679"", ""3685"", ""4171"", ""4416"", ""4542"", ""4768"", ""4931"", ""4967"", ""5225"", ""5328"", ""5434"", ""5483"", ""6148"", ""6168"", ""6224"", ""6226"", ""6426"", ""6533"", ""6588"", ""6693"", ""6753"", ""6811"", ""6834"", ""6919"", ""7711"", ""7714"", ""7768"", ""7769"", ""7772"", ""7788"", ""7825"", ""7828"", ""8027"", ""8064"", ""8076"", ""8085""]",2026-10-01
富邦永和,304,144,37296.3,10635.5,"[""1301"", ""1303"", ""1307"", ""1326"", ""1504"", ""1514"", ""1519"", ""1528"", ""1560"", ""1612"", ""1713"", ""1727"", ""1810"", ""2020"", ""2030"", ""2241"", ""2303"", ""2305"", ""2313"", ""2327"", ""2332"", ""2337"", ""2344"", ""2359"", ""2360"", ""2363"", ""2369"", ""2379"", ""2382"", ""2387"", ""2388"", ""2406"", ""2409"", ""2426"", ""2436"", ""2454"", ""2455"", ""2467"", ""2478"", ""2481"", ""2493"", ""2496"", ""2542"", ""2546"", ""2601"", ""2634"", ""2645"", ""2855"", ""2887"", ""2891"", ""2923"", ""3008"", ""3016"", ""3021"", ""3031"", ""3037"", ""3042"", ""3049"", ""3081"", ""3105"", ""3114"", ""3167"", ""3209"", ""3219"", ""3229"", ""3293"", ""3324"", ""3354"", ""3374"", ""3376"", ""3388"", ""3406"", ""3434"", ""3443"", ""3450"", ""3481"", ""3529"", ""3532"", ""3543"", ""3564"", ""3577"", ""3624"", ""3653"", ""3661"", ""3675"", ""3679"", ""3685"", ""3707"", ""3716"", ""4542"", ""4556"", ""4577"", ""4736"", ""4764"", ""4807"", ""4931"", ""4939"", ""4956"", ""4958"", ""4967"", ""4971"", ""4976"", ""4977"", ""4991"", ""5202"", ""5251"", ""5274"", ""5291"", ""5299"", ""5328"", ""5351"", ""5371"", ""5386"", ""5464"", ""5475"", ""5519"", ""5608"", ""5706"", ""5876"", ""6139"", ""6147"", ""6152"", ""6173"", ""6179"", ""6182"", ""6187"", ""6209"", ""6213"", ""6217"", ""6221"", ""6226"", ""6243"", ""6245"", ""6274"", ""6279"", ""6282"", ""6291"", ""6442"", ""6451"", ""6456"", ""6505"", ""6510"", ""6579"", ""6588"", ""6617"", ""6668"", ""6669"", ""6672"", ""6683"", ""6715"", ""6727"", ""6753"", ""6770"", ""6829"", ""6834"", ""6869"", ""6906"", ""6925"", ""6945"", ""6949"", ""7610"", ""7714"", ""7751"", ""7765"", ""8028"", ""8033"", ""8039"", ""8046"", ""8070"", ""8076"", ""8085"", ""8093"", ""8096"", ""8110"", ""8150"", ""8182"", ""8358"", ""8454"", ""8996"", ""9904"", ""9941""]",2026-10-01
富邦永康,44,14,5187.0,167.7,"[""1307"", ""1560"", ""1709"", ""1727"", ""2031"", ""2303"", ""2337"", ""2340"", ""2408"", ""2492"", ""2496"", ""3141"", ""4768"", ""4770"", ""4956"", ""4967"", ""4976"", ""5386"", ""5425"", ""5608"", ""6005"", ""6148"", ""6221"", ""6515"", ""6715"", ""6716"", ""6829"", ""6969"", ""7765"", ""7795"", ""8033"", ""8038"", ""8039"", ""8261"", ""9904""]",2026-10-01
富邦港都,42,24,1286.8,378.7,"[""1409"", ""2413"", ""2438"", ""2455"", ""2465"", ""2484"", ""2739"", ""3041"", ""3042"", ""3046"", ""3066"", ""3081"", ""3374"", ""3413"", ""3450"", ""3498"", ""3652"", ""3707"", ""4566"", ""4908"", ""4956"", ""5291"", ""5464"", ""6278"", ""6472"", ""6579"", ""6683"", ""6716"", ""6753"", ""6919"", ""7722"", ""8050""]",2026-10-01
富邦竹北,107,50,3978.8,959.1,"[""1519"", ""1560"", ""1713"", ""1721"", ""1727"", ""1785"", ""2312"", ""2313"", ""2342"", ""2363"", ""2368"", ""2426"", ""2484"", ""2493"", ""2496"", ""2542"", ""2645"", ""2915"", ""3016"", ""3026"", ""3031"", ""3066"", ""3147"", ""3219"", ""3234"", ""3376"", ""3437"", ""3450"", ""3504"", ""3543"", ""3577"", ""3605"", ""3664"", ""3675"", ""3707"", ""3716"", ""4541"", ""4542"", ""4551"", ""4556"", ""4736"", ""4768"", ""4976"", ""5202"", ""5443"", ""5464"", ""5519"", ""6121"", ""6148"", ""6179"", ""6209"", ""6213"", ""6217"", ""6221"", ""6226"", ""6259"", ""6278"", ""6279"", ""6451"", ""6488"", ""6533"", ""6617"", ""6683"", ""6690"", ""6693"", ""6716"", ""6727"", ""6733"", ""6742"", ""6872"", ""6907"", ""6925"", ""8050"", ""8064"", ""8110"", ""8150"", ""8227"", ""8261"", ""8454"", ""9904""]",2026-10-01
富邦竹東,70,28,2379.1,395.8,"[""1307"", ""1713"", ""1809"", ""2352"", ""2409"", ""2434"", ""2481"", ""2546"", ""2634"", ""2816"", ""3016"", ""3066"", ""3211"", ""3297"", ""3388"", ""3441"", ""3504"", ""3624"", ""3652"", ""3707"", ""4541"", ""4556"", ""4577"", ""4931"", ""4939"", ""4956"", ""5328"", ""5443"", ""5475"", ""5515"", ""5608"", ""5706"", ""6152"", ""6213"", ""6223"", ""6244"", ""6279"", ""6533"", ""6617"", ""6672"", ""6689"", ""6691"", ""6693"", ""6716"", ""6742"", ""6753"", ""6770"", ""6907"", ""7772"", ""7795"", ""8050"", ""8054"", ""8150"", ""8227"", ""8261""]",2026-10-01
富邦竹科,75,30,4336.2,671.6,"[""1312"", ""1528"", ""1608"", ""1709"", ""1795"", ""2254"", ""2332"", ""2340"", ""2344"", ""2351"", ""2359"", ""2363"", ""2369"", ""2376"", ""2426"", ""2434"", ""2449"", ""2455"", ""2464"", ""2467"", ""2478"", ""2489"", ""2492"", ""2493"", ""2496"", ""2520"", ""2546"", ""2601"", ""2633"", ""2723"", ""2887"", ""2923"", ""3006"", ""3016"", ""3041"", ""3042"", ""3209"", ""3356"", ""3413"", ""3717"", ""4566"", ""4736"", ""4989"", ""5225"", ""5484"", ""5519"", ""5706"", ""6141"", ""6152"", ""6209"", ""6442"", ""6672"", ""6691"", ""8028"", ""8033"", ""8070""]",2026-10-01
富邦羅東,89,37,6694.0,837.6,"[""1303"", ""1409"", ""1513"", ""1526"", ""1608"", ""2020"", ""2351"", ""2363"", ""2481"", ""2483"", ""2634"", ""2739"", ""2855"", ""2883"", ""3008"", ""3021"", ""3041"", ""3046"", ""3162"", ""3311"", ""3357"", ""3441"", ""3498"", ""3664"", ""3679"", ""4764"", ""4927"", ""4967"", ""4973"", ""4976"", ""5483"", ""5515"", ""5608"", ""6005"", ""6026"", ""6173"", ""6187"", ""6190"", ""6207"", ""6213"", ""6244"", ""6472"", ""6533"", ""6588"", ""6672"", ""6689"", ""6770"", ""6829"", ""6945"", ""7828"", ""8033"", ""8046"", ""8096"", ""8227"", ""8431"", ""8454"", ""9904""]",2026-10-01
富邦花蓮,65,30,2350.8,555.2,"[""1718"", ""2241"", ""2305"", ""2324"", ""2338"", ""2352"", ""2357"", ""2387"", ""2388"", ""2413"", ""2421"", ""2436"", ""2484"", ""2496"", ""2546"", ""2601"", ""2816"", ""2890"", ""3026"", ""3135"", ""3231"", ""3324"", ""3434"", ""3508"", ""3605"", ""3679"", ""3680"", ""3707"", ""4542"", ""4772"", ""4973"", ""5225"", ""5328"", ""5450"", ""5475"", ""6152"", ""6173"", ""6190"", ""6226"", ""6227"", ""6442"", ""6577"", ""6588"", ""6668"", ""6672"", ""6691"", ""6949"", ""7772"", ""8027"", ""8050"", ""8076"", ""8431"", ""9914""]",2026-10-01
富邦苗栗,27,12,531.3,205.9,"[""1528"", ""1605"", ""1712"", ""2387"", ""3374"", ""3520"", ""3680"", ""3707"", ""3708"", ""4540"", ""4908"", ""5299"", ""5351"", ""5464"", ""5484"", ""6456"", ""6577"", ""6907"", ""8043"", ""8064"", ""8150"", ""8937""]",2026-10-01
富邦虎尾,70,35,3632.1,858.5,"[""1312"", ""1526"", ""1528"", ""1709"", ""2049"", ""2241"", ""2303"", ""2327"", ""2425"", ""2464"", ""2478"", ""2484"", ""2489"", ""2492"", ""3105"", ""3234"", ""3236"", ""3317"", ""3356"", ""3357"", ""3437"", ""3441"", ""3564"", ""3577"", ""4510"", ""4541"", ""4736"", ""4931"", ""4939"", ""4977"", ""5312"", ""5314"", ""5371"", ""5498"", ""5519"", ""5608"", ""5706"", ""6121"", ""6141"", ""6224"", ""6226"", ""6505"", ""6533"", ""6588"", ""6617"", ""6872"", ""8042"", ""8150"", ""8182"", ""8261"", ""9914""]",2026-10-01
富邦豐原,21,7,1101.0,160.9,"[""1314"", ""2221"", ""2434"", ""2436"", ""2468"", ""2478"", ""3356"", ""3413"", ""4939"", ""4967"", ""4977"", ""5464"", ""6533"", ""6538"", ""6712"", ""7610""]",2026-10-01
富邦陽明,339,149,26105.7,6542.7,"[""1218"", ""1303"", ""1314"", ""1326"", ""1409"", ""1423"", ""1514"", ""1526"", ""1528"", ""1560"", ""1597"", ""1608"", ""1713"", ""1717"", ""1718"", ""1727"", ""2020"", ""2025"", ""2031"", ""2059"", ""2221"", ""2303"", ""2308"", ""2313"", ""2317"", ""2327"", ""2332"", ""2337"", ""2338"", ""2340"", ""2344"", ""2353"", ""2357"", ""2359"", ""2363"", ""2368"", ""2376"", ""2377"", ""2387"", ""2408"", ""2409"", ""2436"", ""2449"", ""2455"", ""2464"", ""2478"", ""2481"", ""2483"", ""2489"", ""2491"", ""2492"", ""2542"", ""2546"", ""2633"", ""2634"", ""2801"", ""2816"", ""2855"", ""2883"", ""2890"", ""2915"", ""3006"", ""3019"", ""3021"", ""3044"", ""3081"", ""3090"", ""3105"", ""3141"", ""3163"", ""3167"", ""3189"", ""3209"", ""3211"", ""3219"", ""3234"", ""3311"", ""3324"", ""3354"", ""3356"", ""3357"", ""3374"", ""3406"", ""3434"", ""3437"", ""3443"", ""3450"", ""3481"", ""3498"", ""3504"", ""3508"", ""3520"", ""3543"", ""3661"", ""3679"", ""3693"", ""3707"", ""4169"", ""4171"", ""4542"", ""4551"", ""4707"", ""4735"", ""4736"", ""4768"", ""4908"", ""4956"", ""4971"", ""4973"", ""4976"", ""4977"", ""4979"", ""4991"", ""5225"", ""5251"", ""5289"", ""5299"", ""5309"", ""5347"", ""5464"", ""5475"", ""5483"", ""5484"", ""5498"", ""5522"", ""5904"", ""6116"", ""6148"", ""6152"", ""6168"", ""6182"", ""6187"", ""6190"", ""6204"", ""6209"", ""6213"", ""6223"", ""6225"", ""6226"", ""6227"", ""6243"", ""6245"", ""6259"", ""6278"", ""6279"", ""6282"", ""6290"", ""6291"", ""6409"", ""6446"", ""6456"", ""6488"", ""6515"", ""6525"", ""6584"", ""6590"", ""6617"", ""6643"", ""6672"", ""6683"", ""6690"", ""6691"", ""6706"", ""6715"", ""6733"", ""6753"", ""6770"", ""6811"", ""6830"", ""6861"", ""6869"", ""6907"", ""6909"", ""6933"", ""7711"", ""7751"", ""7769"", ""7788"", ""7792"", ""7795"", ""7825"", ""7842"", ""8021"", ""8027"", ""8033"", ""8039"", ""8042"", ""8043"", ""8046"", ""8050"", ""8064"", ""8069"", ""8093"", ""8103"", ""8110"", ""8150"", ""8227"", ""8431"", ""8454""]",2026-10-01
富邦青埔,109,49,4819.0,1720.7,"[""1314"", ""1560"", ""1612"", ""1795"", ""2070"", ""2221"", ""2351"", ""2359"", ""2395"", ""2413"", ""2426"", ""2468"", ""2483"", ""2484"", ""2489"", ""2492"", ""2496"", ""2816"", ""2923"", ""3021"", ""3026"", ""3041"", ""3042"", ""3055"", ""3141"", ""3209"", ""3229"", ""3260"", ""3297"", ""3376"", ""3406"", ""3441"", ""3504"", ""3533"", ""3577"", ""3702"", ""3708"", ""4174"", ""4770"", ""4908"", ""4976"", ""5274"", ""5351"", ""5475"", ""5519"", ""5608"", ""6147"", ""6168"", ""6173"", ""6187"", ""6204"", ""6213"", ""6223"", ""6226"", ""6244"", ""6271"", ""6426"", ""6442"", ""6456"", ""6577"", ""6643"", ""6668"", ""6672"", ""6683"", ""6706"", ""6739"", ""6805"", ""6811"", ""6829"", ""6834"", ""6907"", ""7714"", ""7722"", ""7765"", ""7769"", ""7792"", ""7795"", ""7825"", ""7828"", ""8033"", ""8043"", ""8064"", ""8096"", ""8227""]",2026-10-01
富邦頭份,64,17,1466.2,95.1,"[""1218"", ""1560"", ""2010"", ""2031"", ""2049"", ""2324"", ""2413"", ""2421"", ""2478"", ""2601"", ""2630"", ""2855"", ""2883"", ""3021"", ""3229"", ""3297"", ""3605"", ""4556"", ""4566"", ""4956"", ""5299"", ""5314"", ""5328"", ""5522"", ""6116"", ""6173"", ""6204"", ""6218"", ""6225"", ""6231"", ""6426"", ""6588"", ""6590"", ""6668"", ""6689"", ""6805"", ""6872"", ""6907"", ""6933"", ""7711"", ""7751"", ""7792"", ""7799"", ""7825"", ""8027"", ""8096"", ""8110"", ""8454"", ""8937"", ""9904"", ""9914""]",2026-10-01
富邦高雄,158,78,6734.6,1702.2,"[""1301"", ""1503"", ""1514"", ""1528"", ""1569"", ""1608"", ""1717"", ""1795"", ""1810"", ""2305"", ""2337"", ""2344"", ""2347"", ""2368"", ""2376"", ""2387"", ""2408"", ""2425"", ""2426"", ""2464"", ""2481"", ""2491"", ""2496"", ""2615"", ""2633"", ""2634"", ""2883"", ""2915"", ""2923"", ""3006"", ""3055"", ""3066"", ""3094"", ""3229"", ""3311"", ""3354"", ""3441"", ""3450"", ""3481"", ""3532"", ""3653"", ""3680"", ""3693"", ""3707"", ""4133"", ""4908"", ""4931"", ""4939"", ""4958"", ""4967"", ""4973"", ""4977"", ""4979"", ""4991"", ""5202"", ""5291"", ""5314"", ""5386"", ""5464"", ""5475"", ""5483"", ""5515"", ""5519"", ""5608"", ""5706"", ""6005"", ""6023"", ""6148"", ""6168"", ""6179"", ""6182"", ""6207"", ""6213"", ""6224"", ""6225"", ""6226"", ""6244"", ""6451"", ""6488"", ""6505"", ""6515"", ""6588"", ""6590"", ""6683"", ""6689"", ""6712"", ""6715"", ""6716"", ""6811"", ""6906"", ""6933"", ""7711"", ""7751"", ""7795"", ""8027"", ""8033"", ""8040"", ""8042"", ""8046"", ""8064"", ""8069"", ""8150"", ""8358"", ""8383"", ""8454""]",2026-10-01
富隆,14,9,3358.0,1988.0,"[""2337"", ""2344"", ""2492"", ""2615"", ""2801"", ""2883"", ""2890"", ""3264"", ""3406"", ""5347"", ""5351"", ""6770""]",2026-10-01
寶盛,10,1,182.0,8.0,"[""1713"", ""2426"", ""3669"", ""5251"", ""6278"", ""8070""]",2026-10-01
康和,607,269,153998.4,32552.4,"[""1303"", ""1514"", ""1569"", ""1608"", ""1612"", ""1714"", ""1727"", ""1785"", ""1815"", ""2030"", ""2031"", ""2059"", ""2103"", ""2301"", ""2303"", ""2305"", ""2308"", ""2312"", ""2313"", ""2317"", ""2327"", ""2330"", ""2332"", ""2337"", ""2338"", ""2344"", ""2351"", ""2357"", ""2360"", ""2368"", ""2376"", ""2377"", ""2379"", ""2382"", ""2395"", ""2404"", ""2408"", ""2409"", ""2426"", ""2454"", ""2455"", ""2464"", ""2465"", ""2472"", ""2478"", ""2481"", ""2484"", ""2489"", ""2491"", ""2492"", ""2493"", ""2542"", ""2546"", ""2634"", ""2723"", ""2883"", ""2884"", ""2885"", ""2886"", ""2887"", ""2890"", ""2891"", ""3006"", ""3008"", ""3016"", ""3017"", ""3019"", ""3026"", ""3037"", ""3042"", ""3044"", ""3081"", ""3090"", ""3105"", ""3163"", ""3167"", ""3189"", ""3211"", ""3219"", ""3231"", ""3234"", ""3324"", ""3357"", ""3362"", ""3363"", ""3374"", ""3376"", ""3406"", ""3413"", ""3441"", ""3443"", ""3450"", ""3455"", ""3481"", ""3498"", ""3504"", ""3529"", ""3532"", ""3577"", ""3605"", ""3624"", ""3653"", ""3661"", ""3665"", ""3675"", ""3685"", ""3702"", ""3707"", ""3708"", ""3711"", ""3715"", ""3716"", ""3717"", ""4169"", ""4566"", ""4707"", ""4736"", ""4764"", ""4770"", ""4908"", ""4927"", ""4931"", ""4956"", ""4958"", ""4976"", ""4977"", ""4979"", ""4989"", ""4991"", ""5274"", ""5285"", ""5314"", ""5347"", ""5425"", ""5434"", ""5475"", ""6139"", ""6147"", ""6173"", ""6182"", ""6187"", ""6207"", ""6209"", ""6213"", ""6217"", ""6223"", ""6269"", ""6274"", ""6278"", ""6279"", ""6282"", ""6291"", ""6416"", ""6442"", ""6446"", ""6451"", ""6472"", ""6488"", ""6505"", ""6510"", ""6515"", ""6525"", ""6526"", ""6533"", ""6584"", ""6588"", ""6620"", ""6669"", ""6683"", ""6706"", ""6715"", ""6716"", ""6727"", ""6739"", ""6770"", ""6805"", ""6861"", ""6869"", ""6907"", ""6933"", ""7717"", ""7788"", ""7828"", ""8021"", ""8040"", ""8042"", ""8046"", ""8050"", ""8054"", ""8069"", ""8103"", ""8111"", ""8150"", ""8227"", ""8261"", ""8358"", ""8383"", ""8431"", ""8996"", ""9904"", ""9914"", ""9933"", ""9941""]",2026-10-01
康和仁愛,88,31,5001.8,970.0,"[""1301"", ""1312"", ""1526"", ""1569"", ""1605"", ""1727"", ""1785"", ""1802"", ""1810"", ""2049"", ""2363"", ""2382"", ""2404"", ""2413"", ""2464"", ""2465"", ""2484"", ""2493"", ""2496"", ""2630"", ""2883"", ""3019"", ""3055"", ""3081"", ""3211"", ""3227"", ""3231"", ""3234"", ""3363"", ""3376"", ""3450"", ""3653"", ""3661"", ""3675"", ""4542"", ""5285"", ""5443"", ""5706"", ""6026"", ""6147"", ""6187"", ""6188"", ""6224"", ""6426"", ""6526"", ""6640"", ""6683"", ""6691"", ""6715"", ""6716"", ""6727"", ""7610"", ""8027"", ""8039"", ""8046"", ""8050"", ""8103"", ""8227"", ""8358"", ""8431"", ""8996""]",2026-10-01
康和內湖,49,18,1394.0,294.0,"[""1721"", ""2031"", ""2387"", ""2426"", ""2455"", ""2464"", ""2883"", ""3094"", ""3162"", ""3229"", ""3260"", ""3543"", ""3680"", ""3702"", ""3717"", ""4416"", ""4542"", ""4927"", ""4973"", ""5225"", ""5450"", ""6166"", ""6179"", ""6199"", ""6207"", ""6213"", ""6245"", ""6259"", ""6279"", ""6442"", ""6446"", ""6533"", ""6538"", ""6584"", ""6620"", ""6739"", ""7714"", ""8084"", ""8454"", ""9945""]",2026-10-01
康和南崁,12,4,317.5,96.5,"[""1608"", ""2342"", ""2353"", ""2369"", ""2546"", ""3234"", ""5484"", ""5498"", ""6218"", ""6811"", ""8085"", ""8383""]",2026-10-01
康和台中,49,21,8480.3,525.3,"[""1303"", ""1519"", ""1528"", ""1605"", ""1608"", ""2301"", ""2312"", ""2353"", ""2359"", ""2369"", ""2376"", ""2408"", ""2426"", ""2472"", ""2484"", ""2492"", ""3021"", ""3046"", ""3090"", ""3443"", ""3661"", ""3679"", ""4566"", ""4736"", ""4764"", ""4770"", ""4807"", ""4927"", ""5225"", ""5706"", ""6226"", ""6691"", ""6834"", ""8454""]",2026-10-01
康和台北,60,26,11345.2,1591.7,"[""1612"", ""1815"", ""2010"", ""2059"", ""2254"", ""2317"", ""2337"", ""2344"", ""2347"", ""2351"", ""2360"", ""2408"", ""2464"", ""2481"", ""3016"", ""3041"", ""3049"", ""3234"", ""3305"", ""3374"", ""3406"", ""3450"", ""3481"", ""3532"", ""3624"", ""3709"", ""4707"", ""4908"", ""4958"", ""4979"", ""5475"", ""5515"", ""6187"", ""6488"", ""6584"", ""6770"", ""6834"", ""6907"", ""6919"", ""7795"", ""7825"", ""8039"", ""8076"", ""8085"", ""8227""]",2026-10-01
康和台南,38,17,2079.8,448.6,"[""1709"", ""1809"", ""2010"", ""2030"", ""2241"", ""2344"", ""2352"", ""2363"", ""2368"", ""2409"", ""2454"", ""3016"", ""3044"", ""3055"", ""3234"", ""3362"", ""3680"", ""3715"", ""4169"", ""4908"", ""4973"", ""4976"", ""5386"", ""6121"", ""6271"", ""6426"", ""6442"", ""6526"", ""6668"", ""6716"", ""6739"", ""6861"", ""8227""]",2026-10-01
康和嘉義,90,45,4530.4,571.0,"[""1301"", ""1303"", ""1312"", ""1339"", ""1526"", ""1608"", ""2070"", ""2347"", ""2359"", ""2387"", ""2413"", ""2434"", ""2492"", ""2601"", ""2606"", ""2630"", ""2739"", ""2887"", ""3008"", ""3016"", ""3042"", ""3055"", ""3094"", ""3211"", ""3234"", ""3297"", ""3354"", ""3356"", ""3374"", ""3441"", ""3467"", ""3498"", ""3652"", ""3669"", ""3693"", ""3707"", ""3717"", ""4416"", ""4556"", ""4967"", ""4977"", ""5292"", ""5443"", ""5450"", ""6026"", ""6152"", ""6179"", ""6213"", ""6221"", ""6416"", ""6451"", ""6456"", ""6505"", ""6533"", ""6584"", ""6588"", ""6620"", ""6689"", ""6706"", ""6712"", ""7714"", ""7799"", ""8043"", ""8046"", ""8096"", ""8103"", ""8227"", ""8358""]",2026-10-01
康和屏東,18,8,1003.9,190.9,"[""1326"", ""2387"", ""2610"", ""3008"", ""3090"", ""3356"", ""3374"", ""3693"", ""3715"", ""4510"", ""6147"", ""6173"", ""6179"", ""6291"", ""7788"", ""7792"", ""8103""]",2026-10-01
康和延平,30,14,1442.1,331.4,"[""1526"", ""1810"", ""2020"", ""2305"", ""2351"", ""2413"", ""2464"", ""2465"", ""2467"", ""2468"", ""3090"", ""3441"", ""3508"", ""3693"", ""4958"", ""4977"", ""5464"", ""6182"", ""6753"", ""8039"", ""8111"", ""8150"", ""9914""]",2026-10-01
康和新竹,23,7,612.8,130.0,"[""2020"", ""2221"", ""2455"", ""3008"", ""3260"", ""3624"", ""4768"", ""5515"", ""6166"", ""6209"", ""6226"", ""6589"", ""6693"", ""6727"", ""6742""]",2026-10-01
康和板橋,115,42,2814.5,496.7,"[""1307"", ""1423"", ""1560"", ""2010"", ""2031"", ""2338"", ""2377"", ""2379"", ""2387"", ""2388"", ""2399"", ""2413"", ""2444"", ""2465"", ""2478"", ""2493"", ""2496"", ""2546"", ""2923"", ""3018"", ""3041"", ""3081"", ""3229"", ""3231"", ""3296"", ""3324"", ""3362"", ""3434"", ""3467"", ""3508"", ""3529"", ""3669"", ""3679"", ""3702"", ""4416"", ""4908"", ""4924"", ""4973"", ""5225"", ""5291"", ""5475"", ""5522"", ""5706"", ""6005"", ""6026"", ""6207"", ""6217"", ""6279"", ""6446"", ""6505"", ""6515"", ""6577"", ""6579"", ""6590"", ""6683"", ""6906"", ""6933"", ""7711"", ""7730"", ""7772"", ""8033"", ""8085"", ""8110"", ""8227""]",2026-10-01
康和永和,44,17,1458.2,507.8,"[""1608"", ""2408"", ""2645"", ""2855"", ""3362"", ""3441"", ""3504"", ""3520"", ""3693"", ""4416"", ""4551"", ""4566"", ""4736"", ""4971"", ""5312"", ""5498"", ""6112"", ""6173"", ""6179"", ""6217"", ""6290"", ""6416"", ""6505"", ""6538"", ""6668"", ""6716"", ""8033"", ""8085"", ""8110"", ""8227"", ""9907"", ""9941""]",2026-10-01
康和澎湖,14,2,371.3,2.0,"[""1339"", ""1785"", ""2468"", ""2618"", ""3021"", ""3680"", ""4736"", ""4908"", ""5351"", ""5706"", ""6243"", ""6279"", ""6672"", ""8070""]",2026-10-01
康和石牌,13,4,477.0,37.0,"[""1608"", ""1810"", ""2204"", ""2464"", ""3147"", ""4973"", ""5706"", ""6245"", ""6456"", ""6579"", ""6727""]",2026-10-01
康和臺中,29,14,676.6,138.9,"[""2061"", ""2221"", ""3105"", ""3498"", ""3529"", ""4768"", ""4908"", ""4931"", ""4973"", ""5309"", ""5312"", ""6173"", ""6291"", ""6584"", ""6620"", ""6640"", ""6811"", ""6945"", ""7825"", ""8042"", ""8085"", ""8096""]",2026-10-01
康和高雄,101,48,4965.7,937.1,"[""1312"", ""1326"", ""1526"", ""1528"", ""1569"", ""1608"", ""1713"", ""1717"", ""1718"", ""1809"", ""1810"", ""2069"", ""2070"", ""2301"", ""2338"", ""2347"", ""2368"", ""2379"", ""2413"", ""2465"", ""2483"", ""2484"", ""2489"", ""2491"", ""3021"", ""3037"", ""3055"", ""3152"", ""3162"", ""3167"", ""3354"", ""3357"", ""3413"", ""3455"", ""3532"", ""3564"", ""3577"", ""3605"", ""4542"", ""4556"", ""4772"", ""4973"", ""4977"", ""4991"", ""5347"", ""5351"", ""5425"", ""5519"", ""6121"", ""6147"", ""6179"", ""6182"", ""6243"", ""6279"", ""6515"", ""6588"", ""6640"", ""6672"", ""6733"", ""6739"", ""6805"", ""6830"", ""6909"", ""6925"", ""6969"", ""7842"", ""8103"", ""8150"", ""9904""]",2026-10-01
彰銀,68,18,8035.1,564.6,"[""1314"", ""1713"", ""2020"", ""2049"", ""2308"", ""2330"", ""2352"", ""2357"", ""2368"", ""2421"", ""2449"", ""2468"", ""2472"", ""2483"", ""2542"", ""2801"", ""2855"", ""3008"", ""3019"", ""3037"", ""3041"", ""3081"", ""3219"", ""3234"", ""3260"", ""3356"", ""3443"", ""3653"", ""3685"", ""3716"", ""4931"", ""4939"", ""4971"", ""4991"", ""5225"", ""5498"", ""6274"", ""6426"", ""6488"", ""6533"", ""6668"", ""6770"", ""6906"", ""7722"", ""7749"", ""7825"", ""8042"", ""8069"", ""8996"", ""9945""]",2026-10-01
彰銀七賢,22,5,1291.2,43.4,"[""1301"", ""1569"", ""1612"", ""2305"", ""2388"", ""2801"", ""2816"", ""3219"", ""3362"", ""3374"", ""3543"", ""3661"", ""4967"", ""5475"", ""6505"", ""8070"", ""9914""]",2026-10-01
彰銀台中,53,23,3516.3,753.7,"[""1526"", ""1528"", ""1605"", ""1721"", ""2305"", ""2317"", ""2387"", ""2633"", ""2634"", ""2801"", ""2883"", ""3017"", ""3021"", ""3041"", ""3141"", ""3167"", ""3209"", ""3229"", ""3376"", ""3481"", ""3532"", ""3679"", ""3708"", ""4736"", ""4939"", ""5225"", ""5450"", ""5515"", ""5608"", ""6226"", ""6279"", ""6472"", ""6533"", ""6693"", ""6830"", ""6907"", ""6945"", ""8042"", ""8070"", ""8096"", ""8454"", ""9914""]",2026-10-01
德信,29,14,10500.4,5413.6,"[""1809"", ""2312"", ""2330"", ""2408"", ""2409"", ""2489"", ""2634"", ""3017"", ""3152"", ""3163"", ""3441"", ""3716"", ""4939"", ""5289"", ""5871"", ""6148"", ""6173"", ""6179"", ""6488"", ""6533"", ""6620"", ""6716"", ""6949""]",2026-10-01
德信中正,27,7,756.4,231.1,"[""1608"", ""2305"", ""2382"", ""2468"", ""3021"", ""5347"", ""5464"", ""5475"", ""5484"", ""6116"", ""6148"", ""6152"", ""6179"", ""6207"", ""6221"", ""6243"", ""6442"", ""6579"", ""6620"", ""6693"", ""6885"", ""8042"", ""8064"", ""8227""]",2026-10-01
德信和平,21,3,700.0,7.0,"[""2363"", ""2421"", ""2484"", ""2634"", ""3234"", ""3311"", ""3679"", ""3680"", ""4566"", ""6148"", ""6426"", ""6577"", ""6829"", ""8043"", ""8050""]",2026-10-01
德信新營,16,3,733.1,47.0,"[""1301"", ""1312"", ""2010"", ""2387"", ""2633"", ""3296"", ""3716"", ""4416"", ""4927"", ""5225"", ""5484"", ""8383"", ""9904""]",2026-10-01
摩根士丹利,1144,478,351950.1,85453.9,"[""1569"", ""1591"", ""1595"", ""1785"", ""1815"", ""2061"", ""2070"", ""2221"", ""3066"", ""3081"", ""3105"", ""3141"", ""3147"", ""3152"", ""3162"", ""3163"", ""3211"", ""3219"", ""3227"", ""3234"", ""3260"", ""3264"", ""3293"", ""3297"", ""3317"", ""3324"", ""3339"", ""3354"", ""3357"", ""3362"", ""3363"", ""3374"", ""3388"", ""3441"", ""3455"", ""3467"", ""3491"", ""3498"", ""3508"", ""3520"", ""3529"", ""3540"", ""3564"", ""3577"", ""3594"", ""3624"", ""3675"", ""3680"", ""3685"", ""3691"", ""3693"", ""3707"", ""3709"", ""4123"", ""4171"", ""4174"", ""4416"", ""4510"", ""4541"", ""4542"", ""4556"", ""4577"", ""4707"", ""4772"", ""4908"", ""4931"", ""4939"", ""4971"", ""4973"", ""4979"", ""4991"", ""5202"", ""5251"", ""5274"", ""5289"", ""5291"", ""5299"", ""5309"", ""5312"", ""5314"", ""5328"", ""5347"", ""5351"", ""5371"", ""5386"", ""5425"", ""5443"", ""5450"", ""5464"", ""5475"", ""5483"", ""5498"", ""6023"", ""6026"", ""6121"", ""6147"", ""6148"", ""6173"", ""6175"", ""6179"", ""6182"", ""6187"", ""6188"", ""6190"", ""6199"", ""6204"", ""6207"", ""6217"", ""6218"", ""6221"", ""6223"", ""6227"", ""6231"", ""6244"", ""6245"", ""6259"", ""6265"", ""6274"", ""6279"", ""6290"", ""6291"", ""6461"", ""6488"", ""6510"", ""6517"", ""6530"", ""6538"", ""6547"", ""6548"", ""6577"", ""6584"", ""6588"", ""6590"", ""6617"", ""6620"", ""6640"", ""6643"", ""6683"", ""6690"", ""6693"", ""6712"", ""6716"", ""6727"", ""6733"", ""6739"", ""6811"", ""6829"", ""6907"", ""6925"", ""6945"", ""7714"", ""7717"", ""7751"", ""7772"", ""7777"", ""7792"", ""7825"", ""7828"", ""7842"", ""8027"", ""8038"", ""8042"", ""8043"", ""8050"", ""8054"", ""8064"", ""8069"", ""8076"", ""8084"", ""8085"", ""8096"", ""8111"", ""8182"", ""8227"", ""8358"", ""8383"", ""8431"", ""8937""]",2026-10-01
摩根大通,3070,1310,1976896.3,400516.3,"[""1108"", ""1301"", ""1303"", ""1307"", ""1312"", ""1314"", ""1326"", ""1409"", ""1423"", ""1446"", ""1503"", ""1504"", ""1513"", ""1514"", ""1519"", ""1526"", ""1528"", ""1560"", ""1569"", ""1605"", ""1608"", ""1612"", ""1709"", ""1713"", ""1714"", ""1717"", ""1718"", ""1721"", ""1727"", ""1785"", ""1795"", ""1802"", ""1809"", ""1810"", ""1815"", ""2006"", ""2010"", ""2020"", ""2025"", ""2027"", ""2030"", ""2031"", ""2033"", ""2049"", ""2059"", ""2069"", ""2070"", ""2103"", ""2204"", ""2221"", ""2254"", ""2301"", ""2302"", ""2303"", ""2305"", ""2308"", ""2312"", ""2313"", ""2317"", ""2324"", ""2327"", ""2330"", ""2332"", ""2337"", ""2338"", ""2340"", ""2342"", ""2344"", ""2347"", ""2351"", ""2352"", ""2353"", ""2357"", ""2359"", ""2360"", ""2363"", ""2368"", ""2369"", ""2375"", ""2376"", ""2377"", ""2379"", ""2382"", ""2387"", ""2388"", ""2392"", ""2395"", ""2404"", ""2406"", ""2408"", ""2409"", ""2413"", ""2421"", ""2425"", ""2426"", ""2434"", ""2436"", ""2444"", ""2449"", ""2454"", ""2455"", ""2464"", ""2465"", ""2467"", ""2468"", ""2472"", ""2478"", ""2481"", ""2483"", ""2484"", ""2489"", ""2491"", ""2492"", ""2493"", ""2496"", ""2542"", ""2546"", ""2547"", ""2601"", ""2603"", ""2610"", ""2615"", ""2618"", ""2630"", ""2633"", ""2634"", ""2645"", ""2723"", ""2739"", ""2801"", ""2816"", ""2851"", ""2855"", ""2882"", ""2883"", ""2885"", ""2887"", ""2890"", ""2891"", ""2915"", ""2923"", ""3003"", ""3006"", ""3008"", ""3016"", ""3017"", ""3019"", ""3021"", ""3026"", ""3036"", ""3037"", ""3041"", ""3042"", ""3044"", ""3046"", ""3049"", ""3055"", ""3066"", ""3081"", ""3090"", ""3094"", ""3105"", ""3141"", ""3147"", ""3152"", ""3162"", ""3163"", ""3167"", ""3189"", ""3211"", ""3219"", ""3227"", ""3229"", ""3231"", ""3234"", ""3236"", ""3260"", ""3264"", ""3293"", ""3296"", ""3297"", ""3311"", ""3324"", ""3339"", ""3354"", ""3356"", ""3357"", ""3362"", ""3363"", ""3374"", ""3376"", ""3388"", ""3406"", ""3413"", ""3434"", ""3437"", ""3441"", ""3443"", ""3450"", ""3467"", ""3481"", ""3490"", ""3498"", ""3518"", ""3520"", ""3529"", ""3532"", ""3533"", ""3543"", ""3564"", ""3577"", ""3594"", ""3605"", ""3624"", ""3652"", ""3653"", ""3661"", ""3665"", ""3669"", ""3675"", ""3679"", ""3680"", ""3685"", ""3693"", ""3702"", ""3707"", ""3708"", ""3709"", ""3711"", ""3715"", ""3716"", ""3717"", ""4133"", ""4169"", ""4171"", ""4416"", ""4541"", ""4542"", ""4551"", ""4556"", ""4566"", ""4577"", ""4707"", ""4736"", ""4764"", ""4768"", ""4770"", ""4772"", ""4807"", ""4908"", ""4919"", ""4923"", ""4927"", ""4931"", ""4939"", ""4956"", ""4958"", ""4967"", ""4971"", ""4973"", ""4976"", ""4977"", ""4979"", ""4989"", ""4991"", ""5202"", ""5225"", ""5251"", ""5274"", ""5285"", ""5289"", ""5291"", ""5299"", ""5309"", ""5314"", ""5328"", ""5340"", ""5347"", ""5351"", ""5371"", ""5386"", ""5425"", ""5434"", ""5443"", ""5450"", ""5464"", ""5475"", ""5483"", ""5484"", ""5498"", ""5515"", ""5519"", ""5522"", ""5608"", ""5706"", ""5871"", ""5876"", ""6005"", ""6023"", ""6026"", ""6112"", ""6116"", ""6121"", ""6133"", ""6139"", ""6141"", ""6147"", ""6148"", ""6152"", ""6166"", ""6168"", ""6173"", ""6175"", ""6179"", ""6182"", ""6187"", ""6190"", ""6199"", ""6204"", ""6206"", ""6207"", ""6209"", ""6213"", ""6217"", ""6218"", ""6221"", ""6223"", ""6224"", ""6226"", ""6227"", ""6231"", ""6243"", ""6244"", ""6245"", ""6257"", ""6259"", ""6265"", ""6269"", ""6271"", ""6272"", ""6274"", ""6278"", ""6279"", ""6282"", ""6290"", ""6291"", ""6409"", ""6416"", ""6426"", ""6442"", ""6446"", ""6451"", ""6456"", ""6461"", ""6488"", ""6505"", ""6510"", ""6515"", ""6517"", ""6525"", ""6526"", ""6530"", ""6531"", ""6533"", ""6538"", ""6547"", ""6548"", ""6577"", ""6579"", ""6584"", ""6588"", ""6589"", ""6620"", ""6640"", ""6643"", ""6668"", ""6669"", ""6672"", ""6683"", ""6689"", ""6690"", ""6691"", ""6693"", ""6706"", ""6712"", ""6715"", ""6716"", ""6727"", ""6733"", ""6739"", ""6742"", ""6753"", ""6770"", ""6805"", ""6811"", ""6829"", ""6830"", ""6834"", ""6861"", ""6863"", ""6869"", ""6885"", ""6906"", ""6907"", ""6919"", ""6924"", ""6933"", ""6945"", ""6949"", ""6969"", ""7610"", ""7711"", ""7714"", ""7717"", ""7722"", ""7730"", ""7751"", ""7765"", ""7768"", ""7769"", ""7772"", ""7777"", ""7788"", ""7792"", ""7795"", ""7799"", ""7825"", ""7828"", ""7842"", ""8021"", ""8027"", ""8028"", ""8033"", ""8038"", ""8039"", ""8040"", ""8042"", ""8043"", ""8046"", ""8050"", ""8054"", ""8064"", ""8069"", ""8070"", ""8076"", ""8085"", ""8096"", ""8103"", ""8110"", ""8111"", ""8112"", ""8150"", ""8182"", ""8227"", ""8261"", ""8358"", ""8383"", ""8431"", ""8454"", ""8996"", ""9904"", ""9907"", ""9914"", ""9921"", ""9933"", ""9941"", ""9945""]",2026-10-01
新光,1475,782,189094.0,49352.6,"[""1218"", ""1301"", ""1303"", ""1326"", ""1339"", ""1409"", ""1423"", ""1504"", ""1513"", ""1514"", ""1519"", ""1526"", ""1528"", ""1560"", ""1569"", ""1595"", ""1608"", ""1612"", ""1709"", ""1713"", ""1714"", ""1721"", ""1727"", ""1785"", ""1795"", ""1802"", ""1809"", ""1810"", ""1815"", ""2010"", ""2025"", ""2027"", ""2030"", ""2031"", ""2049"", ""2070"", ""2103"", ""2204"", ""2221"", ""2301"", ""2303"", ""2305"", ""2308"", ""2312"", ""2313"", ""2317"", ""2327"", ""2330"", ""2332"", ""2337"", ""2338"", ""2340"", ""2342"", ""2344"", ""2347"", ""2351"", ""2352"", ""2357"", ""2359"", ""2360"", ""2363"", ""2368"", ""2369"", ""2375"", ""2382"", ""2387"", ""2392"", ""2395"", ""2406"", ""2408"", ""2409"", ""2413"", ""2421"", ""2425"", ""2426"", ""2434"", ""2436"", ""2449"", ""2454"", ""2455"", ""2464"", ""2465"", ""2467"", ""2468"", ""2472"", ""2478"", ""2481"", ""2483"", ""2484"", ""2489"", ""2491"", ""2492"", ""2493"", ""2496"", ""2542"", ""2546"", ""2547"", ""2548"", ""2601"", ""2603"", ""2615"", ""2618"", ""2630"", ""2633"", ""2634"", ""2645"", ""2723"", ""2739"", ""2801"", ""2816"", ""2851"", ""2855"", ""2883"", ""2884"", ""2886"", ""2887"", ""2890"", ""2891"", ""2903"", ""2915"", ""2923"", ""3006"", ""3008"", ""3016"", ""3017"", ""3018"", ""3019"", ""3026"", ""3031"", ""3036"", ""3037"", ""3041"", ""3042"", ""3046"", ""3048"", ""3049"", ""3055"", ""3066"", ""3081"", ""3090"", ""3094"", ""3105"", ""3141"", ""3147"", ""3152"", ""3162"", ""3163"", ""3167"", ""3189"", ""3209"", ""3211"", ""3219"", ""3227"", ""3229"", ""3231"", ""3234"", ""3260"", ""3264"", ""3293"", ""3297"", ""3305"", ""3311"", ""3324"", ""3356"", ""3357"", ""3362"", ""3374"", ""3376"", ""3406"", ""3413"", ""3434"", ""3441"", ""3443"", ""3450"", ""3455"", ""3467"", ""3481"", ""3491"", ""3498"", ""3504"", ""3508"", ""3520"", ""3529"", ""3532"", ""3533"", ""3543"", ""3564"", ""3577"", ""3594"", ""3605"", ""3624"", ""3652"", ""3653"", ""3661"", ""3664"", ""3669"", ""3673"", ""3675"", ""3679"", ""3680"", ""3685"", ""3691"", ""3693"", ""3707"", ""3708"", ""3709"", ""3711"", ""3715"", ""3716"", ""3717"", ""4133"", ""4169"", ""4171"", ""4416"", ""4542"", ""4556"", ""4566"", ""4576"", ""4577"", ""4707"", ""4722"", ""4735"", ""4736"", ""4764"", ""4768"", ""4772"", ""4807"", ""4908"", ""4919"", ""4924"", ""4927"", ""4931"", ""4939"", ""4956"", ""4958"", ""4967"", ""4971"", ""4973"", ""4976"", ""4977"", ""4979"", ""4989"", ""4991"", ""5202"", ""5225"", ""5251"", ""5274"", ""5285"", ""5289"", ""5291"", ""5292"", ""5299"", ""5314"", ""5328"", ""5340"", ""5347"", ""5351"", ""5371"", ""5425"", ""5434"", ""5443"", ""5450"", ""5464"", ""5475"", ""5483"", ""5498"", ""5515"", ""5519"", ""5522"", ""5608"", ""5706"", ""5871"", ""6005"", ""6023"", ""6026"", ""6112"", ""6116"", ""6121"", ""6139"", ""6141"", ""6147"", ""6152"", ""6166"", ""6173"", ""6175"", ""6179"", ""6182"", ""6187"", ""6204"", ""6207"", ""6209"", ""6213"", ""6217"", ""6218"", ""6224"", ""6226"", ""6227"", ""6231"", ""6244"", ""6259"", ""6271"", ""6274"", ""6278"", ""6279"", ""6282"", ""6290"", ""6291"", ""6409"", ""6426"", ""6442"", ""6446"", ""6456"", ""6488"", ""6505"", ""6510"", ""6515"", ""6525"", ""6533"", ""6538"", ""6577"", ""6579"", ""6584"", ""6588"", ""6589"", ""6590"", ""6617"", ""6620"", ""6640"", ""6643"", ""6668"", ""6669"", ""6672"", ""6683"", ""6690"", ""6691"", ""6693"", ""6706"", ""6715"", ""6716"", ""6727"", ""6733"", ""6739"", ""6753"", ""6770"", ""6805"", ""6811"", ""6829"", ""6834"", ""6861"", ""6869"", ""6872"", ""6906"", ""6907"", ""6909"", ""6919"", ""6925"", ""6933"", ""6949"", ""7711"", ""7714"", ""7717"", ""7722"", ""7730"", ""7749"", ""7751"", ""7765"", ""7768"", ""7769"", ""7788"", ""7792"", ""7795"", ""7799"", ""7825"", ""7842"", ""8021"", ""8027"", ""8028"", ""8033"", ""8038"", ""8039"", ""8042"", ""8043"", ""8046"", ""8050"", ""8064"", ""8069"", ""8076"", ""8084"", ""8085"", ""8093"", ""8096"", ""8103"", ""8110"", ""8111"", ""8150"", ""8182"", ""8227"", ""8261"", ""8358"", ""8431"", ""8454"", ""8996"", ""9904"", ""9914"", ""9933"", ""9945""]",2026-10-01
新光台中,318,149,13578.9,3582.2,"[""1218"", ""1423"", ""1519"", ""1526"", ""1528"", ""1591"", ""1608"", ""1712"", ""1785"", ""1815"", ""2010"", ""2025"", ""2049"", ""2103"", ""2204"", ""2221"", ""2254"", ""2301"", ""2302"", ""2305"", ""2313"", ""2338"", ""2340"", ""2344"", ""2351"", ""2357"", ""2368"", ""2369"", ""2375"", ""2387"", ""2392"", ""2404"", ""2409"", ""2413"", ""2425"", ""2426"", ""2465"", ""2478"", ""2481"", ""2493"", ""2496"", ""2542"", ""2618"", ""2633"", ""2634"", ""2723"", ""2816"", ""2883"", ""2903"", ""2915"", ""2923"", ""3006"", ""3021"", ""3026"", ""3037"", ""3046"", ""3055"", ""3081"", ""3090"", ""3162"", ""3163"", ""3211"", ""3229"", ""3297"", ""3339"", ""3362"", ""3434"", ""3441"", ""3443"", ""3467"", ""3498"", ""3520"", ""3605"", ""3652"", ""3669"", ""3679"", ""3691"", ""3702"", ""3707"", ""3708"", ""3715"", ""3717"", ""4133"", ""4169"", ""4171"", ""4416"", ""4542"", ""4556"", ""4566"", ""4735"", ""4770"", ""4908"", ""4927"", ""4931"", ""4939"", ""4956"", ""4967"", ""4971"", ""4973"", ""4976"", ""4977"", ""4979"", ""5225"", ""5230"", ""5251"", ""5289"", ""5292"", ""5299"", ""5328"", ""5386"", ""5434"", ""5443"", ""5475"", ""5483"", ""5519"", ""5522"", ""5706"", ""5871"", ""6112"", ""6152"", ""6168"", ""6173"", ""6175"", ""6179"", ""6182"", ""6206"", ""6213"", ""6217"", ""6221"", ""6223"", ""6225"", ""6227"", ""6243"", ""6245"", ""6259"", ""6279"", ""6409"", ""6426"", ""6442"", ""6446"", ""6456"", ""6488"", ""6505"", ""6515"", ""6538"", ""6577"", ""6588"", ""6590"", ""6620"", ""6643"", ""6668"", ""6672"", ""6690"", ""6706"", ""6739"", ""6770"", ""6805"", ""6811"", ""6830"", ""6834"", ""6907"", ""6925"", ""6933"", ""6945"", ""7711"", ""7722"", ""7730"", ""7765"", ""7768"", ""7799"", ""7842"", ""8039"", ""8042"", ""8046"", ""8050"", ""8064"", ""8070"", ""8084"", ""8110"", ""8111"", ""8150"", ""8182"", ""8227"", ""8358"", ""8383"", ""8937"", ""9904"", ""9907"", ""9914""]",2026-10-01
新光台南,227,119,18325.3,5043.3,"[""1526"", ""1528"", ""1709"", ""1718"", ""1810"", ""2010"", ""2103"", ""2221"", ""2305"", ""2351"", ""2352"", ""2377"", ""2388"", ""2426"", ""2436"", ""2464"", ""2465"", ""2472"", ""2483"", ""2484"", ""2491"", ""2496"", ""2546"", ""2610"", ""2633"", ""2723"", ""2903"", ""3021"", ""3041"", ""3042"", ""3055"", ""3081"", ""3090"", ""3141"", ""3147"", ""3167"", ""3211"", ""3227"", ""3229"", ""3339"", ""3354"", ""3388"", ""3434"", ""3498"", ""3508"", ""3543"", ""3564"", ""3577"", ""3624"", ""3664"", ""3693"", ""3708"", ""3717"", ""4171"", ""4510"", ""4542"", ""4556"", ""4566"", ""4577"", ""4735"", ""4931"", ""4939"", ""4956"", ""4958"", ""4971"", ""4973"", ""4977"", ""4989"", ""5202"", ""5291"", ""5299"", ""5314"", ""5328"", ""5351"", ""5386"", ""5450"", ""5464"", ""5475"", ""5519"", ""5522"", ""5608"", ""6005"", ""6148"", ""6152"", ""6173"", ""6179"", ""6182"", ""6207"", ""6217"", ""6218"", ""6221"", ""6223"", ""6226"", ""6231"", ""6259"", ""6279"", ""6442"", ""6451"", ""6526"", ""6533"", ""6538"", ""6577"", ""6584"", ""6590"", ""6617"", ""6620"", ""6689"", ""6706"", ""6712"", ""6715"", ""6739"", ""6770"", ""6811"", ""6829"", ""6834"", ""6906"", ""6907"", ""6909"", ""6919"", ""6925"", ""6949"", ""7711"", ""7714"", ""7722"", ""7751"", ""7769"", ""7792"", ""8027"", ""8033"", ""8039"", ""8064"", ""8096"", ""8111"", ""8227"", ""8431"", ""8996""]",2026-10-01
新光新竹,225,91,11456.8,1558.6,"[""1303"", ""1326"", ""1528"", ""1595"", ""1605"", ""1709"", ""1802"", ""1809"", ""2010"", ""2030"", ""2070"", ""2221"", ""2241"", ""2305"", ""2324"", ""2332"", ""2337"", ""2338"", ""2342"", ""2344"", ""2351"", ""2360"", ""2363"", ""2369"", ""2375"", ""2377"", ""2388"", ""2406"", ""2413"", ""2425"", ""2434"", ""2454"", ""2464"", ""2468"", ""2481"", ""2492"", ""2493"", ""2542"", ""2546"", ""3017"", ""3019"", ""3021"", ""3041"", ""3042"", ""3055"", ""3090"", ""3105"", ""3147"", ""3209"", ""3219"", ""3227"", ""3264"", ""3297"", ""3324"", ""3339"", ""3354"", ""3357"", ""3374"", ""3406"", ""3434"", ""3441"", ""3481"", ""3490"", ""3504"", ""3529"", ""3577"", ""3605"", ""3679"", ""3685"", ""3707"", ""3708"", ""4416"", ""4541"", ""4542"", ""4551"", ""4556"", ""4566"", ""4707"", ""4764"", ""4772"", ""4908"", ""4931"", ""4939"", ""4956"", ""4958"", ""4967"", ""4971"", ""4973"", ""4991"", ""5230"", ""5291"", ""5328"", ""5347"", ""5351"", ""5386"", ""5425"", ""5450"", ""5464"", ""5475"", ""5515"", ""6121"", ""6141"", ""6147"", ""6152"", ""6173"", ""6187"", ""6207"", ""6213"", ""6221"", ""6225"", ""6282"", ""6416"", ""6426"", ""6442"", ""6446"", ""6515"", ""6531"", ""6533"", ""6548"", ""6584"", ""6588"", ""6640"", ""6669"", ""6672"", ""6683"", ""6716"", ""6739"", ""6907"", ""6969"", ""7610"", ""7772"", ""7788"", ""8039"", ""8043"", ""8046"", ""8069"", ""8150"", ""8358"", ""8383"", ""8431"", ""8937"", ""9904"", ""9945""]",2026-10-01
新光桃園,116,48,5965.9,2612.2,"[""1218"", ""1301"", ""1303"", ""1423"", ""1709"", ""1713"", ""1727"", ""1815"", ""2020"", ""2025"", ""2305"", ""2324"", ""2338"", ""2351"", ""2399"", ""2409"", ""2413"", ""2421"", ""2436"", ""2465"", ""2472"", ""2483"", ""2601"", ""2634"", ""2801"", ""2883"", ""2886"", ""3021"", ""3135"", ""3167"", ""3211"", ""3219"", ""3227"", ""3324"", ""3362"", ""3498"", ""3504"", ""3564"", ""3624"", ""3709"", ""3715"", ""4566"", ""4931"", ""4958"", ""4973"", ""5291"", ""5299"", ""5425"", ""5434"", ""5464"", ""5608"", ""5904"", ""6133"", ""6147"", ""6152"", ""6166"", ""6187"", ""6199"", ""6207"", ""6209"", ""6226"", ""6227"", ""6278"", ""6426"", ""6488"", ""6505"", ""6533"", ""6577"", ""6579"", ""6588"", ""6590"", ""6617"", ""6733"", ""6782"", ""6829"", ""6830"", ""6869"", ""6885"", ""6907"", ""6933"", ""7788"", ""8042"", ""8043"", ""8111"", ""8150"", ""8182"", ""8454"", ""9914""]",2026-10-01
新光高雄,117,51,4997.7,1307.8,"[""1312"", ""1314"", ""1409"", ""1423"", ""1528"", ""1605"", ""2010"", ""2069"", ""2204"", ""2221"", ""2301"", ""2305"", ""2313"", ""2342"", ""2363"", ""2395"", ""2409"", ""2413"", ""2425"", ""2464"", ""2478"", ""2491"", ""2496"", ""2546"", ""2816"", ""2915"", ""3019"", ""3094"", ""3135"", ""3152"", ""3211"", ""3296"", ""3356"", ""3406"", ""3653"", ""3675"", ""4510"", ""4566"", ""4908"", ""4927"", ""4931"", ""4939"", ""4958"", ""4971"", ""4973"", ""4991"", ""5328"", ""5483"", ""5519"", ""5608"", ""6148"", ""6166"", ""6175"", ""6179"", ""6207"", ""6225"", ""6226"", ""6227"", ""6274"", ""6282"", ""6579"", ""6584"", ""6588"", ""6691"", ""6706"", ""6739"", ""6907"", ""6969"", ""7717"", ""7788"", ""8054"", ""8070"", ""8096"", ""8111"", ""8150"", ""8182"", ""8227"", ""8261"", ""9904"", ""9941""]",2026-10-01
新百王,116,43,7292.5,1103.9,"[""1218"", ""1307"", ""1423"", ""1446"", ""1526"", ""1713"", ""1718"", ""1815"", ""2010"", ""2025"", ""2069"", ""2241"", ""2305"", ""2312"", ""2317"", ""2338"", ""2357"", ""2409"", ""2413"", ""2425"", ""2426"", ""2436"", ""2542"", ""2645"", ""2739"", ""3019"", ""3147"", ""3219"", ""3234"", ""3356"", ""3605"", ""3675"", ""3693"", ""3709"", ""3716"", ""3717"", ""4416"", ""4736"", ""4939"", ""4976"", ""5251"", ""5291"", ""5299"", ""5450"", ""5475"", ""5519"", ""6026"", ""6147"", ""6152"", ""6179"", ""6182"", ""6217"", ""6244"", ""6505"", ""6588"", ""6620"", ""6689"", ""6716"", ""6753"", ""6829"", ""6924"", ""6945"", ""7722"", ""7730"", ""7825"", ""8033"", ""8064"", ""8103"", ""8261""]",2026-10-01
日茂,27,14,2940.9,233.1,"[""1307"", ""1514"", ""1810"", ""2342"", ""2363"", ""2606"", ""2630"", ""2634"", ""3081"", ""3231"", ""3665"", ""3708"", ""4566"", ""5225"", ""5314"", ""5386"", ""6026"", ""6168"", ""6259"", ""6510"", ""6829"", ""8046"", ""8227"", ""8454""]",2026-10-01
日茂南投,6,0,374.0,0.0,"[""1612"", ""1721"", ""2010"", ""2369"", ""4735"", ""5314""]",2026-10-01
日茂埔里,3,0,23.0,0.0,"[""3434"", ""3707"", ""6426""]",2026-10-01
日進,43,11,4585.8,1205.0,"[""1301"", ""2338"", ""2340"", ""2455"", ""3008"", ""3219"", ""3293"", ""3311"", ""3362"", ""3406"", ""3441"", ""3444"", ""3709"", ""4770"", ""4956"", ""5450"", ""5475"", ""5706"", ""6026"", ""6152"", ""6190"", ""6226"", ""6231"", ""6243"", ""6272"", ""6291"", ""6426"", ""6584"", ""6683"", ""7772"", ""7792"", ""7828"", ""8033"", ""8076""]",2026-10-01
星洲瑞銀,967,472,203006.3,54338.4,"[""1569"", ""1591"", ""1785"", ""1815"", ""2070"", ""2221"", ""3066"", ""3081"", ""3105"", ""3141"", ""3147"", ""3152"", ""3162"", ""3163"", ""3211"", ""3219"", ""3227"", ""3234"", ""3260"", ""3264"", ""3293"", ""3297"", ""3324"", ""3339"", ""3357"", ""3362"", ""3363"", ""3374"", ""3388"", ""3441"", ""3444"", ""3455"", ""3467"", ""3491"", ""3498"", ""3520"", ""3529"", ""3540"", ""3564"", ""3577"", ""3594"", ""3624"", ""3675"", ""3680"", ""3685"", ""3691"", ""3693"", ""3707"", ""3709"", ""4123"", ""4171"", ""4174"", ""4416"", ""4510"", ""4541"", ""4542"", ""4556"", ""4577"", ""4768"", ""4772"", ""4908"", ""4931"", ""4939"", ""4971"", ""4973"", ""4979"", ""4991"", ""5251"", ""5274"", ""5289"", ""5291"", ""5299"", ""5309"", ""5312"", ""5314"", ""5328"", ""5347"", ""5351"", ""5371"", ""5386"", ""5425"", ""5443"", ""5464"", ""5475"", ""5483"", ""5498"", ""6023"", ""6026"", ""6121"", ""6147"", ""6148"", ""6173"", ""6175"", ""6179"", ""6182"", ""6187"", ""6188"", ""6190"", ""6199"", ""6204"", ""6207"", ""6217"", ""6218"", ""6221"", ""6223"", ""6227"", ""6231"", ""6244"", ""6245"", ""6259"", ""6265"", ""6274"", ""6279"", ""6290"", ""6291"", ""6488"", ""6510"", ""6517"", ""6530"", ""6538"", ""6547"", ""6548"", ""6577"", ""6584"", ""6588"", ""6617"", ""6620"", ""6640"", ""6683"", ""6690"", ""6693"", ""6712"", ""6716"", ""6727"", ""6733"", ""6739"", ""6811"", ""6829"", ""6907"", ""6925"", ""6945"", ""7714"", ""7717"", ""7751"", ""7772"", ""7792"", ""7825"", ""7828"", ""7842"", ""8027"", ""8038"", ""8040"", ""8042"", ""8043"", ""8050"", ""8054"", ""8064"", ""8069"", ""8076"", ""8084"", ""8085"", ""8096"", ""8111"", ""8182"", ""8227"", ""8358"", ""8383"", ""8431""]",2026-10-01
永全,37,16,2813.5,303.0,"[""1314"", ""1513"", ""2010"", ""2031"", ""2387"", ""2481"", ""2484"", ""2645"", ""2880"", ""3019"", ""3049"", ""3356"", ""3441"", ""3450"", ""3481"", ""3532"", ""3679"", ""5464"", ""5475"", ""5498"", ""5515"", ""5706"", ""6907"", ""7717"", ""7769"", ""8033""]",2026-10-01
永全八德,19,9,985.5,272.2,"[""2305"", ""2332"", ""2478"", ""2546"", ""3055"", ""3441"", ""4976"", ""5328"", ""6152"", ""6226"", ""6416"", ""6693"", ""7825"", ""8043"", ""8085""]",2026-10-01
永全南崁,55,23,2818.9,872.0,"[""1526"", ""1560"", ""1608"", ""1713"", ""1785"", ""2332"", ""2478"", ""2492"", ""2903"", ""3055"", ""3141"", ""3324"", ""3354"", ""3362"", ""3467"", ""3532"", ""3594"", ""3675"", ""3679"", ""3680"", ""3693"", ""3714"", ""4542"", ""4976"", ""4991"", ""5522"", ""5608"", ""5706"", ""6147"", ""6173"", ""6213"", ""6274"", ""6291"", ""6442"", ""6538"", ""6805"", ""6925"", ""7772"", ""7788"", ""8021"", ""8033"", ""8054"", ""8064"", ""8110"", ""8111"", ""8150"", ""9904"", ""9945""]",2026-10-01
永昌三重,12,5,307.0,124.0,"[""3141"", ""3162"", ""4735"", ""5202"", ""6179"", ""6538"", ""6588"", ""6620"", ""6693"", ""8027"", ""8043""]",2026-10-01
永昌世貿,20,4,577.1,32.9,"[""3234"", ""3664"", ""3709"", ""4973"", ""5347"", ""5386"", ""5483"", ""6190"", ""6227"", ""6461"", ""7792""]",2026-10-01
永昌中正,86,38,3745.0,804.5,"[""1569"", ""1815"", ""2070"", ""3081"", ""3105"", ""3163"", ""3211"", ""3234"", ""3317"", ""3374"", ""3434"", ""3441"", ""3455"", ""3529"", ""3675"", ""3680"", ""3691"", ""3693"", ""4924"", ""4931"", ""4971"", ""5314"", ""5443"", ""5475"", ""6121"", ""6147"", ""6173"", ""6182"", ""6187"", ""6207"", ""6223"", ""6274"", ""6290"", ""6488"", ""6510"", ""6538"", ""6584"", ""6590"", ""6620"", ""6683"", ""6693"", ""8042"", ""8043"", ""8050"", ""8064"", ""8069"", ""8085"", ""8358"", ""8431""]",2026-10-01
永昌內壢,23,8,536.6,177.0,"[""3498"", ""3664"", ""3675"", ""3707"", ""4931"", ""4973"", ""5386"", ""5443"", ""5475"", ""6207"", ""6712"", ""6811"", ""7842"", ""8054"", ""8084"", ""8431""]",2026-10-01
永昌南京,112,55,9513.3,2229.2,"[""1569"", ""1785"", ""1815"", ""2070"", ""3081"", ""3105"", ""3227"", ""3234"", ""3297"", ""3324"", ""3362"", ""3374"", ""3441"", ""3498"", ""3680"", ""3693"", ""3707"", ""4707"", ""4768"", ""4908"", ""4931"", ""4973"", ""4979"", ""5202"", ""5314"", ""5371"", ""5386"", ""5443"", ""5464"", ""5475"", ""5483"", ""5498"", ""6147"", ""6173"", ""6179"", ""6182"", ""6187"", ""6221"", ""6259"", ""6274"", ""6291"", ""6488"", ""6538"", ""6617"", ""6620"", ""6683"", ""6690"", ""6693"", ""6716"", ""6907"", ""6925"", ""7717"", ""7772"", ""7792"", ""8027"", ""8050"", ""8064"", ""8069"", ""8227""]",2026-10-01
永昌古亭,38,15,1526.8,280.8,"[""2221"", ""3081"", ""3234"", ""3363"", ""3434"", ""3455"", ""3624"", ""3693"", ""4542"", ""4939"", ""4973"", ""6173"", ""6179"", ""6207"", ""6279"", ""6291"", ""6538"", ""6683"", ""6693"", ""6945"", ""7751"", ""8043"", ""8054"", ""8064"", ""8076"", ""8096"", ""8431""]",2026-10-01
永昌台中,63,27,1634.3,192.4,"[""2221"", ""3105"", ""3114"", ""3211"", ""3227"", ""3234"", ""3324"", ""3362"", ""3455"", ""3529"", ""3577"", ""3693"", ""3707"", ""4542"", ""4556"", ""4931"", ""4939"", ""4973"", ""4991"", ""5314"", ""5351"", ""5443"", ""5475"", ""6147"", ""6173"", ""6175"", ""6182"", ""6187"", ""6199"", ""6204"", ""6221"", ""6617"", ""6620"", ""6693"", ""6716"", ""6811"", ""6907"", ""8054"", ""8227"", ""8431""]",2026-10-01
永昌台南,13,5,298.2,44.0,"[""3709"", ""4735"", ""5328"", ""6733"", ""8027"", ""8043"", ""8064"", ""8383""]",2026-10-01
永昌嘉義,12,6,254.2,69.0,"[""2070"", ""3234"", ""3297"", ""4416"", ""4973"", ""5328"", ""6218"", ""6279"", ""8042"", ""8182"", ""8937""]",2026-10-01
永昌基隆,37,15,627.5,150.7,"[""1785"", ""3081"", ""3147"", ""3219"", ""3297"", ""3354"", ""3693"", ""4735"", ""4924"", ""4931"", ""4973"", ""5251"", ""5314"", ""6279"", ""6538"", ""6620"", ""6643"", ""6683"", ""6712"", ""7751"", ""8076"", ""8085"", ""8096"", ""8111"", ""8431""]",2026-10-01
永昌大安,37,18,1824.8,201.5,"[""2221"", ""3211"", ""3297"", ""3374"", ""3434"", ""3441"", ""3498"", ""3693"", ""3709"", ""4541"", ""4542"", ""4923"", ""4924"", ""4931"", ""4939"", ""6147"", ""6187"", ""6274"", ""6716"", ""6739"", ""7717"", ""7772"", ""7792"", ""8111"", ""8227"", ""8358"", ""8937""]",2026-10-01
永昌大甲,9,3,102.4,6.8,"[""3354"", ""3374"", ""3675"", ""5289"", ""5314"", ""6187"", ""6290"", ""6584"", ""7792""]",2026-10-01
永昌小港,22,2,326.2,2.0,"[""3081"", ""3297"", ""3441"", ""3508"", ""4577"", ""4939"", ""4973"", ""5251"", ""5299"", ""7717"", ""7751"", ""7772""]",2026-10-01
永昌岡山,29,10,656.9,94.2,"[""3362"", ""3388"", ""3467"", ""3520"", ""3709"", ""4542"", ""4768"", ""4908"", ""4931"", ""4971"", ""4973"", ""5475"", ""6217"", ""6461"", ""6517"", ""6617"", ""6907"", ""7714"", ""8042"", ""8043"", ""8358""]",2026-10-01
永昌彰化,17,4,443.3,17.9,"[""1569"", ""3105"", ""3324"", ""3529"", ""4924"", ""4973"", ""5309"", ""5328"", ""6147"", ""6488"", ""6690"", ""6712"", ""6716"", ""8050""]",2026-10-01
永昌忠孝,50,24,2553.3,482.1,"[""3081"", ""3234"", ""3362"", ""3363"", ""3388"", ""3441"", ""3444"", ""3467"", ""3577"", ""3624"", ""4542"", ""4908"", ""4931"", ""4939"", ""4979"", ""5314"", ""5371"", ""5464"", ""6173"", ""6175"", ""6179"", ""6274"", ""6291"", ""6683"", ""6693"", ""6829"", ""7717"", ""7772"", ""8054"", ""8111"", ""8431"", ""8937""]",2026-10-01
永昌敦南,21,7,569.0,63.7,"[""3227"", ""3685"", ""3693"", ""4577"", ""4908"", ""4939"", ""5202"", ""5314"", ""6274"", ""6538"", ""6907"", ""7714"", ""8050"", ""8182""]",2026-10-01
永昌斗六,25,7,1065.2,92.1,"[""2221"", ""3081"", ""3211"", ""3234"", ""3264"", ""3374"", ""3664"", ""3691"", ""3707"", ""4171"", ""6173"", ""6175"", ""6538"", ""6588"", ""6617"", ""7714"", ""8042"", ""8111""]",2026-10-01
永昌新莊,16,6,489.3,105.5,"[""3162"", ""3236"", ""3441"", ""3577"", ""4735"", ""5251"", ""5371"", ""6173"", ""6290"", ""6538"", ""8069""]",2026-10-01
永昌朴子,12,3,92.0,26.1,"[""2061"", ""3577"", ""5202"", ""6279"", ""6461"", ""6538"", ""6617"", ""7714"", ""8054"", ""8085"", ""8383""]",2026-10-01
永昌東勢,10,3,294.3,24.1,"[""2221"", ""4171"", ""5314"", ""5328"", ""5498"", ""6207"", ""8038""]",2026-10-01
永昌東昇,23,6,842.6,136.1,"[""1815"", ""2070"", ""3105"", ""3362"", ""3441"", ""3520"", ""3693"", ""3707"", ""4939"", ""5443"", ""6148"", ""6173"", ""6588"", ""8064"", ""8076"", ""8084""]",2026-10-01
永昌板橋,36,15,1037.9,155.1,"[""3081"", ""3141"", ""3227"", ""3260"", ""3444"", ""3624"", ""3707"", ""3709"", ""4556"", ""4768"", ""4924"", ""4939"", ""5291"", ""5425"", ""5443"", ""5464"", ""5483"", ""6173"", ""6199"", ""6207"", ""6221"", ""6584"", ""8096"", ""8227"", ""8431""]",2026-10-01
永昌林口,33,13,766.6,155.5,"[""3162"", ""3211"", ""3577"", ""4772"", ""4931"", ""4939"", ""4979"", ""5351"", ""5464"", ""5483"", ""6179"", ""6207"", ""6217"", ""6218"", ""6538"", ""6620"", ""6643"", ""6693"", ""7825"", ""8040"", ""8064"", ""8076"", ""8085"", ""8111""]",2026-10-01
永昌桃園,28,12,616.5,184.8,"[""3081"", ""3141"", ""3152"", ""3264"", ""3374"", ""3540"", ""3693"", ""4542"", ""5314"", ""5464"", ""5475"", ""5483"", ""6026"", ""6121"", ""6173"", ""6245"", ""6274"", ""6590"", ""6620"", ""7751"", ""8182""]",2026-10-01
永昌楠梓,21,6,411.8,77.7,"[""3508"", ""3707"", ""4542"", ""4768"", ""4973"", ""5328"", ""5475"", ""6173"", ""6244"", ""6279"", ""6588"", ""6620"", ""8040"", ""8042"", ""8050""]",2026-10-01
永昌民權,6,1,132.0,20.0,"[""4931"", ""4939"", ""6227"", ""7842"", ""8182""]",2026-10-01
永昌淡水,15,6,331.7,79.6,"[""4416"", ""4931"", ""4973"", ""5340"", ""5425"", ""6207"", ""6245"", ""6259"", ""6274"", ""7792"", ""8064"", ""8069"", ""8096""]",2026-10-01
永昌潮州,13,4,169.4,20.1,"[""1569"", ""2061"", ""3234"", ""3297"", ""3680"", ""6121"", ""6217"", ""6945"", ""7717"", ""7842"", ""8054""]",2026-10-01
永昌竹北,70,30,3117.8,702.5,"[""1595"", ""1815"", ""3081"", ""3105"", ""3260"", ""3455"", ""3577"", ""4707"", ""4971"", ""4979"", ""4991"", ""5328"", ""5443"", ""5475"", ""6173"", ""6175"", ""6182"", ""6188"", ""6223"", ""6488"", ""6510"", ""6693"", ""6907"", ""7717"", ""7751"", ""8043"", ""8050"", ""8431""]",2026-10-01
永昌苗栗,26,6,413.3,36.0,"[""3147"", ""3564"", ""3577"", ""4542"", ""4772"", ""4908"", ""4939"", ""5309"", ""5314"", ""5450"", ""6173"", ""6179"", ""6279"", ""6620"", ""7828"", ""8027"", ""8042"", ""8937""]",2026-10-01
永昌豐原,19,3,338.5,26.0,"[""3297"", ""3374"", ""3388"", ""3508"", ""3564"", ""3709"", ""5314"", ""5498"", ""6221"", ""6274"", ""6488"", ""6590"", ""6620"", ""6693"", ""6925"", ""8096""]",2026-10-01
永昌長虹,28,11,935.0,169.8,"[""3066"", ""3211"", ""3234"", ""3297"", ""3357"", ""3529"", ""3664"", ""3693"", ""4931"", ""5299"", ""5443"", ""6026"", ""6218"", ""6588"", ""6620"", ""6712"", ""6716"", ""6811"", ""6907"", ""7714"", ""8069"", ""8111""]",2026-10-01
永昌頭份,29,10,1471.5,686.6,"[""3234"", ""3624"", ""3707"", ""4973"", ""5291"", ""5314"", ""5443"", ""6121"", ""6182"", ""6207"", ""6217"", ""6584"", ""6588"", ""6643"", ""6716"", ""6733"", ""7714"", ""7825"", ""8182""]",2026-10-01
永昌高雄,68,37,3076.7,1529.9,"[""1569"", ""2221"", ""3081"", ""3163"", ""3234"", ""3264"", ""3293"", ""3297"", ""3362"", ""3363"", ""3529"", ""3564"", ""3680"", ""4931"", ""4939"", ""4971"", ""5251"", ""5274"", ""5328"", ""5347"", ""5371"", ""5386"", ""5425"", ""5443"", ""5483"", ""6023"", ""6148"", ""6173"", ""6182"", ""6187"", ""6207"", ""6245"", ""6274"", ""6712"", ""6727"", ""6739"", ""6907"", ""7714"", ""8027"", ""8038"", ""8042"", ""8043"", ""8050"", ""8069"", ""8096"", ""8227"", ""8937""]",2026-10-01
永昌鳳山,40,17,1085.5,364.8,"[""2070"", ""3081"", ""3162"", ""3354"", ""3362"", ""3441"", ""3529"", ""3624"", ""3664"", ""3707"", ""4556"", ""4931"", ""4939"", ""4973"", ""5202"", ""5425"", ""5464"", ""6179"", ""6182"", ""6259"", ""6279"", ""6488"", ""6640"", ""6712"", ""6907"", ""6925"", ""8084""]",2026-10-01
永昌鶯歌,32,15,533.0,155.9,"[""3141"", ""3211"", ""3219"", ""3234"", ""3297"", ""3709"", ""4931"", ""4973"", ""5291"", ""5328"", ""5340"", ""5351"", ""5425"", ""6148"", ""6187"", ""6227"", ""6279"", ""6584"", ""6588"", ""6690"", ""6811"", ""7751"", ""8043"", ""8085""]",2026-10-01
永昌麻豆,38,11,1514.2,35.5,"[""1785"", ""3297"", ""3324"", ""3675"", ""3680"", ""4171"", ""4768"", ""4908"", ""5251"", ""5312"", ""5328"", ""6173"", ""6218"", ""6577"", ""6739"", ""6811"", ""7751"", ""8027"", ""8054"", ""8076"", ""8085""]",2026-10-01
永興,42,5,3270.4,403.4,"[""1301"", ""1608"", ""1612"", ""1785"", ""2337"", ""2344"", ""2387"", ""2409"", ""2455"", ""2465"", ""2633"", ""3297"", ""3356"", ""3708"", ""3716"", ""4958"", ""5291"", ""6147"", ""6148"", ""7788"", ""8027"", ""8111""]",2026-10-01
永興台中,20,4,332.1,22.2,"[""2031"", ""2241"", ""2327"", ""2618"", ""3356"", ""3362"", ""3685"", ""3708"", ""5202"", ""6166"", ""6588"", ""6669"", ""6690"", ""6933"", ""7768"", ""8043"", ""8110"", ""8431""]",2026-10-01
永興大墩,16,5,338.3,28.1,"[""1721"", ""2020"", ""2464"", ""3019"", ""3141"", ""3354"", ""3362"", ""5443"", ""6515"", ""6577"", ""6689""]",2026-10-01
永興水湳,20,10,1151.0,327.1,"[""1314"", ""1608"", ""2387"", ""2449"", ""2601"", ""2606"", ""2634"", ""3324"", ""3481"", ""5285"", ""5386"", ""6517"", ""6672"", ""6834"", ""6909"", ""8937"", ""9904""]",2026-10-01
永豐三重,47,13,3175.2,85.0,"[""1218"", ""1526"", ""1810"", ""2103"", ""2387"", ""2395"", ""2451"", ""2464"", ""2493"", ""2542"", ""3021"", ""3041"", ""3044"", ""3046"", ""3652"", ""3716"", ""4551"", ""4566"", ""4927"", ""5225"", ""5292"", ""5434"", ""5515"", ""5706"", ""6166"", ""6451"", ""6533"", ""6672"", ""6691"", ""6861"", ""7788"", ""7799""]",2026-10-01
永豐中和,32,10,1890.2,82.5,"[""1303"", ""1314"", ""1326"", ""1560"", ""2103"", ""2368"", ""2375"", ""2496"", ""2546"", ""2601"", ""3532"", ""3533"", ""3679"", ""3708"", ""3711"", ""4566"", ""4736"", ""4958"", ""6152"", ""6166"", ""6271"", ""6426"", ""6505"", ""6533"", ""6715"", ""7795"", ""9904""]",2026-10-01
永豐中壢,44,17,2302.6,939.8,"[""1526"", ""1528"", ""2301"", ""2305"", ""2327"", ""2368"", ""2408"", ""2421"", ""2484"", ""2492"", ""2493"", ""2887"", ""3016"", ""3021"", ""3026"", ""3055"", ""3229"", ""3296"", ""3717"", ""4169"", ""4764"", ""4967"", ""5225"", ""6152"", ""6226"", ""6451"", ""6691"", ""6830"", ""6906"", ""7769"", ""8039"", ""8150"", ""8996""]",2026-10-01
永豐中正,119,62,10136.2,3221.6,"[""1218"", ""1423"", ""1513"", ""1608"", ""1713"", ""1727"", ""2103"", ""2305"", ""2312"", ""2313"", ""2324"", ""2327"", ""2332"", ""2353"", ""2357"", ""2368"", ""2369"", ""2387"", ""2388"", ""2408"", ""2409"", ""2425"", ""2436"", ""2449"", ""2464"", ""2467"", ""2468"", ""2481"", ""2492"", ""2496"", ""2548"", ""2601"", ""2603"", ""2618"", ""2723"", ""2739"", ""2891"", ""2915"", ""3008"", ""3026"", ""3042"", ""3090"", ""3167"", ""3413"", ""3443"", ""3665"", ""4566"", ""4736"", ""4770"", ""4976"", ""4977"", ""5225"", ""5285"", ""5484"", ""6005"", ""6166"", ""6226"", ""6533"", ""6672"", ""6689"", ""6906"", ""6909"", ""6919"", ""7711"", ""7768"", ""7769"", ""8033"", ""8103"", ""8112"", ""8150"", ""8996"", ""9904"", ""9907"", ""9945""]",2026-10-01
永豐亞灣,52,14,3434.7,314.1,"[""1314"", ""1608"", ""1612"", ""1713"", ""1721"", ""1727"", ""1810"", ""2010"", ""2031"", ""2301"", ""2332"", ""2409"", ""2855"", ""2890"", ""3041"", ""3356"", ""3450"", ""3605"", ""3679"", ""3708"", ""4956"", ""5225"", ""5515"", ""5519"", ""6005"", ""6166"", ""6213"", ""6782"", ""6830"", ""6834"", ""6909"", ""7768""]",2026-10-01
永豐信義,194,99,35607.6,10892.6,"[""1301"", ""1303"", ""1409"", ""1514"", ""1727"", ""1809"", ""1810"", ""2010"", ""2030"", ""2059"", ""2241"", ""2302"", ""2303"", ""2324"", ""2327"", ""2332"", ""2338"", ""2342"", ""2344"", ""2347"", ""2351"", ""2352"", ""2360"", ""2363"", ""2368"", ""2369"", ""2406"", ""2408"", ""2409"", ""2413"", ""2426"", ""2449"", ""2455"", ""2464"", ""2472"", ""2478"", ""2486"", ""2489"", ""2492"", ""2493"", ""2548"", ""2630"", ""2645"", ""3008"", ""3016"", ""3026"", ""3037"", ""3055"", ""3090"", ""3189"", ""3406"", ""3443"", ""3450"", ""3605"", ""3653"", ""3665"", ""3711"", ""3715"", ""4169"", ""4540"", ""4551"", ""4764"", ""4958"", ""4976"", ""4989"", ""5285"", ""6112"", ""6168"", ""6213"", ""6243"", ""6269"", ""6271"", ""6282"", ""6426"", ""6442"", ""6451"", ""6505"", ""6515"", ""6669"", ""6691"", ""6706"", ""6770"", ""6805"", ""6831"", ""6861"", ""6949"", ""7795"", ""7799"", ""8021"", ""8028"", ""8033"", ""8039"", ""8046"", ""8110"", ""8150"", ""8261""]",2026-10-01
永豐內湖,215,112,17728.8,3670.0,"[""1503"", ""1560"", ""1608"", ""1709"", ""1721"", ""1727"", ""2031"", ""2069"", ""2103"", ""2241"", ""2301"", ""2303"", ""2305"", ""2327"", ""2332"", ""2337"", ""2340"", ""2342"", ""2344"", ""2359"", ""2360"", ""2363"", ""2368"", ""2377"", ""2388"", ""2404"", ""2408"", ""2409"", ""2413"", ""2426"", ""2454"", ""2464"", ""2465"", ""2467"", ""2468"", ""2472"", ""2478"", ""2481"", ""2484"", ""2489"", ""2492"", ""2493"", ""2546"", ""2601"", ""2855"", ""2891"", ""3006"", ""3016"", ""3017"", ""3026"", ""3036"", ""3037"", ""3044"", ""3055"", ""3090"", ""3094"", ""3167"", ""3189"", ""3229"", ""3231"", ""3311"", ""3406"", ""3443"", ""3450"", ""3532"", ""3605"", ""3653"", ""3661"", ""3711"", ""4566"", ""4764"", ""4770"", ""4956"", ""4967"", ""4989"", ""5515"", ""5706"", ""5876"", ""6152"", ""6168"", ""6213"", ""6224"", ""6225"", ""6226"", ""6416"", ""6426"", ""6451"", ""6525"", ""6533"", ""6589"", ""6672"", ""6770"", ""6830"", ""6861"", ""6933"", ""7610"", ""7711"", ""7749"", ""7769"", ""8021"", ""8039"", ""8046"", ""8070"", ""8103"", ""8110"", ""8150"", ""8996"", ""9914"", ""9945""]",2026-10-01
永豐北高,23,13,1694.0,207.6,"[""1612"", ""1795"", ""2351"", ""2409"", ""2413"", ""2464"", ""2493"", ""2496"", ""2630"", ""2915"", ""3481"", ""3605"", ""3652"", ""4958"", ""6271"", ""6442"", ""6451"", ""6689""]",2026-10-01
永豐匯立,371,86,180519.0,13182.9,"[""1303"", ""1326"", ""1519"", ""1560"", ""1605"", ""1608"", ""1709"", ""1717"", ""2006"", ""2010"", ""2027"", ""2030"", ""2059"", ""2103"", ""2301"", ""2308"", ""2313"", ""2317"", ""2327"", ""2330"", ""2337"", ""2344"", ""2347"", ""2351"", ""2357"", ""2360"", ""2368"", ""2382"", ""2395"", ""2404"", ""2408"", ""2409"", ""2421"", ""2449"", ""2454"", ""2455"", ""2472"", ""2481"", ""2492"", ""2546"", ""2603"", ""2606"", ""2615"", ""2618"", ""2633"", ""2637"", ""2723"", ""2801"", ""2816"", ""2882"", ""2883"", ""2884"", ""2887"", ""2890"", ""2891"", ""3006"", ""3008"", ""3017"", ""3023"", ""3026"", ""3037"", ""3042"", ""3044"", ""3049"", ""3090"", ""3189"", ""3231"", ""3413"", ""3443"", ""3450"", ""3481"", ""3533"", ""3605"", ""3653"", ""3661"", ""3665"", ""3711"", ""4958"", ""5515"", ""5876"", ""6139"", ""6166"", ""6213"", ""6409"", ""6446"", ""6472"", ""6505"", ""6515"", ""6526"", ""6669"", ""6691"", ""6770"", ""6805"", ""7769"", ""7799"", ""8039"", ""8046"", ""8150"", ""8996"", ""9904"", ""9914"", ""9921"", ""9945""]",2026-10-01
永豐南京,74,34,7078.1,2229.2,"[""1303"", ""1605"", ""2025"", ""2344"", ""2351"", ""2387"", ""2408"", ""2425"", ""2426"", ""2436"", ""2455"", ""2468"", ""2481"", ""2484"", ""2489"", ""2492"", ""2493"", ""2542"", ""2723"", ""2739"", ""2801"", ""2923"", ""3017"", ""3021"", ""3055"", ""3090"", ""3189"", ""3229"", ""3311"", ""3406"", ""3532"", ""3716"", ""4976"", ""5285"", ""6213"", ""6226"", ""6442"", ""6525"", ""6531"", ""6669"", ""6770"", ""6869"", ""6919"", ""8021"", ""8039"", ""8046""]",2026-10-01
永豐南投,39,15,1739.1,419.5,"[""1608"", ""1802"", ""1810"", ""2020"", ""2312"", ""2332"", ""2434"", ""2496"", ""2546"", ""2645"", ""2855"", ""2915"", ""3046"", ""3231"", ""3311"", ""3356"", ""3376"", ""3708"", ""3711"", ""4133"", ""4566"", ""4976"", ""4977"", ""5434"", ""5706"", ""6152"", ""6213"", ""6271"", ""6515"", ""6533"", ""6689"", ""7788"", ""8110"", ""8454""]",2026-10-01
永豐古亭,39,18,1911.9,394.6,"[""1423"", ""1727"", ""2010"", ""2059"", ""2069"", ""2413"", ""2468"", ""2492"", ""2883"", ""3006"", ""3017"", ""3026"", ""3055"", ""3167"", ""3481"", ""3605"", ""3653"", ""4956"", ""5225"", ""6005"", ""6213"", ""6272"", ""6446"", ""6515"", ""6672"", ""6830"", ""6863"", ""6933"", ""7730"", ""8021"", ""8046"", ""8261""]",2026-10-01
永豐台中,46,20,1468.5,202.3,"[""1218"", ""1303"", ""1307"", ""1528"", ""2010"", ""2025"", ""2031"", ""2313"", ""2338"", ""2342"", ""2368"", ""2406"", ""2434"", ""2464"", ""2478"", ""2481"", ""2491"", ""2496"", ""2546"", ""2618"", ""3006"", ""3021"", ""3055"", ""3229"", ""3356"", ""3652"", ""3653"", ""3661"", ""4956"", ""6168"", ""6209"", ""6426"", ""6442"", ""6668"", ""6706"", ""6861"", ""6933"", ""7768"", ""8150"", ""9904""]",2026-10-01
永豐台南,129,59,13596.1,4614.5,"[""1218"", ""1312"", ""1326"", ""1528"", ""1597"", ""1608"", ""1709"", ""1727"", ""2027"", ""2031"", ""2033"", ""2103"", ""2301"", ""2303"", ""2305"", ""2324"", ""2353"", ""2404"", ""2408"", ""2409"", ""2425"", ""2426"", ""2434"", ""2454"", ""2481"", ""2484"", ""2489"", ""2610"", ""2630"", ""2801"", ""2883"", ""2890"", ""2912"", ""3019"", ""3021"", ""3049"", ""3055"", ""3356"", ""3481"", ""3533"", ""3543"", ""3679"", ""3708"", ""3711"", ""3715"", ""4551"", ""4736"", ""4764"", ""4956"", ""4976"", ""4977"", ""5484"", ""5519"", ""6112"", ""6139"", ""6141"", ""6152"", ""6166"", ""6168"", ""6209"", ""6213"", ""6226"", ""6446"", ""6533"", ""6579"", ""6689"", ""6691"", ""6834"", ""6933"", ""6969"", ""7711"", ""7730"", ""7765"", ""7768"", ""8150""]",2026-10-01
永豐員林,68,39,3789.2,1304.9,"[""1503"", ""1709"", ""2030"", ""2324"", ""2332"", ""2337"", ""2338"", ""2357"", ""2359"", ""2360"", ""2368"", ""2369"", ""2387"", ""2404"", ""2467"", ""2481"", ""2492"", ""2493"", ""2601"", ""2633"", ""2816"", ""2915"", ""3006"", ""3021"", ""3026"", ""3037"", ""3055"", ""3167"", ""3406"", ""3450"", ""3665"", ""3708"", ""3717"", ""4807"", ""4956"", ""6139"", ""6166"", ""6243"", ""6271"", ""6446"", ""6672"", ""6909"", ""6933"", ""7610"", ""7769"", ""7795"", ""8021"", ""8039"", ""8046"", ""8261"", ""9904"", ""9914""]",2026-10-01
永豐嘉義,56,18,1539.8,241.7,"[""1514"", ""1560"", ""2030"", ""2049"", ""2327"", ""2342"", ""2357"", ""2413"", ""2434"", ""2464"", ""2465"", ""2615"", ""2633"", ""2816"", ""3021"", ""3044"", ""3229"", ""4551"", ""4958"", ""6166"", ""6426"", ""6589"", ""6715"", ""6830"", ""6861"", ""6869"", ""6933"", ""7765"", ""7768"", ""7788"", ""8110"", ""8150""]",2026-10-01
永豐埔里,23,9,3925.0,1944.1,"[""1526"", ""1608"", ""2408"", ""2409"", ""3006"", ""3090"", ""3229"", ""3481"", ""4976"", ""5519"", ""6141"", ""6226"", ""6525"", ""6969"", ""8150"", ""8261""]",2026-10-01
永豐大園,67,34,9266.6,819.1,"[""1108"", ""1303"", ""1409"", ""1503"", ""1709"", ""1802"", ""1810"", ""2031"", ""2033"", ""2069"", ""2103"", ""2305"", ""2313"", ""2327"", ""2337"", ""2352"", ""2357"", ""2375"", ""2406"", ""2409"", ""2413"", ""2421"", ""2425"", ""2426"", ""2449"", ""2478"", ""2483"", ""2484"", ""3041"", ""3042"", ""3189"", ""3437"", ""3605"", ""3679"", ""4133"", ""4566"", ""4958"", ""4976"", ""4989"", ""5292"", ""5515"", ""6005"", ""6152"", ""6213"", ""6278"", ""6442"", ""6672"", ""6706"", ""6770"", ""7799"", ""8103"", ""8454""]",2026-10-01
永豐天母,77,24,4493.4,853.1,"[""1303"", ""1612"", ""1709"", ""2020"", ""2103"", ""2360"", ""2375"", ""2413"", ""2421"", ""2454"", ""2465"", ""2468"", ""2478"", ""2481"", ""2484"", ""2489"", ""2546"", ""2615"", ""2739"", ""2855"", ""2915"", ""3006"", ""3017"", ""3023"", ""3026"", ""3041"", ""3055"", ""3189"", ""3229"", ""3356"", ""3533"", ""3702"", ""4736"", ""4764"", ""4770"", ""5225"", ""6278"", ""6409"", ""6416"", ""6426"", ""6442"", ""6443"", ""6579"", ""6672"", ""6834"", ""6933"", ""7711"", ""7788"", ""7799"", ""8039"", ""8112"", ""9904""]",2026-10-01
永豐屏東,35,17,9543.3,3661.3,"[""1301"", ""1423"", ""1528"", ""1612"", ""1810"", ""2025"", ""2103"", ""2352"", ""2375"", ""2404"", ""2409"", ""2413"", ""2449"", ""2455"", ""2483"", ""2546"", ""2883"", ""3413"", ""3532"", ""4576"", ""4927"", ""4977"", ""5515"", ""5519"", ""6141"", ""6209"", ""6672"", ""7765"", ""8261""]",2026-10-01
永豐市政,165,75,13666.3,1879.1,"[""1301"", ""1303"", ""1314"", ""1339"", ""1409"", ""1504"", ""1514"", ""1519"", ""1526"", ""1608"", ""1709"", ""1718"", ""1802"", ""2010"", ""2020"", ""2031"", ""2049"", ""2069"", ""2301"", ""2303"", ""2327"", ""2344"", ""2357"", ""2387"", ""2406"", ""2409"", ""2426"", ""2436"", ""2449"", ""2455"", ""2464"", ""2467"", ""2468"", ""2472"", ""2481"", ""2484"", ""2496"", ""2546"", ""2630"", ""2816"", ""2890"", ""2903"", ""3008"", ""3016"", ""3090"", ""3229"", ""3296"", ""3311"", ""3406"", ""3450"", ""3481"", ""3661"", ""3665"", ""3679"", ""3708"", ""3715"", ""4566"", ""4807"", ""4956"", ""4977"", ""5515"", ""5706"", ""6005"", ""6112"", ""6152"", ""6225"", ""6426"", ""6446"", ""6526"", ""6533"", ""6579"", ""6589"", ""6691"", ""6706"", ""6770"", ""6830"", ""6834"", ""6919"", ""6924"", ""6969"", ""7711"", ""7722"", ""7768"", ""7769"", ""7788"", ""7799"", ""8021"", ""8033"", ""8103"", ""8110"", ""8996"", ""9904"", ""9914""]",2026-10-01
永豐彰化,27,13,2884.0,360.4,"[""2010"", ""2031"", ""2301"", ""2409"", ""2496"", ""2542"", ""2601"", ""2634"", ""2723"", ""3041"", ""3481"", ""3714"", ""3717"", ""4566"", ""4958"", ""4976"", ""6770"", ""6861"", ""8021"", ""8150"", ""9904"", ""9945""]",2026-10-01
永豐復興,49,16,8416.1,2386.6,"[""1301"", ""1528"", ""1608"", ""1709"", ""2059"", ""2303"", ""2387"", ""2392"", ""2454"", ""2481"", ""2492"", ""2618"", ""3026"", ""3450"", ""3532"", ""3543"", ""3653"", ""3711"", ""3716"", ""5519"", ""6166"", ""6168"", ""6442"", ""6770"", ""6919"", ""7769"", ""7788"", ""8033"", ""8039""]",2026-10-01
永豐忠孝,90,43,8210.8,2350.2,"[""1303"", ""1312"", ""1519"", ""1709"", ""1721"", ""2025"", ""2049"", ""2103"", ""2301"", ""2327"", ""2332"", ""2351"", ""2368"", ""2375"", ""2376"", ""2406"", ""2426"", ""2449"", ""2455"", ""2478"", ""2493"", ""2496"", ""2601"", ""2816"", ""3008"", ""3018"", ""3026"", ""3037"", ""3042"", ""3048"", ""3090"", ""3406"", ""3413"", ""3437"", ""3450"", ""3481"", ""3532"", ""3605"", ""3653"", ""3679"", ""4169"", ""4566"", ""4956"", ""5292"", ""5608"", ""6226"", ""6426"", ""6515"", ""6533"", ""6706"", ""6715"", ""6861"", ""7610"", ""7788"", ""7795"", ""8021"", ""8033"", ""8039"", ""8261"", ""8454"", ""8996""]",2026-10-01
永豐敦北,96,65,14507.6,8663.7,"[""1303"", ""1528"", ""1721"", ""2031"", ""2301"", ""2308"", ""2324"", ""2327"", ""2338"", ""2344"", ""2357"", ""2359"", ""2363"", ""2382"", ""2408"", ""2413"", ""2426"", ""2465"", ""2478"", ""2492"", ""2542"", ""2880"", ""2886"", ""3008"", ""3026"", ""3037"", ""3042"", ""3055"", ""3090"", ""3189"", ""3229"", ""3231"", ""3406"", ""3443"", ""3533"", ""3665"", ""3679"", ""3716"", ""4566"", ""4770"", ""4967"", ""5519"", ""6213"", ""6226"", ""6426"", ""6442"", ""6456"", ""6533"", ""6706"", ""6715"", ""6770"", ""6805"", ""6830"", ""6834"", ""6933"", ""7711"", ""7795"", ""7799"", ""8021"", ""8033"", ""8039"", ""8046"", ""8150"", ""8261"", ""8996""]",2026-10-01
永豐敦南,158,64,14463.9,2923.8,"[""1301"", ""1303"", ""1312"", ""1519"", ""1526"", ""1612"", ""1713"", ""1810"", ""2303"", ""2305"", ""2312"", ""2324"", ""2338"", ""2344"", ""2351"", ""2375"", ""2392"", ""2409"", ""2421"", ""2426"", ""2455"", ""2464"", ""2478"", ""2481"", ""2489"", ""2492"", ""2493"", ""2520"", ""2548"", ""2645"", ""2855"", ""2883"", ""3008"", ""3026"", ""3037"", ""3044"", ""3046"", ""3055"", ""3090"", ""3167"", ""3406"", ""3443"", ""3450"", ""3504"", ""3653"", ""3665"", ""3679"", ""3711"", ""3715"", ""4551"", ""4764"", ""4967"", ""4989"", ""5225"", ""5522"", ""5706"", ""6112"", ""6139"", ""6166"", ""6224"", ""6409"", ""6426"", ""6451"", ""6456"", ""6515"", ""6525"", ""6533"", ""6579"", ""6669"", ""6672"", ""6691"", ""6715"", ""6753"", ""6770"", ""6782"", ""6805"", ""6949"", ""7730"", ""7799"", ""8021"", ""8033"", ""8039"", ""8046"", ""8103"", ""8150"", ""8261"", ""8996"", ""9904"", ""9914"", ""9945""]",2026-10-01
永豐新店,34,20,929.0,420.2,"[""1326"", ""1526"", ""1709"", ""2020"", ""2031"", ""2340"", ""2359"", ""2363"", ""2387"", ""2404"", ""2413"", ""2478"", ""3008"", ""3021"", ""3679"", ""3708"", ""3715"", ""4566"", ""4764"", ""5522"", ""6112"", ""6168"", ""6278"", ""6443"", ""6526"", ""6669"", ""6715"", ""7799"", ""8070"", ""8110"", ""8150""]",2026-10-01
永豐新竹,59,20,2656.8,177.9,"[""1423"", ""1713"", ""2027"", ""2059"", ""2454"", ""2455"", ""2467"", ""2546"", ""2633"", ""2801"", ""2885"", ""2891"", ""2923"", ""3006"", ""3008"", ""3017"", ""3406"", ""3443"", ""3450"", ""3532"", ""3543"", ""4551"", ""4566"", ""4736"", ""4770"", ""4958"", ""4977"", ""5515"", ""5519"", ""5706"", ""6005"", ""6139"", ""6152"", ""6243"", ""6426"", ""6526"", ""6533"", ""6830"", ""6909"", ""6933"", ""7765"", ""8046"", ""8103""]",2026-10-01
永豐新莊,52,26,3117.5,367.4,"[""1514"", ""1608"", ""2020"", ""2030"", ""2049"", ""2254"", ""2312"", ""2368"", ""2454"", ""2464"", ""2468"", ""2478"", ""2484"", ""2492"", ""2603"", ""2887"", ""2890"", ""2923"", ""3006"", ""3021"", ""3037"", ""3189"", ""3406"", ""3543"", ""3714"", ""3715"", ""3717"", ""4722"", ""4967"", ""5522"", ""6139"", ""6213"", ""6272"", ""6278"", ""6672"", ""6691"", ""6706"", ""6715"", ""7722"", ""8454""]",2026-10-01
永豐松山,123,56,11493.0,2313.5,"[""1301"", ""1303"", ""1312"", ""1727"", ""2010"", ""2030"", ""2069"", ""2254"", ""2305"", ""2338"", ""2347"", ""2351"", ""2353"", ""2368"", ""2387"", ""2392"", ""2395"", ""2406"", ""2408"", ""2409"", ""2426"", ""2434"", ""2464"", ""2467"", ""2468"", ""2484"", ""2486"", ""2491"", ""2493"", ""2496"", ""2542"", ""2606"", ""2618"", ""2633"", ""2801"", ""2855"", ""3006"", ""3016"", ""3037"", ""3044"", ""3055"", ""3167"", ""3229"", ""3406"", ""3543"", ""4169"", ""4967"", ""5484"", ""5522"", ""5608"", ""5876"", ""6112"", ""6152"", ""6168"", ""6209"", ""6213"", ""6226"", ""6278"", ""6282"", ""6442"", ""6579"", ""6589"", ""6668"", ""6672"", ""6691"", ""6706"", ""6715"", ""6742"", ""6753"", ""7788"", ""8021"", ""8028"", ""8039"", ""8103"", ""8150"", ""8454"", ""9933"", ""9941"", ""9945""]",2026-10-01
永豐板新,139,62,13872.2,2883.2,"[""1312"", ""1423"", ""1504"", ""1513"", ""1560"", ""1608"", ""1709"", ""1713"", ""1727"", ""2204"", ""2305"", ""2313"", ""2324"", ""2332"", ""2337"", ""2338"", ""2347"", ""2351"", ""2352"", ""2353"", ""2359"", ""2387"", ""2388"", ""2406"", ""2408"", ""2409"", ""2434"", ""2465"", ""2468"", ""2472"", ""2478"", ""2481"", ""2483"", ""2496"", ""2542"", ""2546"", ""2548"", ""2887"", ""2923"", ""3021"", ""3026"", ""3049"", ""3090"", ""3229"", ""3356"", ""3406"", ""3543"", ""3605"", ""3661"", ""3679"", ""3716"", ""4566"", ""4764"", ""4958"", ""4967"", ""4976"", ""4989"", ""5225"", ""5292"", ""5434"", ""5522"", ""6116"", ""6141"", ""6152"", ""6166"", ""6168"", ""6224"", ""6225"", ""6226"", ""6416"", ""6426"", ""6579"", ""6589"", ""6668"", ""6691"", ""6753"", ""6770"", ""6834"", ""6885"", ""7711"", ""7730"", ""7788"", ""8021"", ""8028"", ""8033"", ""8039"", ""8046"", ""8261"", ""8996""]",2026-10-01
永豐板盛,41,19,2152.3,1049.7,"[""1608"", ""2010"", ""2305"", ""2312"", ""2324"", ""2351"", ""2377"", ""2387"", ""2413"", ""2426"", ""2887"", ""3055"", ""3296"", ""3679"", ""4989"", ""5285"", ""6116"", ""6224"", ""6278"", ""6426"", ""6531"", ""6533"", ""6753"", ""6830"", ""6834"", ""6924"", ""6933"", ""7610"", ""7730"", ""7788"", ""8033""]",2026-10-01
永豐桃園,81,30,3752.0,728.7,"[""1301"", ""1312"", ""1526"", ""1608"", ""1727"", ""1802"", ""2010"", ""2025"", ""2031"", ""2204"", ""2241"", ""2305"", ""2312"", ""2342"", ""2344"", ""2359"", ""2421"", ""2449"", ""2455"", ""2464"", ""2542"", ""2633"", ""2634"", ""2645"", ""2890"", ""3037"", ""3042"", ""3229"", ""3356"", ""3376"", ""3413"", ""3450"", ""3661"", ""3715"", ""4736"", ""5519"", ""5706"", ""6005"", ""6166"", ""6225"", ""6271"", ""6272"", ""6282"", ""6456"", ""6672"", ""6691"", ""6830"", ""6906"", ""6919"", ""7711"", ""7799"", ""8028"", ""8046"", ""8110"", ""8261"", ""9904"", ""9945""]",2026-10-01
永豐桃盛,43,23,2732.2,1013.3,"[""1301"", ""1303"", ""1423"", ""1514"", ""1727"", ""2103"", ""2301"", ""2305"", ""2312"", ""2338"", ""2408"", ""2413"", ""2421"", ""2449"", ""2454"", ""2464"", ""2481"", ""2548"", ""2634"", ""3008"", ""3037"", ""3041"", ""3094"", ""3543"", ""3673"", ""4133"", ""4566"", ""5225"", ""6005"", ""6166"", ""6278"", ""6533"", ""6949"", ""7788"", ""8454"", ""9904""]",2026-10-01
永豐永康,53,27,2684.1,725.1,"[""1503"", ""1526"", ""1560"", ""2025"", ""2030"", ""2305"", ""2360"", ""2467"", ""2468"", ""2472"", ""2481"", ""2542"", ""2603"", ""2630"", ""2634"", ""2801"", ""2891"", ""3021"", ""3055"", ""3094"", ""3356"", ""3716"", ""3717"", ""4566"", ""4722"", ""4770"", ""4976"", ""5225"", ""5706"", ""6226"", ""6533"", ""6668"", ""6691"", ""6715"", ""6869"", ""6885"", ""6919"", ""6969"", ""7768""]",2026-10-01
永豐潮州,43,19,2301.4,1197.5,"[""1513"", ""1605"", ""1608"", ""1612"", ""1709"", ""1795"", ""1810"", ""2020"", ""2342"", ""2434"", ""2455"", ""2493"", ""2723"", ""2816"", ""3006"", ""3090"", ""3311"", ""3450"", ""3605"", ""4576"", ""4956"", ""6168"", ""6272"", ""6426"", ""6533"", ""6689"", ""6691"", ""6706"", ""6770"", ""6924""]",2026-10-01
永豐竹北,46,15,2436.3,232.6,"[""1301"", ""1303"", ""1326"", ""1526"", ""1612"", ""1810"", ""2357"", ""2368"", ""2387"", ""2421"", ""2455"", ""2483"", ""2633"", ""3037"", ""3055"", ""3189"", ""3356"", ""3406"", ""3437"", ""3450"", ""3518"", ""3543"", ""3605"", ""3665"", ""4722"", ""5515"", ""6209"", ""6213"", ""6225"", ""6409"", ""6451"", ""6456"", ""6589"", ""6689"", ""6691"", ""6861"", ""9904""]",2026-10-01
永豐竹科,104,40,2972.9,790.1,"[""1218"", ""1312"", ""1409"", ""1503"", ""1560"", ""1727"", ""1795"", ""2010"", ""2020"", ""2031"", ""2059"", ""2103"", ""2337"", ""2338"", ""2377"", ""2387"", ""2426"", ""2444"", ""2455"", ""2468"", ""2481"", ""2496"", ""2546"", ""2633"", ""2637"", ""2816"", ""2923"", ""3006"", ""3026"", ""3041"", ""3042"", ""3055"", ""3090"", ""3413"", ""3532"", ""3652"", ""3717"", ""4566"", ""4722"", ""4977"", ""5292"", ""5484"", ""5515"", ""5519"", ""6112"", ""6152"", ""6166"", ""6213"", ""6426"", ""6446"", ""6505"", ""6533"", ""6689"", ""6715"", ""6753"", ""7765"", ""8033"", ""8039"", ""8110"", ""9914"", ""9945""]",2026-10-01
永豐羅東,31,14,6177.7,94.7,"[""1108"", ""1423"", ""2031"", ""2387"", ""2409"", ""2438"", ""2455"", ""2481"", ""2496"", ""2739"", ""2887"", ""3006"", ""3018"", ""3019"", ""3021"", ""3135"", ""3296"", ""3481"", ""3532"", ""3533"", ""3605"", ""5484"", ""6533"", ""6770"", ""6924""]",2026-10-01
永豐苓雅,13,5,5687.8,124.9,"[""2301"", ""2344"", ""2409"", ""3669"", ""6209"", ""6213"", ""6226"", ""7795""]",2026-10-01
永豐萬盛,120,62,16364.6,5448.2,"[""1301"", ""1312"", ""1503"", ""1504"", ""1717"", ""2030"", ""2059"", ""2303"", ""2327"", ""2330"", ""2337"", ""2344"", ""2351"", ""2369"", ""2379"", ""2409"", ""2421"", ""2426"", ""2434"", ""2449"", ""2454"", ""2455"", ""2464"", ""2465"", ""2484"", ""2489"", ""2493"", ""2633"", ""2816"", ""2855"", ""2880"", ""2886"", ""2923"", ""3016"", ""3026"", ""3037"", ""3055"", ""3090"", ""3167"", ""3231"", ""3296"", ""3376"", ""3443"", ""3481"", ""3605"", ""3661"", ""3665"", ""3679"", ""3708"", ""4169"", ""4736"", ""4770"", ""4967"", ""5608"", ""6166"", ""6269"", ""6426"", ""6472"", ""6525"", ""6526"", ""6715"", ""6805"", ""6909"", ""6933"", ""7610"", ""7799"", ""8039"", ""8046"", ""8103"", ""8150"", ""8996"", ""9941""]",2026-10-01
永豐虎尾,21,17,2988.5,2187.7,"[""1303"", ""1312"", ""1718"", ""2254"", ""2332"", ""2408"", ""2481"", ""2890"", ""3016"", ""3231"", ""3518"", ""3532"", ""3711"", ""6168"", ""6442"", ""6505"", ""7711"", ""7799"", ""8046"", ""8103""]",2026-10-01
永豐豐原,42,18,11023.0,2831.5,"[""1503"", ""2332"", ""2344"", ""2363"", ""2426"", ""2455"", ""2467"", ""2481"", ""2493"", ""2601"", ""2890"", ""3008"", ""3016"", ""3049"", ""3356"", ""3406"", ""3437"", ""3481"", ""3532"", ""3605"", ""3652"", ""4551"", ""6226"", ""6272"", ""6515"", ""6669"", ""6689"", ""6770""]",2026-10-01
永豐金,2093,897,615026.2,94657.4,"[""1108"", ""1301"", ""1303"", ""1312"", ""1314"", ""1326"", ""1409"", ""1423"", ""1446"", ""1503"", ""1504"", ""1513"", ""1519"", ""1526"", ""1528"", ""1560"", ""1595"", ""1597"", ""1605"", ""1608"", ""1612"", ""1709"", ""1713"", ""1717"", ""1718"", ""1721"", ""1727"", ""1795"", ""1802"", ""1809"", ""1810"", ""1815"", ""2006"", ""2010"", ""2020"", ""2025"", ""2027"", ""2030"", ""2031"", ""2049"", ""2059"", ""2069"", ""2103"", ""2204"", ""2221"", ""2241"", ""2301"", ""2303"", ""2305"", ""2308"", ""2312"", ""2313"", ""2317"", ""2324"", ""2327"", ""2330"", ""2332"", ""2337"", ""2338"", ""2340"", ""2342"", ""2344"", ""2347"", ""2351"", ""2352"", ""2353"", ""2357"", ""2359"", ""2360"", ""2363"", ""2368"", ""2369"", ""2375"", ""2376"", ""2377"", ""2379"", ""2382"", ""2387"", ""2388"", ""2392"", ""2395"", ""2404"", ""2406"", ""2408"", ""2409"", ""2413"", ""2421"", ""2425"", ""2426"", ""2434"", ""2436"", ""2449"", ""2454"", ""2455"", ""2464"", ""2465"", ""2468"", ""2472"", ""2478"", ""2481"", ""2483"", ""2484"", ""2486"", ""2489"", ""2491"", ""2492"", ""2493"", ""2496"", ""2542"", ""2546"", ""2548"", ""2601"", ""2603"", ""2610"", ""2615"", ""2618"", ""2630"", ""2633"", ""2634"", ""2637"", ""2645"", ""2723"", ""2801"", ""2816"", ""2851"", ""2855"", ""2882"", ""2883"", ""2884"", ""2886"", ""2887"", ""2890"", ""2891"", ""2915"", ""2923"", ""3006"", ""3008"", ""3016"", ""3017"", ""3019"", ""3021"", ""3026"", ""3036"", ""3037"", ""3041"", ""3042"", ""3044"", ""3046"", ""3055"", ""3081"", ""3090"", ""3105"", ""3147"", ""3152"", ""3162"", ""3163"", ""3167"", ""3189"", ""3211"", ""3219"", ""3229"", ""3231"", ""3234"", ""3260"", ""3264"", ""3297"", ""3311"", ""3324"", ""3356"", ""3357"", ""3362"", ""3374"", ""3376"", ""3388"", ""3406"", ""3413"", ""3441"", ""3443"", ""3450"", ""3455"", ""3481"", ""3491"", ""3498"", ""3504"", ""3518"", ""3529"", ""3532"", ""3533"", ""3543"", ""3564"", ""3605"", ""3624"", ""3653"", ""3661"", ""3664"", ""3665"", ""3669"", ""3679"", ""3680"", ""3685"", ""3691"", ""3693"", ""3702"", ""3708"", ""3711"", ""3715"", ""3716"", ""4123"", ""4133"", ""4171"", ""4541"", ""4542"", ""4551"", ""4556"", ""4566"", ""4577"", ""4707"", ""4735"", ""4736"", ""4764"", ""4768"", ""4770"", ""4903"", ""4908"", ""4919"", ""4927"", ""4931"", ""4939"", ""4956"", ""4958"", ""4971"", ""4973"", ""4976"", ""4977"", ""4979"", ""4989"", ""5230"", ""5251"", ""5274"", ""5285"", ""5289"", ""5309"", ""5312"", ""5314"", ""5328"", ""5347"", ""5351"", ""5371"", ""5425"", ""5443"", ""5464"", ""5475"", ""5483"", ""5498"", ""5515"", ""5522"", ""5608"", ""5706"", ""5871"", ""5876"", ""6005"", ""6023"", ""6026"", ""6112"", ""6116"", ""6121"", ""6139"", ""6141"", ""6147"", ""6152"", ""6166"", ""6168"", ""6173"", ""6175"", ""6179"", ""6182"", ""6187"", ""6199"", ""6207"", ""6213"", ""6214"", ""6217"", ""6221"", ""6223"", ""6224"", ""6225"", ""6226"", ""6227"", ""6243"", ""6244"", ""6245"", ""6257"", ""6259"", ""6269"", ""6271"", ""6274"", ""6278"", ""6279"", ""6282"", ""6290"", ""6291"", ""6409"", ""6416"", ""6426"", ""6442"", ""6446"", ""6451"", ""6456"", ""6472"", ""6488"", ""6505"", ""6510"", ""6515"", ""6525"", ""6526"", ""6531"", ""6533"", ""6538"", ""6577"", ""6579"", ""6584"", ""6590"", ""6617"", ""6620"", ""6640"", ""6643"", ""6668"", ""6669"", ""6672"", ""6683"", ""6689"", ""6690"", ""6691"", ""6693"", ""6706"", ""6715"", ""6727"", ""6739"", ""6753"", ""6770"", ""6782"", ""6805"", ""6829"", ""6830"", ""6831"", ""6834"", ""6861"", ""6869"", ""6907"", ""6919"", ""6924"", ""6933"", ""6945"", ""6949"", ""6969"", ""7711"", ""7717"", ""7722"", ""7750"", ""7751"", ""7768"", ""7769"", ""7788"", ""7792"", ""7795"", ""7799"", ""7828"", ""7842"", ""8021"", ""8027"", ""8028"", ""8033"", ""8039"", ""8040"", ""8042"", ""8043"", ""8046"", ""8050"", ""8064"", ""8069"", ""8070"", ""8084"", ""8085"", ""8103"", ""8110"", ""8111"", ""8112"", ""8150"", ""8227"", ""8261"", ""8358"", ""8374"", ""8431"", ""8454"", ""8996"", ""9904"", ""9914"", ""9933"", ""9941"", ""9945""]",2026-10-01
永豐金三重,25,14,424.1,153.5,"[""3211"", ""3297"", ""3441"", ""3693"", ""4542"", ""4735"", ""4931"", ""4973"", ""5314"", ""6173"", ""6179"", ""6279"", ""6643"", ""6693"", ""6727"", ""6829"", ""6907"", ""7792"", ""8042"", ""8043"", ""8111""]",2026-10-01
永豐金中和,20,6,248.0,25.9,"[""3081"", ""3529"", ""3680"", ""4971"", ""5202"", ""5312"", ""6173"", ""6223"", ""6588"", ""6712"", ""6907"", ""8050"", ""8085"", ""8096"", ""8182"", ""8937""]",2026-10-01
永豐金中壢,34,19,1503.4,250.1,"[""3081"", ""3260"", ""3324"", ""3441"", ""3508"", ""3624"", ""3664"", ""4542"", ""4931"", ""4971"", ""5274"", ""5314"", ""5328"", ""5340"", ""5351"", ""5371"", ""5425"", ""5475"", ""6173"", ""6182"", ""6279"", ""6727"", ""6907"", ""7828"", ""7842"", ""8043""]",2026-10-01
永豐金中正,55,13,2602.6,239.2,"[""1569"", ""1815"", ""3081"", ""3152"", ""3163"", ""3211"", ""3234"", ""3324"", ""3564"", ""3680"", ""3693"", ""4542"", ""4556"", ""4931"", ""4939"", ""5202"", ""5291"", ""5328"", ""5498"", ""6173"", ""6179"", ""6231"", ""6245"", ""6259"", ""6279"", ""6290"", ""6620"", ""6643"", ""6683"", ""6716"", ""6727"", ""7792"", ""8085"", ""8111"", ""8358""]",2026-10-01
永豐金亞灣,32,18,855.2,326.0,"[""3234"", ""3498"", ""3540"", ""3624"", ""3707"", ""3709"", ""4123"", ""4416"", ""4768"", ""4908"", ""5251"", ""5314"", ""5340"", ""5443"", ""5450"", ""6121"", ""6173"", ""6218"", ""6279"", ""6461"", ""6590"", ""6716"", ""6907"", ""6925"", ""8042"", ""8096""]",2026-10-01
永豐金信義,140,64,14671.0,3643.4,"[""1785"", ""2221"", ""3081"", ""3105"", ""3162"", ""3163"", ""3211"", ""3234"", ""3297"", ""3317"", ""3357"", ""3374"", ""3388"", ""3441"", ""3624"", ""3693"", ""3707"", ""4510"", ""4542"", ""4768"", ""4908"", ""4931"", ""4973"", ""4979"", ""4991"", ""5291"", ""5425"", ""5443"", ""5475"", ""5483"", ""6173"", ""6179"", ""6182"", ""6187"", ""6207"", ""6217"", ""6218"", ""6223"", ""6244"", ""6274"", ""6291"", ""6488"", ""6530"", ""6617"", ""6620"", ""6640"", ""6683"", ""6907"", ""7825"", ""7828"", ""8027"", ""8040"", ""8042"", ""8043"", ""8064"", ""8111"", ""8227"", ""8240"", ""8358"", ""8431""]",2026-10-01
永豐金內湖,132,61,6261.8,1371.9,"[""1815"", ""2221"", ""3066"", ""3081"", ""3105"", ""3141"", ""3211"", ""3293"", ""3324"", ""3362"", ""3374"", ""3441"", ""3455"", ""3498"", ""3624"", ""3693"", ""3707"", ""4542"", ""4556"", ""4577"", ""4707"", ""4908"", ""4931"", ""4939"", ""4971"", ""4973"", ""4979"", ""5202"", ""5289"", ""5291"", ""5314"", ""5328"", ""5425"", ""5443"", ""6147"", ""6148"", ""6173"", ""6179"", ""6182"", ""6187"", ""6199"", ""6207"", ""6217"", ""6223"", ""6227"", ""6244"", ""6274"", ""6290"", ""6291"", ""6488"", ""6584"", ""6588"", ""6617"", ""6620"", ""6683"", ""6693"", ""6716"", ""6733"", ""7792"", ""8042"", ""8043"", ""8050"", ""8054"", ""8064"", ""8069"", ""8076"", ""8096"", ""8182"", ""8227""]",2026-10-01
永豐金北高,15,5,317.5,7.6,"[""3529"", ""3675"", ""4556"", ""4973"", ""6182"", ""6218"", ""7772"", ""8227""]",2026-10-01
永豐金北高雄,1,0,31.0,0.0,"[""3211""]",2026-10-01
永豐金匯立,80,17,11856.3,730.3,"[""3081"", ""3105"", ""3211"", ""3264"", ""3324"", ""3374"", ""3491"", ""3529"", ""3693"", ""4971"", ""4979"", ""5274"", ""5347"", ""5425"", ""5483"", ""6121"", ""6147"", ""6173"", ""6187"", ""6223"", ""6274"", ""6488"", ""6716"", ""6907"", ""7751"", ""7792"", ""8069"", ""8358""]",2026-10-01
永豐金南京,49,23,2726.7,368.6,"[""1815"", ""2070"", ""3105"", ""3211"", ""3374"", ""3441"", ""4541"", ""4707"", ""4931"", ""4973"", ""5328"", ""5443"", ""5464"", ""6147"", ""6179"", ""6199"", ""6274"", ""6488"", ""6538"", ""6683"", ""8050"", ""8064"", ""8227"", ""8431""]",2026-10-01
永豐金南投,16,9,407.2,218.1,"[""3441"", ""4772"", ""4939"", ""4973"", ""5251"", ""5425"", ""5443"", ""6221"", ""6488"", ""6620""]",2026-10-01
永豐金古亭,33,18,1680.0,383.0,"[""1569"", ""2221"", ""3105"", ""3264"", ""3297"", ""3529"", ""3693"", ""4416"", ""5475"", ""5483"", ""5498"", ""6173"", ""6179"", ""6274"", ""6588"", ""6727"", ""7717"", ""7792"", ""8027"", ""8042"", ""8076"", ""8937""]",2026-10-01
永豐金台中,52,9,1286.2,102.5,"[""1569"", ""1815"", ""2221"", ""3163"", ""3357"", ""3441"", ""3455"", ""3685"", ""3693"", ""3707"", ""4171"", ""4772"", ""4931"", ""4939"", ""5251"", ""5274"", ""5328"", ""5450"", ""5464"", ""6147"", ""6223"", ""6227"", ""6231"", ""6274"", ""6588"", ""6590"", ""6693"", ""6945"", ""7714"", ""7842"", ""8038"", ""8084"", ""8182"", ""8240"", ""8383""]",2026-10-01
永豐金台南,61,26,2160.7,420.6,"[""2070"", ""2221"", ""3105"", ""3147"", ""3163"", ""3297"", ""3362"", ""3508"", ""3624"", ""3709"", ""4931"", ""4939"", ""5291"", ""5299"", ""5328"", ""5443"", ""5475"", ""5483"", ""6026"", ""6148"", ""6173"", ""6182"", ""6221"", ""6223"", ""6231"", ""6259"", ""6279"", ""6530"", ""6590"", ""6640"", ""6683"", ""6716"", ""6829"", ""7714"", ""8027"", ""8038"", ""8064"", ""8076"", ""8084"", ""8096"", ""8111""]",2026-10-01
永豐金員林,49,21,1451.1,781.6,"[""1785"", ""2221"", ""3234"", ""3388"", ""3441"", ""4416"", ""4577"", ""4903"", ""4931"", ""4971"", ""4979"", ""4991"", ""5202"", ""5386"", ""6147"", ""6148"", ""6173"", ""6187"", ""6223"", ""6488"", ""6584"", ""6643"", ""6683"", ""6712"", ""6739"", ""6811"", ""6829"", ""6945"", ""8043"", ""8054"", ""8227""]",2026-10-01
永豐金嘉義,20,14,469.0,296.1,"[""1591"", ""3147"", ""3219"", ""3260"", ""3441"", ""4171"", ""4939"", ""4971"", ""5475"", ""5483"", ""6173"", ""6182"", ""6716"", ""6907"", ""7717"", ""7772"", ""7842"", ""8027""]",2026-10-01
永豐金埔里,16,3,231.0,36.0,"[""2070"", ""3354"", ""3388"", ""3434"", ""3693"", ""5475"", ""5483"", ""6207"", ""6925"", ""8038"", ""8076""]",2026-10-01
永豐金大園,48,27,1215.6,336.3,"[""1785"", ""2070"", ""2221"", ""3081"", ""3147"", ""3354"", ""3374"", ""3434"", ""3455"", ""3498"", ""3508"", ""3564"", ""3693"", ""3707"", ""4542"", ""4556"", ""4931"", ""4939"", ""5202"", ""5251"", ""5289"", ""5351"", ""5371"", ""5475"", ""5498"", ""6147"", ""6173"", ""6182"", ""6207"", ""6259"", ""6274"", ""6488"", ""6690"", ""7792"", ""7825"", ""8043"", ""8064"", ""8227"", ""8383""]",2026-10-01
永豐金天母,48,22,2196.3,446.0,"[""3081"", ""3105"", ""3141"", ""3264"", ""3362"", ""3441"", ""3498"", ""3529"", ""3675"", ""3693"", ""3709"", ""4577"", ""4908"", ""4931"", ""4939"", ""5425"", ""5443"", ""5450"", ""5475"", ""5483"", ""5498"", ""6023"", ""6182"", ""6221"", ""6227"", ""6274"", ""6588"", ""6683"", ""6690"", ""6716"", ""8042"", ""8084"", ""8431""]",2026-10-01
永豐金屏東,30,16,967.2,293.8,"[""3234"", ""3441"", ""3498"", ""3529"", ""3624"", ""3685"", ""4924"", ""4931"", ""4939"", ""4971"", ""5386"", ""5425"", ""5443"", ""5483"", ""6173"", ""6207"", ""6217"", ""6617"", ""6690"", ""8042"", ""8043"", ""8069"", ""8111""]",2026-10-01
永豐金市政,81,37,2258.7,370.6,"[""1785"", ""1815"", ""3081"", ""3105"", ""3152"", ""3162"", ""3234"", ""3293"", ""3362"", ""3444"", ""3467"", ""3520"", ""3624"", ""3693"", ""4171"", ""4577"", ""4735"", ""4908"", ""4931"", ""4939"", ""4971"", ""5251"", ""5309"", ""5314"", ""5328"", ""5371"", ""5425"", ""6147"", ""6173"", ""6175"", ""6179"", ""6182"", ""6187"", ""6218"", ""6221"", ""6227"", ""6244"", ""6290"", ""6510"", ""6588"", ""6617"", ""6683"", ""6690"", ""6693"", ""6727"", ""6733"", ""6872"", ""6907"", ""6925"", ""7717"", ""8027"", ""8038"", ""8042"", ""8043"", ""8076"", ""8084"", ""8096"", ""8111"", ""8937""]",2026-10-01
永豐金彰化,30,14,487.6,98.2,"[""3317"", ""3324"", ""3444"", ""3529"", ""3707"", ""4772"", ""4924"", ""4939"", ""4973"", ""5328"", ""5464"", ""5475"", ""6510"", ""6617"", ""6690"", ""6712"", ""6733"", ""6811"", ""6907"", ""8043"", ""8358""]",2026-10-01
永豐金復興,35,18,2122.4,1040.3,"[""3081"", ""3105"", ""3114"", ""3163"", ""3211"", ""3374"", ""3577"", ""4991"", ""5202"", ""5464"", ""5475"", ""6147"", ""6182"", ""6204"", ""6223"", ""6227"", ""6274"", ""6488"", ""6538"", ""6683"", ""6712"", ""7751""]",2026-10-01
永豐金忠孝,76,30,3987.7,542.8,"[""1815"", ""2221"", ""3081"", ""3105"", ""3354"", ""3374"", ""3434"", ""3441"", ""3455"", ""3498"", ""3520"", ""3664"", ""3685"", ""3693"", ""4931"", ""4971"", ""4973"", ""4979"", ""4991"", ""5386"", ""5425"", ""5464"", ""5904"", ""6147"", ""6148"", ""6173"", ""6179"", ""6187"", ""6199"", ""6221"", ""6259"", ""6274"", ""6291"", ""6577"", ""6584"", ""6683"", ""6693"", ""6739"", ""6907"", ""6925"", ""7792"", ""7842"", ""8064"", ""8069""]",2026-10-01
永豐金敦北,79,51,12204.9,8371.7,"[""1815"", ""3066"", ""3081"", ""3105"", ""3141"", ""3211"", ""3219"", ""3363"", ""3441"", ""3529"", ""3624"", ""3685"", ""3693"", ""3707"", ""4971"", ""4979"", ""5483"", ""6173"", ""6182"", ""6187"", ""6204"", ""6231"", ""6274"", ""6488"", ""6547"", ""6590"", ""6617"", ""6693"", ""6907"", ""7842"", ""8042"", ""8043"", ""8064"", ""8358"", ""8937""]",2026-10-01
永豐金敦南,139,65,11921.5,2565.8,"[""1815"", ""3081"", ""3105"", ""3211"", ""3234"", ""3363"", ""3374"", ""3441"", ""3491"", ""3498"", ""3529"", ""3624"", ""3685"", ""3693"", ""4416"", ""4510"", ""4556"", ""4577"", ""4908"", ""4931"", ""4971"", ""4979"", ""5251"", ""5274"", ""5347"", ""5386"", ""5425"", ""5475"", ""5483"", ""6121"", ""6147"", ""6173"", ""6179"", ""6182"", ""6187"", ""6217"", ""6221"", ""6231"", ""6274"", ""6279"", ""6290"", ""6291"", ""6488"", ""6538"", ""6617"", ""6640"", ""6643"", ""6683"", ""6690"", ""6693"", ""6727"", ""6733"", ""6739"", ""6907"", ""7717"", ""7751"", ""7828"", ""8027"", ""8042"", ""8054"", ""8064"", ""8084"", ""8111"", ""8182"", ""8227"", ""8358""]",2026-10-01
永豐金新店,23,13,550.1,129.9,"[""3234"", ""3362"", ""3441"", ""3455"", ""3624"", ""3685"", ""4707"", ""4973"", ""5274"", ""5291"", ""5314"", ""5498"", ""6207"", ""6279"", ""6588"", ""6617"", ""6690"", ""6727"", ""8054"", ""8111""]",2026-10-01
永豐金新竹,41,17,1524.9,54.9,"[""3234"", ""3297"", ""3363"", ""3388"", ""3467"", ""3577"", ""3709"", ""4931"", ""4971"", ""5312"", ""5450"", ""5475"", ""6173"", ""6179"", ""6217"", ""6221"", ""6290"", ""6291"", ""6461"", ""6584"", ""6690"", ""6739"", ""6907"", ""7714"", ""7717"", ""7772"", ""7842"", ""8050"", ""8111"", ""8358"", ""8431""]",2026-10-01
永豐金新莊,34,14,1035.4,197.4,"[""3105"", ""3114"", ""3162"", ""3363"", ""3441"", ""3455"", ""3529"", ""3624"", ""4577"", ""4931"", ""4971"", ""4973"", ""4991"", ""5314"", ""5386"", ""5443"", ""5475"", ""6173"", ""6182"", ""6207"", ""6245"", ""6279"", ""6588"", ""6590"", ""6907"", ""8064"", ""8085"", ""8431""]",2026-10-01
永豐金松山,73,37,3673.3,665.3,"[""3081"", ""3162"", ""3219"", ""3227"", ""3297"", ""3441"", ""3455"", ""3498"", ""3624"", ""3680"", ""3693"", ""3707"", ""4416"", ""4542"", ""4908"", ""4931"", ""4939"", ""5202"", ""5289"", ""5299"", ""5314"", ""5328"", ""5340"", ""5386"", ""5425"", ""5475"", ""5483"", ""6147"", ""6173"", ""6179"", ""6182"", ""6207"", ""6218"", ""6244"", ""6245"", ""6274"", ""6588"", ""6683"", ""6716"", ""7772"", ""7792"", ""8064"", ""8227"", ""8358""]",2026-10-01
永豐金板新,81,34,5441.8,805.7,"[""1785"", ""2070"", ""2221"", ""3105"", ""3141"", ""3147"", ""3152"", ""3219"", ""3234"", ""3297"", ""3324"", ""3362"", ""3388"", ""3434"", ""3455"", ""3529"", ""3577"", ""3624"", ""3680"", ""3693"", ""3707"", ""4171"", ""4542"", ""4735"", ""4908"", ""4924"", ""4931"", ""4971"", ""5202"", ""5312"", ""5314"", ""5328"", ""5351"", ""5425"", ""5443"", ""6147"", ""6148"", ""6173"", ""6179"", ""6218"", ""6221"", ""6259"", ""6279"", ""6617"", ""6683"", ""6712"", ""6716"", ""8043"", ""8050"", ""8111"", ""8227"", ""8240"", ""8431""]",2026-10-01
永豐金板盛,31,14,853.4,342.5,"[""1595"", ""3234"", ""3508"", ""3693"", ""4542"", ""4931"", ""4939"", ""4973"", ""4991"", ""5202"", ""5291"", ""5371"", ""5475"", ""6175"", ""6217"", ""6227"", ""6245"", ""6279"", ""6693"", ""6739"", ""8093"", ""8111""]",2026-10-01
永豐金桃園,47,25,1175.9,168.9,"[""1815"", ""3081"", ""3234"", ""3264"", ""3374"", ""4542"", ""4931"", ""4971"", ""4973"", ""5309"", ""5328"", ""5371"", ""5450"", ""5498"", ""6023"", ""6026"", ""6179"", ""6227"", ""6245"", ""6488"", ""6538"", ""6643"", ""6727"", ""6733"", ""6811"", ""7842"", ""8038"", ""8064"", ""8069"", ""8084""]",2026-10-01
永豐金桃盛,35,9,802.1,151.1,"[""3147"", ""3357"", ""3388"", ""3441"", ""3467"", ""3675"", ""4772"", ""4939"", ""5202"", ""5371"", ""6182"", ""6204"", ""6274"", ""6620"", ""6693"", ""6733"", ""6739"", ""6907"", ""7714"", ""8042"", ""8076"", ""8096"", ""8937""]",2026-10-01
永豐金永康,47,25,1047.5,313.9,"[""3081"", ""3219"", ""3374"", ""3498"", ""3680"", ""4416"", ""4542"", ""4556"", ""4973"", ""5291"", ""5299"", ""5351"", ""5386"", ""5443"", ""6173"", ""6179"", ""6217"", ""6218"", ""6227"", ""6291"", ""6584"", ""6620"", ""6640"", ""6690"", ""6693"", ""6945"", ""7717"", ""7751"", ""8042"", ""8043""]",2026-10-01
永豐金潮洲,19,11,1430.5,1253.7,"[""1569"", ""3219"", ""3624"", ""4931"", ""6217"", ""6590"", ""6690"", ""6712"", ""8027"", ""8054"", ""8111""]",2026-10-01
永豐金竹北,53,14,1504.7,74.1,"[""1815"", ""3147"", ""3162"", ""3324"", ""3339"", ""3362"", ""3374"", ""3434"", ""3529"", ""3707"", ""4416"", ""4556"", ""4923"", ""5251"", ""5312"", ""5328"", ""5386"", ""5443"", ""5464"", ""6121"", ""6147"", ""6173"", ""6218"", ""6245"", ""6259"", ""6274"", ""6279"", ""6291"", ""6683"", ""6690"", ""6716"", ""6727"", ""6733"", ""6739"", ""6907"", ""7717"", ""7751"", ""7828"", ""7842"", ""8042"", ""8069""]",2026-10-01
永豐金竹科,63,32,2517.7,833.9,"[""1785"", ""2221"", ""3105"", ""3141"", ""3152"", ""3297"", ""3362"", ""3444"", ""3467"", ""3520"", ""3680"", ""3709"", ""4556"", ""4735"", ""4939"", ""4973"", ""5289"", ""5309"", ""5312"", ""5314"", ""5328"", ""5425"", ""5443"", ""5475"", ""6173"", ""6182"", ""6207"", ""6218"", ""6231"", ""6244"", ""6291"", ""6488"", ""6530"", ""6577"", ""6620"", ""6693"", ""6829"", ""7714"", ""8064"", ""8937""]",2026-10-01
永豐金羅東,41,19,2395.2,864.2,"[""3081"", ""3105"", ""3374"", ""3434"", ""3508"", ""3664"", ""3709"", ""4416"", ""4768"", ""4931"", ""5299"", ""5443"", ""5483"", ""6026"", ""6173"", ""6227"", ""6590"", ""6872"", ""6925"", ""7717"", ""7842"", ""8038"", ""8085""]",2026-10-01
永豐金苓雅,8,5,215.7,76.4,"[""3260"", ""3362"", ""3707"", ""4931"", ""5274"", ""6207"", ""6577"", ""6907""]",2026-10-01
永豐金萬盛,75,32,4436.2,2178.8,"[""1815"", ""3081"", ""3105"", ""3211"", ""3234"", ""3264"", ""3297"", ""3324"", ""3374"", ""3498"", ""3624"", ""3675"", ""3680"", ""3685"", ""3693"", ""4931"", ""4971"", ""4979"", ""5371"", ""5483"", ""6147"", ""6148"", ""6173"", ""6182"", ""6274"", ""6290"", ""6291"", ""6461"", ""6488"", ""6584"", ""6643"", ""6683"", ""6727"", ""6925"", ""7842"", ""8038"", ""8042"", ""8064""]",2026-10-01
永豐金虎尾,21,8,1148.4,356.3,"[""1569"", ""1815"", ""3162"", ""3685"", ""4542"", ""4924"", ""5386"", ""5483"", ""6121"", ""6179"", ""6182"", ""6517"", ""6907"", ""7825""]",2026-10-01
永豐金豐原,35,14,7264.7,1549.4,"[""1569"", ""3081"", ""3105"", ""3152"", ""3388"", ""3624"", ""4973"", ""5328"", ""5483"", ""6147"", ""6173"", ""6182"", ""6207"", ""6218"", ""6693"", ""7772"", ""8085"", ""8111""]",2026-10-01
永豐金高雄,27,13,846.8,299.6,"[""2070"", ""3260"", ""3374"", ""3388"", ""3441"", ""3498"", ""3624"", ""3680"", ""3707"", ""4416"", ""4939"", ""4979"", ""5299"", ""5314"", ""5425"", ""6173"", ""6182"", ""6716"", ""6945"", ""8096""]",2026-10-01
永豐金鳳山,20,10,323.9,79.8,"[""3529"", ""4174"", ""4416"", ""4939"", ""5328"", ""6173"", ""6217"", ""6690"", ""6829"", ""6907"", ""7772"", ""8038"", ""8064"", ""8182"", ""8227""]",2026-10-01
永豐金鹽埕,13,6,188.2,51.0,"[""3147"", ""3211"", ""3260"", ""3362"", ""3455"", ""3529"", ""4931"", ""5450"", ""6207"", ""6584""]",2026-10-01
永豐高雄,57,23,4563.4,1561.3,"[""1713"", ""2069"", ""2305"", ""2353"", ""2395"", ""2436"", ""2464"", ""2492"", ""2496"", ""2633"", ""2645"", ""2883"", ""3026"", ""3046"", ""3481"", ""3679"", ""3711"", ""5519"", ""6139"", ""6226"", ""6271"", ""6456"", ""6525"", ""6533"", ""6715"", ""6753"", ""6770"", ""7768"", ""7799"", ""8150""]",2026-10-01
永豐鳳山,34,13,1499.3,194.1,"[""1301"", ""1314"", ""1528"", ""2010"", ""2103"", ""2305"", ""2332"", ""2426"", ""2491"", ""2542"", ""2633"", ""2855"", ""2890"", ""3019"", ""3041"", ""3049"", ""3443"", ""3669"", ""5484"", ""5519"", ""6226"", ""6271"", ""6442"", ""6691"", ""6861"", ""6906"", ""9914""]",2026-10-01
法銀巴黎,262,102,96351.1,5218.5,"[""1301"", ""1303"", ""1326"", ""1409"", ""1504"", ""1519"", ""1605"", ""1717"", ""2027"", ""2049"", ""2059"", ""2301"", ""2303"", ""2308"", ""2313"", ""2317"", ""2324"", ""2327"", ""2330"", ""2332"", ""2337"", ""2344"", ""2357"", ""2360"", ""2368"", ""2382"", ""2395"", ""2408"", ""2409"", ""2426"", ""2449"", ""2454"", ""2455"", ""2489"", ""2492"", ""2615"", ""2618"", ""2633"", ""2634"", ""2883"", ""2886"", ""2887"", ""2890"", ""2891"", ""2923"", ""3008"", ""3017"", ""3026"", ""3036"", ""3037"", ""3042"", ""3044"", ""3189"", ""3231"", ""3376"", ""3406"", ""3443"", ""3481"", ""3533"", ""3653"", ""3661"", ""3665"", ""3711"", ""3716"", ""4958"", ""5434"", ""5876"", ""6005"", ""6213"", ""6446"", ""6505"", ""6669"", ""6770"", ""6919"", ""7610"", ""7769"", ""8039"", ""8046"", ""8150"", ""8454"", ""8996"", ""9904"", ""9914"", ""9945""]",2026-10-01
法銀巴黎證,56,17,4186.1,336.0,"[""3081"", ""3211"", ""3264"", ""3293"", ""3374"", ""3529"", ""4908"", ""5274"", ""5347"", ""5425"", ""5483"", ""6147"", ""6173"", ""6274"", ""6290"", ""6488"", ""6727"", ""8069"", ""8358""]",2026-10-01
港商野村,2011,917,711736.5,201255.0,"[""1301"", ""1303"", ""1312"", ""1314"", ""1326"", ""1409"", ""1423"", ""1503"", ""1504"", ""1513"", ""1514"", ""1519"", ""1526"", ""1528"", ""1560"", ""1569"", ""1591"", ""1595"", ""1597"", ""1605"", ""1608"", ""1612"", ""1709"", ""1713"", ""1714"", ""1717"", ""1718"", ""1721"", ""1727"", ""1785"", ""1795"", ""1802"", ""1809"", ""1810"", ""1815"", ""2006"", ""2010"", ""2020"", ""2025"", ""2027"", ""2030"", ""2031"", ""2033"", ""2049"", ""2059"", ""2061"", ""2069"", ""2070"", ""2103"", ""2204"", ""2221"", ""2301"", ""2303"", ""2305"", ""2308"", ""2312"", ""2313"", ""2317"", ""2324"", ""2327"", ""2330"", ""2332"", ""2337"", ""2338"", ""2340"", ""2342"", ""2344"", ""2351"", ""2352"", ""2353"", ""2357"", ""2359"", ""2360"", ""2363"", ""2368"", ""2369"", ""2376"", ""2377"", ""2379"", ""2382"", ""2387"", ""2388"", ""2392"", ""2395"", ""2404"", ""2406"", ""2408"", ""2409"", ""2413"", ""2421"", ""2425"", ""2426"", ""2434"", ""2436"", ""2438"", ""2449"", ""2451"", ""2454"", ""2455"", ""2464"", ""2465"", ""2468"", ""2472"", ""2478"", ""2481"", ""2483"", ""2484"", ""2489"", ""2491"", ""2492"", ""2493"", ""2520"", ""2542"", ""2546"", ""2601"", ""2603"", ""2610"", ""2615"", ""2618"", ""2633"", ""2634"", ""2645"", ""2739"", ""2801"", ""2816"", ""2855"", ""2880"", ""2883"", ""2884"", ""2886"", ""2887"", ""2890"", ""2891"", ""2915"", ""2923"", ""3003"", ""3006"", ""3008"", ""3016"", ""3017"", ""3019"", ""3021"", ""3026"", ""3037"", ""3041"", ""3042"", ""3044"", ""3046"", ""3049"", ""3055"", ""3081"", ""3090"", ""3094"", ""3105"", ""3135"", ""3141"", ""3147"", ""3152"", ""3162"", ""3163"", ""3167"", ""3189"", ""3211"", ""3219"", ""3227"", ""3229"", ""3231"", ""3234"", ""3260"", ""3264"", ""3293"", ""3297"", ""3311"", ""3317"", ""3324"", ""3354"", ""3356"", ""3357"", ""3362"", ""3363"", ""3374"", ""3376"", ""3388"", ""3406"", ""3413"", ""3437"", ""3441"", ""3443"", ""3450"", ""3455"", ""3467"", ""3481"", ""3498"", ""3518"", ""3520"", ""3529"", ""3532"", ""3533"", ""3540"", ""3543"", ""3564"", ""3577"", ""3605"", ""3624"", ""3652"", ""3653"", ""3661"", ""3665"", ""3669"", ""3675"", ""3679"", ""3680"", ""3685"", ""3691"", ""3693"", ""3702"", ""3707"", ""3708"", ""3709"", ""3711"", ""3715"", ""3716"", ""3717"", ""4174"", ""4416"", ""4510"", ""4542"", ""4551"", ""4556"", ""4566"", ""4736"", ""4764"", ""4768"", ""4770"", ""4772"", ""4807"", ""4908"", ""4919"", ""4927"", ""4931"", ""4939"", ""4956"", ""4958"", ""4967"", ""4971"", ""4973"", ""4976"", ""4977"", ""4979"", ""4989"", ""4991"", ""5202"", ""5225"", ""5251"", ""5274"", ""5285"", ""5289"", ""5291"", ""5299"", ""5309"", ""5312"", ""5314"", ""5328"", ""5347"", ""5351"", ""5371"", ""5425"", ""5434"", ""5443"", ""5464"", ""5475"", ""5483"", ""5484"", ""5498"", ""5515"", ""5522"", ""5608"", ""5706"", ""5871"", ""5876"", ""6005"", ""6023"", ""6026"", ""6112"", ""6116"", ""6121"", ""6139"", ""6147"", ""6148"", ""6152"", ""6166"", ""6168"", ""6173"", ""6175"", ""6179"", ""6182"", ""6187"", ""6188"", ""6199"", ""6204"", ""6206"", ""6207"", ""6209"", ""6213"", ""6217"", ""6218"", ""6223"", ""6224"", ""6226"", ""6227"", ""6231"", ""6244"", ""6245"", ""6257"", ""6265"", ""6269"", ""6271"", ""6272"", ""6274"", ""6278"", ""6279"", ""6282"", ""6290"", ""6291"", ""6409"", ""6416"", ""6426"", ""6442"", ""6443"", ""6446"", ""6451"", ""6456"", ""6488"", ""6505"", ""6510"", ""6515"", ""6517"", ""6525"", ""6526"", ""6533"", ""6538"", ""6577"", ""6579"", ""6584"", ""6588"", ""6589"", ""6617"", ""6620"", ""6640"", ""6668"", ""6669"", ""6672"", ""6683"", ""6689"", ""6690"", ""6691"", ""6693"", ""6706"", ""6712"", ""6715"", ""6716"", ""6727"", ""6733"", ""6739"", ""6753"", ""6770"", ""6805"", ""6811"", ""6829"", ""6834"", ""6861"", ""6869"", ""6885"", ""6906"", ""6907"", ""6909"", ""6919"", ""6925"", ""6933"", ""6945"", ""7711"", ""7714"", ""7717"", ""7722"", ""7749"", ""7751"", ""7765"", ""7768"", ""7769"", ""7772"", ""7777"", ""7788"", ""7792"", ""7795"", ""7799"", ""7825"", ""7828"", ""7842"", ""8021"", ""8027"", ""8028"", ""8033"", ""8038"", ""8039"", ""8042"", ""8043"", ""8046"", ""8050"", ""8054"", ""8064"", ""8069"", ""8070"", ""8084"", ""8085"", ""8096"", ""8103"", ""8110"", ""8111"", ""8112"", ""8150"", ""8182"", ""8227"", ""8261"", ""8358"", ""8383"", ""8431"", ""8454"", ""8937"", ""8996"", ""9904"", ""9914"", ""9945""]",2026-10-01
港商麥格理,92,26,18022.4,1399.0,"[""1815"", ""3081"", ""3105"", ""3163"", ""3227"", ""3260"", ""3264"", ""3293"", ""3324"", ""3362"", ""3363"", ""3374"", ""3529"", ""3680"", ""3707"", ""4979"", ""4991"", ""5274"", ""5314"", ""5347"", ""5443"", ""5483"", ""6121"", ""6147"", ""6182"", ""6223"", ""6274"", ""6488"", ""6584"", ""6683"", ""8069"", ""8358""]",2026-10-01
港麥格理,465,149,269042.4,25001.7,"[""1301"", ""1303"", ""1326"", ""1409"", ""1504"", ""1519"", ""1560"", ""1608"", ""2006"", ""2010"", ""2027"", ""2031"", ""2059"", ""2103"", ""2301"", ""2303"", ""2308"", ""2312"", ""2313"", ""2317"", ""2324"", ""2327"", ""2330"", ""2337"", ""2344"", ""2347"", ""2351"", ""2357"", ""2360"", ""2368"", ""2377"", ""2379"", ""2382"", ""2395"", ""2404"", ""2408"", ""2409"", ""2449"", ""2454"", ""2455"", ""2481"", ""2489"", ""2492"", ""2542"", ""2603"", ""2615"", ""2618"", ""2633"", ""2801"", ""2855"", ""2880"", ""2883"", ""2884"", ""2886"", ""2887"", ""2890"", ""2891"", ""2915"", ""3006"", ""3008"", ""3017"", ""3026"", ""3036"", ""3037"", ""3044"", ""3090"", ""3189"", ""3231"", ""3356"", ""3406"", ""3443"", ""3481"", ""3532"", ""3533"", ""3653"", ""3661"", ""3665"", ""3702"", ""3711"", ""4736"", ""4958"", ""4967"", ""5434"", ""5522"", ""5876"", ""6005"", ""6116"", ""6213"", ""6278"", ""6442"", ""6446"", ""6505"", ""6515"", ""6531"", ""6669"", ""6691"", ""6706"", ""6770"", ""6919"", ""6949"", ""7610"", ""7769"", ""7795"", ""8021"", ""8039"", ""8046"", ""8110"", ""8150"", ""8454"", ""8996"", ""9904"", ""9914""]",2026-10-01
犇亞,31,5,9545.4,68.6,"[""1303"", ""2338"", ""2368"", ""2436"", ""2464"", ""2855"", ""2887"", ""2891"", ""3037"", ""3167"", ""3406"", ""3443"", ""3450"", ""3653"", ""3679"", ""4764"", ""6515"", ""6669"", ""6805"", ""8046"", ""8996""]",2026-10-01
犇亞網路,19,8,406.2,117.0,"[""1713"", ""2305"", ""2413"", ""2496"", ""2546"", ""3016"", ""3229"", ""3311"", ""6209"", ""6278"", ""6909""]",2026-10-01
犇亞鑫豐,84,28,4456.6,767.4,"[""1314"", ""1339"", ""1409"", ""1608"", ""1809"", ""2010"", ""2020"", ""2030"", ""2031"", ""2069"", ""2241"", ""2305"", ""2344"", ""2360"", ""2387"", ""2426"", ""2436"", ""2481"", ""2496"", ""2546"", ""2601"", ""2915"", ""3019"", ""3021"", ""3055"", ""3094"", ""3229"", ""3311"", ""3406"", ""3679"", ""4927"", ""4956"", ""5519"", ""5871"", ""6005"", ""6166"", ""6456"", ""6526"", ""6533"", ""6691"", ""6715"", ""6830"", ""6933"", ""8039"", ""8070"", ""9904""]",2026-10-01
玉山,338,147,52106.2,5938.6,"[""1301"", ""1303"", ""1326"", ""1503"", ""1513"", ""1519"", ""1526"", ""1528"", ""1560"", ""1608"", ""1612"", ""1717"", ""1727"", ""1802"", ""2006"", ""2010"", ""2030"", ""2031"", ""2059"", ""2103"", ""2301"", ""2303"", ""2308"", ""2313"", ""2327"", ""2330"", ""2332"", ""2337"", ""2342"", ""2344"", ""2360"", ""2368"", ""2375"", ""2382"", ""2387"", ""2395"", ""2404"", ""2406"", ""2408"", ""2409"", ""2421"", ""2426"", ""2434"", ""2449"", ""2454"", ""2455"", ""2464"", ""2465"", ""2468"", ""2472"", ""2478"", ""2481"", ""2484"", ""2492"", ""2493"", ""2496"", ""2546"", ""2547"", ""2548"", ""2603"", ""2615"", ""2618"", ""2633"", ""2637"", ""2739"", ""2855"", ""2884"", ""2887"", ""2891"", ""2912"", ""3008"", ""3016"", ""3017"", ""3026"", ""3031"", ""3036"", ""3037"", ""3041"", ""3044"", ""3055"", ""3189"", ""3229"", ""3231"", ""3311"", ""3406"", ""3413"", ""3450"", ""3481"", ""3504"", ""3532"", ""3533"", ""3653"", ""3661"", ""3665"", ""3673"", ""3702"", ""3715"", ""4169"", ""4551"", ""4566"", ""4958"", ""4976"", ""4977"", ""5285"", ""5292"", ""5515"", ""5519"", ""5706"", ""5871"", ""6139"", ""6166"", ""6168"", ""6213"", ""6224"", ""6278"", ""6282"", ""6426"", ""6446"", ""6505"", ""6515"", ""6579"", ""6668"", ""6669"", ""6691"", ""6706"", ""6715"", ""6753"", ""6770"", ""6805"", ""6861"", ""6885"", ""6949"", ""7722"", ""7730"", ""7765"", ""7769"", ""7795"", ""8028"", ""8033"", ""8046"", ""8150"", ""8996"", ""9904"", ""9914"", ""9941"", ""9945""]",2026-10-01
玉山信義,82,28,2104.3,457.3,"[""1608"", ""1713"", ""2020"", ""2204"", ""2342"", ""2409"", ""2436"", ""2484"", ""2493"", ""2615"", ""2634"", ""2855"", ""3018"", ""3037"", ""3105"", ""3209"", ""3219"", ""3229"", ""3450"", ""3467"", ""3679"", ""3685"", ""3693"", ""3709"", ""4577"", ""4939"", ""4971"", ""4973"", ""5464"", ""5483"", ""5522"", ""5608"", ""5706"", ""6173"", ""6187"", ""6214"", ""6225"", ""6227"", ""6245"", ""6269"", ""6278"", ""6409"", ""6442"", ""6510"", ""6588"", ""6672"", ""6683"", ""6693"", ""6712"", ""6739"", ""6805"", ""6861"", ""6907"", ""7722"", ""7792"", ""8039"", ""8043"", ""8150"", ""8937""]",2026-10-01
玉山台中,175,75,6997.8,1157.4,"[""1301"", ""1326"", ""1514"", ""1526"", ""1591"", ""1608"", ""1612"", ""1718"", ""1727"", ""1810"", ""1815"", ""2103"", ""2221"", ""2254"", ""2302"", ""2312"", ""2313"", ""2332"", ""2337"", ""2342"", ""2347"", ""2351"", ""2375"", ""2387"", ""2395"", ""2455"", ""2465"", ""2481"", ""2484"", ""2492"", ""2546"", ""2548"", ""2634"", ""2816"", ""2883"", ""2915"", ""3006"", ""3008"", ""3026"", ""3049"", ""3055"", ""3081"", ""3105"", ""3211"", ""3234"", ""3374"", ""3443"", ""3450"", ""3490"", ""3504"", ""3508"", ""3605"", ""3624"", ""3661"", ""3669"", ""3675"", ""3708"", ""4133"", ""4171"", ""4416"", ""4556"", ""4764"", ""4772"", ""4908"", ""4931"", ""4956"", ""4967"", ""4971"", ""4973"", ""4976"", ""4979"", ""5225"", ""5289"", ""5314"", ""5351"", ""5371"", ""5450"", ""5475"", ""5483"", ""5706"", ""6005"", ""6147"", ""6173"", ""6225"", ""6442"", ""6461"", ""6505"", ""6533"", ""6584"", ""6590"", ""6690"", ""6691"", ""6706"", ""6753"", ""6770"", ""6811"", ""6830"", ""6861"", ""6907"", ""6933"", ""7711"", ""7714"", ""7722"", ""7765"", ""7769"", ""7772"", ""7792"", ""8021"", ""8033"", ""8038"", ""8043"", ""8064"", ""8085"", ""8096"", ""8110"", ""8111"", ""8182"", ""8227"", ""8261"", ""8358"", ""8454"", ""9904""]",2026-10-01
玉山台南,190,88,13711.0,2613.5,"[""1307"", ""1326"", ""1608"", ""1709"", ""2025"", ""2031"", ""2069"", ""2221"", ""2305"", ""2330"", ""2332"", ""2337"", ""2342"", ""2344"", ""2363"", ""2368"", ""2375"", ""2382"", ""2387"", ""2413"", ""2421"", ""2454"", ""2484"", ""2489"", ""2542"", ""2630"", ""2633"", ""2634"", ""2645"", ""2887"", ""3041"", ""3055"", ""3094"", ""3147"", ""3189"", ""3211"", ""3227"", ""3234"", ""3260"", ""3356"", ""3357"", ""3362"", ""3374"", ""3444"", ""3455"", ""3498"", ""3594"", ""3605"", ""3624"", ""3665"", ""3680"", ""3707"", ""3716"", ""4171"", ""4542"", ""4551"", ""4566"", ""4735"", ""4772"", ""4908"", ""4919"", ""4931"", ""4939"", ""4956"", ""4967"", ""4971"", ""5225"", ""5312"", ""5328"", ""5386"", ""5434"", ""5498"", ""5515"", ""5608"", ""6133"", ""6147"", ""6152"", ""6173"", ""6179"", ""6207"", ""6217"", ""6218"", ""6221"", ""6225"", ""6227"", ""6231"", ""6278"", ""6279"", ""6488"", ""6505"", ""6525"", ""6577"", ""6590"", ""6617"", ""6620"", ""6640"", ""6691"", ""6753"", ""6770"", ""6811"", ""6869"", ""6909"", ""6925"", ""6949"", ""6969"", ""7717"", ""7765"", ""7788"", ""8033"", ""8038"", ""8039"", ""8046"", ""8111"", ""8150"", ""8182"", ""8261"", ""8454"", ""8996"", ""9904"", ""9945""]",2026-10-01
玉山嘉義,128,50,7473.8,1005.7,"[""1503"", ""1504"", ""1519"", ""1560"", ""1612"", ""1713"", ""1718"", ""1727"", ""1785"", ""1815"", ""2020"", ""2241"", ""2332"", ""2392"", ""2409"", ""2434"", ""2467"", ""2489"", ""2496"", ""2546"", ""2634"", ""2723"", ""3008"", ""3021"", ""3041"", ""3046"", ""3105"", ""3162"", ""3219"", ""3296"", ""3297"", ""3406"", ""3434"", ""3437"", ""3441"", ""3481"", ""3498"", ""3520"", ""3532"", ""3577"", ""3605"", ""3624"", ""3661"", ""3709"", ""4133"", ""4171"", ""4927"", ""4939"", ""4958"", ""4971"", ""4973"", ""4976"", ""4991"", ""5274"", ""5292"", ""5351"", ""5519"", ""6026"", ""6133"", ""6152"", ""6175"", ""6207"", ""6231"", ""6244"", ""6278"", ""6282"", ""6290"", ""6446"", ""6505"", ""6533"", ""6588"", ""6590"", ""6617"", ""6640"", ""6691"", ""6693"", ""6716"", ""6727"", ""6733"", ""6742"", ""6770"", ""6906"", ""6907"", ""6924"", ""6933"", ""6945"", ""7788"", ""8038"", ""8076"", ""8103"", ""8182"", ""9914""]",2026-10-01
玉山城中,141,59,10913.2,2157.0,"[""1307"", ""1514"", ""1526"", ""1528"", ""1608"", ""1721"", ""2033"", ""2301"", ""2305"", ""2327"", ""2344"", ""2357"", ""2382"", ""2409"", ""2413"", ""2434"", ""2454"", ""2464"", ""2467"", ""2468"", ""2633"", ""2816"", ""3006"", ""3008"", ""3016"", ""3021"", ""3026"", ""3036"", ""3049"", ""3055"", ""3090"", ""3260"", ""3296"", ""3356"", ""3406"", ""3450"", ""3498"", ""3624"", ""3661"", ""3664"", ""3669"", ""4171"", ""4566"", ""4735"", ""4764"", ""4908"", ""4973"", ""4976"", ""5225"", ""5312"", ""5386"", ""5443"", ""5483"", ""5498"", ""5519"", ""5522"", ""5706"", ""6147"", ""6166"", ""6179"", ""6182"", ""6209"", ""6217"", ""6226"", ""6272"", ""6279"", ""6409"", ""6426"", ""6442"", ""6505"", ""6538"", ""6588"", ""6617"", ""6640"", ""6668"", ""6669"", ""6672"", ""6693"", ""6706"", ""6712"", ""6830"", ""7714"", ""7722"", ""7765"", ""7772"", ""7792"", ""8039"", ""8050"", ""8084"", ""8227"", ""8261"", ""8374"", ""9904""]",2026-10-01
玉山士林,87,28,3894.1,311.4,"[""1312"", ""1504"", ""2031"", ""2059"", ""2324"", ""2332"", ""2387"", ""2388"", ""2413"", ""2464"", ""2467"", ""2489"", ""2548"", ""2633"", ""2801"", ""2891"", ""3211"", ""3311"", ""3356"", ""3363"", ""3406"", ""3467"", ""3481"", ""3564"", ""3605"", ""3653"", ""3675"", ""4133"", ""4171"", ""4768"", ""4939"", ""4967"", ""5328"", ""5371"", ""5475"", ""5706"", ""6112"", ""6139"", ""6173"", ""6204"", ""6207"", ""6209"", ""6213"", ""6279"", ""6584"", ""6617"", ""6689"", ""6693"", ""6716"", ""6739"", ""6811"", ""6869"", ""6907"", ""6945"", ""7768"", ""7799"", ""7842"", ""8096"", ""8996""]",2026-10-01
玉山大里,100,38,5150.9,816.4,"[""1301"", ""1326"", ""1423"", ""1560"", ""1608"", ""1785"", ""2027"", ""2103"", ""2301"", ""2305"", ""2338"", ""2340"", ""2375"", ""2377"", ""2379"", ""2388"", ""2413"", ""2426"", ""2449"", ""2484"", ""2491"", ""2496"", ""2816"", ""2884"", ""2887"", ""3008"", ""3046"", ""3081"", ""3152"", ""3324"", ""3357"", ""3362"", ""3441"", ""3481"", ""3532"", ""3624"", ""3679"", ""3707"", ""4542"", ""4939"", ""4958"", ""5285"", ""5289"", ""5450"", ""5475"", ""5519"", ""5706"", ""6179"", ""6207"", ""6209"", ""6218"", ""6225"", ""6226"", ""6451"", ""6505"", ""6590"", ""6669"", ""6712"", ""6742"", ""6869"", ""6902"", ""6906"", ""6909"", ""6919"", ""6945"", ""7750"", ""7765"", ""7769"", ""7828"", ""8038"", ""8039"", ""8046"", ""8096"", ""8227"", ""9904"", ""9945""]",2026-10-01
玉山左營,101,44,5892.4,1700.1,"[""1218"", ""1301"", ""1504"", ""1569"", ""1608"", ""1809"", ""2010"", ""2031"", ""2305"", ""2313"", ""2317"", ""2338"", ""2467"", ""2468"", ""2483"", ""2492"", ""2496"", ""2801"", ""2883"", ""2923"", ""3049"", ""3055"", ""3081"", ""3362"", ""3481"", ""3520"", ""3540"", ""3661"", ""3693"", ""3707"", ""3709"", ""3715"", ""4542"", ""4931"", ""4967"", ""4971"", ""5340"", ""5371"", ""5475"", ""5483"", ""5519"", ""5706"", ""6147"", ""6204"", ""6207"", ""6225"", ""6272"", ""6442"", ""6461"", ""6533"", ""6588"", ""6643"", ""6691"", ""6693"", ""6715"", ""6716"", ""6727"", ""6861"", ""7751"", ""7799"", ""8033"", ""8042"", ""8043"", ""8054"", ""8064"", ""8070"", ""8150"", ""9904""]",2026-10-01
玉山數位,55,23,1303.2,258.8,"[""1218"", ""1423"", ""1560"", ""1608"", ""1612"", ""1709"", ""2010"", ""2025"", ""2338"", ""2421"", ""2489"", ""2493"", ""2601"", ""2634"", ""3018"", ""3066"", ""3297"", ""3354"", ""3498"", ""3529"", ""4174"", ""4542"", ""4577"", ""5464"", ""5475"", ""5498"", ""5515"", ""5706"", ""6116"", ""6147"", ""6148"", ""6207"", ""6269"", ""6416"", ""6510"", ""6620"", ""6643"", ""6668"", ""6925"", ""6933"", ""6945"", ""7768"", ""7772"", ""7825"", ""8038"", ""8042"", ""8096"", ""8358"", ""8937""]",2026-10-01
玉山新竹,110,32,4401.5,330.4,"[""1612"", ""1709"", ""1727"", ""1802"", ""2010"", ""2049"", ""2332"", ""2351"", ""2388"", ""2392"", ""2436"", ""2444"", ""2484"", ""2493"", ""2542"", ""3016"", ""3019"", ""3041"", ""3167"", ""3211"", ""3227"", ""3260"", ""3311"", ""3354"", ""3362"", ""3413"", ""3441"", ""3481"", ""3543"", ""3653"", ""3708"", ""4416"", ""4542"", ""4556"", ""4707"", ""4736"", ""4768"", ""4971"", ""4976"", ""4989"", ""5202"", ""5225"", ""5285"", ""5299"", ""5309"", ""5314"", ""5328"", ""5443"", ""5464"", ""5706"", ""5876"", ""6026"", ""6112"", ""6166"", ""6173"", ""6175"", ""6182"", ""6187"", ""6188"", ""6213"", ""6226"", ""6279"", ""6409"", ""6588"", ""6690"", ""6693"", ""6715"", ""6733"", ""6782"", ""6834"", ""6906"", ""6907"", ""7751"", ""7769"", ""7777"", ""7795"", ""7799"", ""7842"", ""8042"", ""8064"", ""8182"", ""8227"", ""8431""]",2026-10-01
玉山新莊,196,76,16067.6,4422.9,"[""1303"", ""1409"", ""1503"", ""1513"", ""1519"", ""1560"", ""1608"", ""1718"", ""1727"", ""2025"", ""2030"", ""2069"", ""2221"", ""2301"", ""2305"", ""2312"", ""2313"", ""2327"", ""2332"", ""2337"", ""2344"", ""2351"", ""2352"", ""2359"", ""2368"", ""2376"", ""2409"", ""2436"", ""2472"", ""2481"", ""2484"", ""2491"", ""2496"", ""2633"", ""2883"", ""3017"", ""3021"", ""3037"", ""3081"", ""3090"", ""3105"", ""3141"", ""3260"", ""3324"", ""3354"", ""3356"", ""3374"", ""3388"", ""3413"", ""3481"", ""3498"", ""3504"", ""3508"", ""3533"", ""3564"", ""3624"", ""3661"", ""3675"", ""3679"", ""3693"", ""3715"", ""4169"", ""4171"", ""4542"", ""4707"", ""4735"", ""4772"", ""4927"", ""4939"", ""4967"", ""4973"", ""4979"", ""5225"", ""5328"", ""5464"", ""5475"", ""5483"", ""5706"", ""6005"", ""6116"", ""6147"", ""6148"", ""6166"", ""6187"", ""6207"", ""6226"", ""6274"", ""6291"", ""6451"", ""6461"", ""6488"", ""6505"", ""6640"", ""6668"", ""6691"", ""6739"", ""6753"", ""6770"", ""6885"", ""6907"", ""6909"", ""6919"", ""7795"", ""7842"", ""8033"", ""8064"", ""8069"", ""8085"", ""8111"", ""8261"", ""8454"", ""8996"", ""9914"", ""9941"", ""9945""]",2026-10-01
玉山景美,122,44,4395.3,419.9,"[""1312"", ""1504"", ""1513"", ""1519"", ""1727"", ""1785"", ""2010"", ""2031"", ""2049"", ""2070"", ""2305"", ""2351"", ""2395"", ""2409"", ""2455"", ""2548"", ""2601"", ""2739"", ""2816"", ""3008"", ""3016"", ""3021"", ""3055"", ""3090"", ""3152"", ""3163"", ""3211"", ""3229"", ""3354"", ""3356"", ""3441"", ""3532"", ""3624"", ""3665"", ""3679"", ""3709"", ""4416"", ""5225"", ""5351"", ""5443"", ""5450"", ""5522"", ""6026"", ""6133"", ""6147"", ""6166"", ""6168"", ""6173"", ""6179"", ""6217"", ""6226"", ""6227"", ""6279"", ""6426"", ""6488"", ""6533"", ""6643"", ""6672"", ""6683"", ""6693"", ""6715"", ""6716"", ""6811"", ""6907"", ""7711"", ""7717"", ""7769"", ""7792"", ""7795"", ""7799"", ""8028"", ""8033"", ""8038"", ""8042"", ""8046"", ""8076""]",2026-10-01
玉山板橋,127,55,4648.2,583.8,"[""1314"", ""1528"", ""1612"", ""1721"", ""1785"", ""2030"", ""2103"", ""2305"", ""2313"", ""2344"", ""2382"", ""2387"", ""2408"", ""2455"", ""2484"", ""2493"", ""2633"", ""2915"", ""3018"", ""3021"", ""3026"", ""3037"", ""3147"", ""3209"", ""3211"", ""3219"", ""3231"", ""3260"", ""3264"", ""3297"", ""3354"", ""3388"", ""3450"", ""3532"", ""3564"", ""3675"", ""3693"", ""4133"", ""4707"", ""4736"", ""4764"", ""4768"", ""4924"", ""4931"", ""4973"", ""4976"", ""4979"", ""4991"", ""5225"", ""5464"", ""5475"", ""5484"", ""5515"", ""5519"", ""5706"", ""5904"", ""6147"", ""6173"", ""6182"", ""6187"", ""6213"", ""6224"", ""6227"", ""6245"", ""6291"", ""6426"", ""6488"", ""6640"", ""6672"", ""6706"", ""6715"", ""6716"", ""6811"", ""6829"", ""6907"", ""6919"", ""6925"", ""6933"", ""6969"", ""7792"", ""7825"", ""8021"", ""8039"", ""8042"", ""8084"", ""8085"", ""8227"", ""8358"", ""8383"", ""8996"", ""9904""]",2026-10-01
玉山桃園,114,42,4076.2,1157.0,"[""1446"", ""1503"", ""1514"", ""1519"", ""1528"", ""1560"", ""1785"", ""1810"", ""2010"", ""2303"", ""2340"", ""2344"", ""2347"", ""2368"", ""2387"", ""2425"", ""2426"", ""2465"", ""2481"", ""2723"", ""2816"", ""2855"", ""3041"", ""3055"", ""3163"", ""3211"", ""3354"", ""3356"", ""3376"", ""3434"", ""3441"", ""3533"", ""3543"", ""3624"", ""3708"", ""3717"", ""4542"", ""4551"", ""4566"", ""4736"", ""4764"", ""4768"", ""4908"", ""4931"", ""4958"", ""4976"", ""5202"", ""5285"", ""5309"", ""5515"", ""5706"", ""6005"", ""6173"", ""6207"", ""6217"", ""6226"", ""6231"", ""6269"", ""6278"", ""6291"", ""6442"", ""6446"", ""6548"", ""6689"", ""6691"", ""6712"", ""6770"", ""7772"", ""7795"", ""7842"", ""8027"", ""8028"", ""8050"", ""8070"", ""8996"", ""9904""]",2026-10-01
玉山證券,141,69,5984.3,1134.7,"[""1569"", ""1595"", ""2221"", ""3081"", ""3105"", ""3141"", ""3163"", ""3211"", ""3219"", ""3234"", ""3293"", ""3324"", ""3357"", ""3374"", ""3388"", ""3434"", ""3529"", ""3624"", ""3693"", ""4542"", ""4556"", ""4707"", ""4735"", ""4772"", ""4931"", ""4971"", ""4979"", ""5274"", ""5289"", ""5314"", ""5328"", ""5347"", ""5386"", ""5443"", ""5464"", ""5475"", ""5483"", ""6023"", ""6121"", ""6147"", ""6173"", ""6182"", ""6187"", ""6217"", ""6223"", ""6227"", ""6231"", ""6259"", ""6274"", ""6279"", ""6291"", ""6461"", ""6488"", ""6577"", ""6590"", ""6620"", ""6640"", ""6643"", ""6690"", ""6712"", ""6727"", ""6733"", ""6811"", ""6907"", ""6945"", ""7714"", ""7751"", ""7772"", ""7792"", ""8042"", ""8043"", ""8111"", ""8227"", ""8358"", ""8431""]",2026-10-01
玉山雙和,71,27,3996.2,564.0,"[""1423"", ""1504"", ""1526"", ""1721"", ""2010"", ""2031"", ""2254"", ""2312"", ""2351"", ""2388"", ""2408"", ""2436"", ""2464"", ""2496"", ""2891"", ""3147"", ""3406"", ""3441"", ""3467"", ""3498"", ""3624"", ""3679"", ""3693"", ""3715"", ""4556"", ""4707"", ""4931"", ""4956"", ""4958"", ""4979"", ""5202"", ""5484"", ""5519"", ""6121"", ""6148"", ""6173"", ""6213"", ""6218"", ""6244"", ""6488"", ""6505"", ""6577"", ""6589"", ""6617"", ""6640"", ""6668"", ""6683"", ""6834"", ""6872"", ""6933"", ""6969"", ""8039"", ""8050"", ""8076"", ""8084"", ""8085"", ""8110"", ""8240"", ""9914""]",2026-10-01
玉山高雄,205,94,15408.0,6002.7,"[""1303"", ""1307"", ""1513"", ""1528"", ""1608"", ""1709"", ""1713"", ""1718"", ""1815"", ""2010"", ""2027"", ""2049"", ""2059"", ""2069"", ""2305"", ""2312"", ""2313"", ""2317"", ""2327"", ""2337"", ""2338"", ""2342"", ""2344"", ""2368"", ""2369"", ""2375"", ""2387"", ""2392"", ""2409"", ""2413"", ""2425"", ""2434"", ""2455"", ""2468"", ""2483"", ""2484"", ""2492"", ""2496"", ""2883"", ""2886"", ""2890"", ""3008"", ""3016"", ""3018"", ""3037"", ""3041"", ""3055"", ""3066"", ""3081"", ""3090"", ""3227"", ""3231"", ""3236"", ""3260"", ""3293"", ""3388"", ""3434"", ""3441"", ""3481"", ""3508"", ""3564"", ""3624"", ""3652"", ""3653"", ""3661"", ""3679"", ""3680"", ""3691"", ""3707"", ""3708"", ""4510"", ""4768"", ""4772"", ""4939"", ""4956"", ""4958"", ""4973"", ""4991"", ""5285"", ""5291"", ""5299"", ""5328"", ""5443"", ""5498"", ""5519"", ""5522"", ""5608"", ""6005"", ""6147"", ""6166"", ""6175"", ""6182"", ""6187"", ""6204"", ""6207"", ""6226"", ""6243"", ""6245"", ""6274"", ""6279"", ""6426"", ""6442"", ""6579"", ""6588"", ""6589"", ""6590"", ""6669"", ""6683"", ""6693"", ""6712"", ""6739"", ""6770"", ""6829"", ""6861"", ""6869"", ""6924"", ""6933"", ""6945"", ""7714"", ""7717"", ""7765"", ""7792"", ""8028"", ""8033"", ""8039"", ""8046"", ""8050"", ""8054"", ""8064"", ""8110"", ""8111"", ""8150"", ""8261"", ""8431"", ""8996"", ""9904"", ""9933""]",2026-10-01
瑞銀,1922,907,1586057.2,331062.3,"[""1218"", ""1301"", ""1303"", ""1307"", ""1312"", ""1314"", ""1326"", ""1409"", ""1503"", ""1504"", ""1513"", ""1514"", ""1526"", ""1528"", ""1560"", ""1605"", ""1608"", ""1612"", ""1709"", ""1713"", ""1717"", ""1718"", ""1721"", ""1727"", ""1795"", ""1802"", ""1809"", ""1810"", ""2010"", ""2020"", ""2025"", ""2027"", ""2030"", ""2031"", ""2033"", ""2049"", ""2059"", ""2069"", ""2103"", ""2204"", ""2254"", ""2301"", ""2303"", ""2305"", ""2308"", ""2312"", ""2313"", ""2317"", ""2324"", ""2327"", ""2330"", ""2332"", ""2337"", ""2338"", ""2340"", ""2342"", ""2344"", ""2347"", ""2351"", ""2352"", ""2353"", ""2357"", ""2359"", ""2360"", ""2363"", ""2368"", ""2369"", ""2375"", ""2377"", ""2379"", ""2382"", ""2387"", ""2388"", ""2392"", ""2395"", ""2399"", ""2404"", ""2406"", ""2408"", ""2409"", ""2413"", ""2421"", ""2425"", ""2426"", ""2434"", ""2436"", ""2438"", ""2449"", ""2451"", ""2454"", ""2455"", ""2464"", ""2465"", ""2467"", ""2468"", ""2472"", ""2478"", ""2481"", ""2483"", ""2484"", ""2489"", ""2491"", ""2492"", ""2493"", ""2496"", ""2520"", ""2542"", ""2546"", ""2547"", ""2601"", ""2603"", ""2610"", ""2615"", ""2618"", ""2630"", ""2633"", ""2634"", ""2645"", ""2723"", ""2739"", ""2801"", ""2816"", ""2851"", ""2855"", ""2880"", ""2883"", ""2884"", ""2885"", ""2886"", ""2887"", ""2890"", ""2891"", ""2912"", ""2915"", ""2923"", ""3003"", ""3006"", ""3008"", ""3016"", ""3017"", ""3019"", ""3021"", ""3023"", ""3026"", ""3036"", ""3037"", ""3041"", ""3042"", ""3044"", ""3046"", ""3049"", ""3055"", ""3090"", ""3094"", ""3167"", ""3189"", ""3209"", ""3229"", ""3231"", ""3296"", ""3311"", ""3356"", ""3376"", ""3406"", ""3413"", ""3437"", ""3443"", ""3450"", ""3481"", ""3504"", ""3518"", ""3532"", ""3533"", ""3543"", ""3605"", ""3652"", ""3653"", ""3661"", ""3665"", ""3669"", ""3679"", ""3702"", ""3708"", ""3711"", ""3715"", ""3716"", ""3717"", ""4133"", ""4169"", ""4551"", ""4566"", ""4576"", ""4736"", ""4764"", ""4770"", ""4807"", ""4927"", ""4949"", ""4956"", ""4958"", ""4967"", ""4976"", ""4977"", ""4989"", ""5225"", ""5285"", ""5292"", ""5434"", ""5484"", ""5515"", ""5519"", ""5522"", ""5608"", ""5706"", ""5876"", ""6005"", ""6112"", ""6116"", ""6133"", ""6139"", ""6141"", ""6152"", ""6166"", ""6168"", ""6206"", ""6209"", ""6213"", ""6224"", ""6226"", ""6243"", ""6257"", ""6269"", ""6271"", ""6272"", ""6278"", ""6282"", ""6409"", ""6416"", ""6426"", ""6442"", ""6443"", ""6446"", ""6451"", ""6456"", ""6505"", ""6515"", ""6525"", ""6526"", ""6533"", ""6579"", ""6589"", ""6668"", ""6669"", ""6672"", ""6689"", ""6691"", ""6706"", ""6715"", ""6753"", ""6770"", ""6805"", ""6830"", ""6834"", ""6861"", ""6863"", ""6869"", ""6885"", ""6906"", ""6909"", ""6933"", ""6949"", ""7711"", ""7722"", ""7750"", ""7768"", ""7769"", ""7788"", ""7795"", ""7799"", ""8021"", ""8028"", ""8033"", ""8039"", ""8046"", ""8070"", ""8103"", ""8110"", ""8112"", ""8150"", ""8261"", ""8374"", ""8454"", ""8996"", ""9904"", ""9914"", ""9921"", ""9933"", ""9941"", ""9945""]",2026-10-01
盈溢,7,0,38.0,0.0,"[""2025"", ""2816"", ""3021"", ""6668""]",2026-10-01
盈溢楠梓,1,1,70.0,18.0,"[""1802""]",2026-10-01
盈溢籬子內,2,0,30.0,0.0,"[""5522"", ""6245""]",2026-10-01
石橋,6,3,109.0,62.0,"[""1608"", ""3577"", ""5328"", ""5443"", ""6227"", ""8043""]",2026-10-01
福勝,76,23,6440.0,292.2,"[""1608"", ""1785"", ""1810"", ""2010"", ""2305"", ""2332"", ""2340"", ""2342"", ""2375"", ""2377"", ""2388"", ""2409"", ""2483"", ""2542"", ""2630"", ""2633"", ""2851"", ""2883"", ""3008"", ""3016"", ""3021"", ""3026"", ""3162"", ""3229"", ""3234"", ""3311"", ""3354"", ""3441"", ""3504"", ""3564"", ""3653"", ""3675"", ""3679"", ""3717"", ""4133"", ""4566"", ""4976"", ""5371"", ""5386"", ""5522"", ""6166"", ""6168"", ""6204"", ""6213"", ""6279"", ""6526"", ""6672"", ""6907"", ""6909"", ""6924"", ""6925"", ""7769"", ""7792"", ""7825"", ""8028"", ""8050"", ""8076"", ""8084"", ""8110"", ""8182"", ""9904""]",2026-10-01
福邦,193,75,18220.5,2671.3,"[""1303"", ""1314"", ""1815"", ""2059"", ""2301"", ""2312"", ""2313"", ""2327"", ""2330"", ""2344"", ""2351"", ""2360"", ""2368"", ""2382"", ""2388"", ""2408"", ""2426"", ""2455"", ""2465"", ""2478"", ""2492"", ""2603"", ""2884"", ""2887"", ""3008"", ""3026"", ""3036"", ""3037"", ""3042"", ""3055"", ""3081"", ""3090"", ""3105"", ""3167"", ""3211"", ""3219"", ""3260"", ""3374"", ""3406"", ""3413"", ""3441"", ""3443"", ""3450"", ""3498"", ""3529"", ""3532"", ""3624"", ""3653"", ""3665"", ""3693"", ""3711"", ""4542"", ""4764"", ""4770"", ""4908"", ""4927"", ""4931"", ""4958"", ""4979"", ""4989"", ""5225"", ""5274"", ""5285"", ""5371"", ""5464"", ""5475"", ""6139"", ""6147"", ""6173"", ""6175"", ""6179"", ""6182"", ""6187"", ""6223"", ""6271"", ""6274"", ""6446"", ""6456"", ""6472"", ""6488"", ""6515"", ""6525"", ""6526"", ""6538"", ""6620"", ""6640"", ""6669"", ""6672"", ""6683"", ""6693"", ""6715"", ""6805"", ""6924"", ""6949"", ""7730"", ""7788"", ""7795"", ""8021"", ""8046"", ""8054"", ""8064"", ""8076"", ""8112"", ""8358"", ""8996""]",2026-10-01
福邦新竹,7,3,352.8,25.0,"[""2360"", ""3406"", ""3543"", ""6456"", ""6510"", ""6620""]",2026-10-01
第一中壢,31,10,1079.7,208.3,"[""1108"", ""1326"", ""1612"", ""1810"", ""2010"", ""2025"", ""2317"", ""2434"", ""2481"", ""2542"", ""3008"", ""3019"", ""4956"", ""5292"", ""5484"", ""6152"", ""6226"", ""6442"", ""7711"", ""8454""]",2026-10-01
第一中山,42,19,2571.9,730.3,"[""1608"", ""1612"", ""2027"", ""2317"", ""2357"", ""2404"", ""2472"", ""2496"", ""2630"", ""2883"", ""3021"", ""3189"", ""3231"", ""3437"", ""4551"", ""4967"", ""5519"", ""5706"", ""6139"", ""6213"", ""6426"", ""6446"", ""6515"", ""6706"", ""6715"", ""7730"", ""7765"", ""7788"", ""8021"", ""8110""]",2026-10-01
第一光復,26,7,1408.6,180.2,"[""1504"", ""2103"", ""2338"", ""2351"", ""2368"", ""2387"", ""2425"", ""2434"", ""2449"", ""2467"", ""2496"", ""2606"", ""3016"", ""3533"", ""3661"", ""3679"", ""5706"", ""6409"", ""6416"", ""6770""]",2026-10-01
第一台中,47,15,2595.4,258.6,"[""1526"", ""1597"", ""2031"", ""2049"", ""2059"", ""2413"", ""2421"", ""2465"", ""2478"", ""2489"", ""2491"", ""2633"", ""3041"", ""3090"", ""3437"", ""3708"", ""4976"", ""4977"", ""6139"", ""6166"", ""6213"", ""6409"", ""6531"", ""6689"", ""6861"", ""6933"", ""7711"", ""7769"", ""7795"", ""8028"", ""9904"", ""9945""]",2026-10-01
第一台南,62,32,4168.6,1513.0,"[""1605"", ""1608"", ""2010"", ""2031"", ""2049"", ""2327"", ""2351"", ""2368"", ""2426"", ""2434"", ""2481"", ""2484"", ""2496"", ""2601"", ""2615"", ""3016"", ""3021"", ""3481"", ""3532"", ""3533"", ""3708"", ""4770"", ""5225"", ""5434"", ""6139"", ""6225"", ""6226"", ""6272"", ""6446"", ""6531"", ""6672"", ""6770"", ""6834"", ""6869"", ""6885"", ""7788"", ""8028"", ""8261"", ""9904""]",2026-10-01
第一員林,32,8,1287.8,155.0,"[""1423"", ""1528"", ""1560"", ""1713"", ""2103"", ""2312"", ""2340"", ""2347"", ""2387"", ""2633"", ""2883"", ""3006"", ""3021"", ""3055"", ""3356"", ""4551"", ""4566"", ""4956"", ""4967"", ""4989"", ""5225"", ""6152"", ""6213"", ""6533"", ""6589"", ""8033""]",2026-10-01
第一嘉義,32,11,1842.5,132.3,"[""1713"", ""1718"", ""2020"", ""2059"", ""2301"", ""2317"", ""2359"", ""2387"", ""2434"", ""2436"", ""2484"", ""2542"", ""2610"", ""3019"", ""4169"", ""4976"", ""5285"", ""6005"", ""6209"", ""6213"", ""6426"", ""6533"", ""6668"", ""6715"", ""6909"", ""6933""]",2026-10-01
第一安和,42,20,1822.4,308.1,"[""1307"", ""1503"", ""1727"", ""2301"", ""2313"", ""2357"", ""2363"", ""2369"", ""2392"", ""2493"", ""2801"", ""2883"", ""3021"", ""3036"", ""3041"", ""3055"", ""3229"", ""3311"", ""3605"", ""3679"", ""4770"", ""4967"", ""5225"", ""5484"", ""5519"", ""6271"", ""6426"", ""6589"", ""6691"", ""6715"", ""7799"", ""8150"", ""8261"", ""9945""]",2026-10-01
第一彰化,27,6,925.9,128.0,"[""1326"", ""1721"", ""1802"", ""2305"", ""2363"", ""2387"", ""2413"", ""2454"", ""2468"", ""2601"", ""2915"", ""3021"", ""3037"", ""3090"", ""3229"", ""5608"", ""5706"", ""6456"", ""6969"", ""8454"", ""9914""]",2026-10-01
第一忠孝,74,26,5880.2,826.7,"[""1526"", ""1612"", ""2020"", ""2031"", ""2360"", ""2368"", ""2379"", ""2387"", ""2395"", ""2404"", ""2464"", ""2472"", ""2492"", ""2546"", ""2883"", ""3021"", ""3026"", ""3041"", ""3167"", ""3229"", ""3481"", ""3532"", ""3653"", ""3665"", ""3708"", ""4736"", ""4958"", ""4976"", ""5484"", ""6005"", ""6278"", ""6442"", ""6715"", ""6770"", ""7711"", ""7769"", ""7788"", ""7799"", ""8033"", ""8039"", ""8150"", ""8261"", ""8454"", ""9914""]",2026-10-01
第一新竹,36,16,1538.3,404.6,"[""1218"", ""1307"", ""1504"", ""2030"", ""2455"", ""2496"", ""3021"", ""3167"", ""3450"", ""4566"", ""4736"", ""4770"", ""4967"", ""5285"", ""6168"", ""6442"", ""6515"", ""6533"", ""6579"", ""7799"", ""8039"", ""8150"", ""8261"", ""8454"", ""8996""]",2026-10-01
第一新興,43,16,1833.6,214.1,"[""1108"", ""1303"", ""1326"", ""1504"", ""1809"", ""2020"", ""2103"", ""2434"", ""2484"", ""2496"", ""2883"", ""3055"", ""3090"", ""3504"", ""3605"", ""3679"", ""3715"", ""4736"", ""4764"", ""4977"", ""5608"", ""6005"", ""6116"", ""6152"", ""6269"", ""6278"", ""6451"", ""6456"", ""6515"", ""6691"", ""6830"", ""6909"", ""6924"", ""8103"", ""8454""]",2026-10-01
第一桃園,62,26,6057.2,1688.6,"[""1339"", ""1608"", ""1709"", ""1713"", ""1810"", ""2010"", ""2020"", ""2031"", ""2059"", ""2313"", ""2342"", ""2351"", ""2409"", ""2413"", ""2455"", ""2464"", ""2492"", ""2855"", ""2883"", ""2891"", ""3006"", ""3016"", ""3048"", ""3090"", ""3231"", ""3311"", ""3605"", ""3708"", ""4540"", ""4566"", ""4956"", ""4977"", ""4989"", ""5519"", ""6426"", ""6472"", ""6689"", ""6691"", ""6715"", ""6770"", ""6805"", ""6830"", ""6909"", ""6919"", ""6933"", ""7711""]",2026-10-01
第一澎湖,48,18,1765.1,543.1,"[""2303"", ""2312"", ""2360"", ""2454"", ""2496"", ""2630"", ""3021"", ""3042"", ""3049"", ""3296"", ""3356"", ""3504"", ""3661"", ""4566"", ""4958"", ""5608"", ""6152"", ""6166"", ""6226"", ""6409"", ""6753"", ""6885"", ""6909"", ""8150"", ""8261"", ""9914""]",2026-10-01
第一稻埕,17,5,549.9,117.9,"[""1514"", ""1526"", ""1717"", ""2305"", ""2376"", ""2816"", ""3715"", ""5225"", ""6139"", ""6226"", ""6278"", ""6409"", ""6933"", ""7799"", ""8033"", ""8039""]",2026-10-01
第一自由,69,29,25594.1,3653.5,"[""1301"", ""1717"", ""1727"", ""2010"", ""2059"", ""2254"", ""2305"", ""2313"", ""2342"", ""2344"", ""2357"", ""2382"", ""2408"", ""2409"", ""2413"", ""2465"", ""2481"", ""2496"", ""2633"", ""2723"", ""3021"", ""3041"", ""3090"", ""3231"", ""3356"", ""3450"", ""3481"", ""3708"", ""4169"", ""4967"", ""6213"", ""6282"", ""6753"", ""6770"", ""6969"", ""7768"", ""7788"", ""8028"", ""8033"", ""8103"", ""8996"", ""9904""]",2026-10-01
第一華江,102,44,7562.9,1293.5,"[""1301"", ""1303"", ""1326"", ""1423"", ""1526"", ""1608"", ""1612"", ""1718"", ""1721"", ""1727"", ""1795"", ""1809"", ""2305"", ""2308"", ""2332"", ""2344"", ""2369"", ""2387"", ""2392"", ""2406"", ""2409"", ""2425"", ""2426"", ""2436"", ""2464"", ""2465"", ""2468"", ""2481"", ""2542"", ""2546"", ""2634"", ""3021"", ""3026"", ""3044"", ""3049"", ""3055"", ""3090"", ""3167"", ""3481"", ""3504"", ""3532"", ""3665"", ""3679"", ""3708"", ""4133"", ""4927"", ""4956"", ""5484"", ""5515"", ""5519"", ""5608"", ""5706"", ""6112"", ""6152"", ""6225"", ""6226"", ""6271"", ""6278"", ""6426"", ""6442"", ""6451"", ""6533"", ""6672"", ""6753"", ""6861"", ""7722"", ""7730"", ""7788"", ""7795"", ""8033"", ""8039"", ""8110"", ""8996""]",2026-10-01
第一豐原,50,14,1242.8,72.9,"[""1612"", ""1727"", ""1809"", ""2031"", ""2327"", ""2351"", ""2368"", ""2388"", ""2481"", ""2484"", ""2634"", ""2915"", ""3019"", ""3406"", ""3504"", ""3605"", ""3714"", ""4133"", ""5225"", ""5706"", ""6112"", ""6224"", ""6226"", ""6426"", ""6446"", ""6706"", ""6933"", ""7768"", ""7769"", ""7788"", ""8028"", ""9904""]",2026-10-01
第一路竹,99,39,9180.5,1114.5,"[""1312"", ""1519"", ""1526"", ""1528"", ""1608"", ""1727"", ""1810"", ""2010"", ""2025"", ""2059"", ""2204"", ""2241"", ""2332"", ""2337"", ""2342"", ""2347"", ""2352"", ""2399"", ""2409"", ""2468"", ""2481"", ""2483"", ""2601"", ""2618"", ""3016"", ""3018"", ""3019"", ""3041"", ""3046"", ""3356"", ""3437"", ""3481"", ""3653"", ""3717"", ""4566"", ""4764"", ""4770"", ""4956"", ""5484"", ""5515"", ""5519"", ""5608"", ""6112"", ""6166"", ""6168"", ""6225"", ""6226"", ""6243"", ""6278"", ""6579"", ""6669"", ""6672"", ""6770"", ""7768"", ""8110""]",2026-10-01
第一金中壢,20,8,513.6,52.2,"[""3147"", ""3234"", ""3498"", ""3577"", ""3685"", ""3691"", ""4542"", ""4931"", ""5230"", ""5464"", ""5475"", ""5483"", ""6187"", ""6716"", ""8084"", ""8093"", ""8227""]",2026-10-01
第一金中山,13,6,547.9,391.6,"[""3227"", ""3388"", ""4542"", ""5289"", ""5475"", ""6179"", ""6182"", ""6217"", ""6218"", ""6925"", ""7792"", ""8085""]",2026-10-01
第一金光復,14,6,318.4,70.4,"[""3211"", ""3260"", ""3434"", ""3467"", ""4991"", ""5299"", ""5425"", ""5443"", ""6617"", ""6829"", ""8050"", ""8064""]",2026-10-01
第一金台中,39,12,1106.6,165.8,"[""1569"", ""2221"", ""3141"", ""3211"", ""3219"", ""3297"", ""3508"", ""3680"", ""3707"", ""4542"", ""4577"", ""4908"", ""4971"", ""5314"", ""6148"", ""6173"", ""6187"", ""6227"", ""6291"", ""6538"", ""6683"", ""6712"", ""6716"", ""6733"", ""7717"", ""8076"", ""8111"", ""8227""]",2026-10-01
第一金台南,31,17,445.8,134.3,"[""1785"", ""3066"", ""3324"", ""3441"", ""3467"", ""3693"", ""4542"", ""4556"", ""4768"", ""4973"", ""5274"", ""5498"", ""6175"", ""6221"", ""6279"", ""6488"", ""6617"", ""6829"", ""6907"", ""6925"", ""7714"", ""8038"", ""8050"", ""8096""]",2026-10-01
第一金員林,17,7,375.8,83.8,"[""3147"", ""3624"", ""3680"", ""3685"", ""4542"", ""4735"", ""4931"", ""4973"", ""6175"", ""6207"", ""6217"", ""6259"", ""6461""]",2026-10-01
第一金嘉義,15,4,246.1,88.6,"[""3324"", ""3529"", ""3691"", ""3707"", ""4939"", ""6148"", ""6173"", ""6279"", ""6588"", ""6690"", ""8043"", ""8064""]",2026-10-01
第一金大稻,32,9,847.9,117.8,"[""3081"", ""3147"", ""3388"", ""3441"", ""3498"", ""3680"", ""4416"", ""4707"", ""4931"", ""5202"", ""5289"", ""5299"", ""5475"", ""6182"", ""6279"", ""6488"", ""6693"", ""6716"", ""7751"", ""7792"", ""8038"", ""8085""]",2026-10-01
第一金安和,18,10,290.2,135.2,"[""3162"", ""3324"", ""3362"", ""6148"", ""6173"", ""6190"", ""6207"", ""6290"", ""6538"", ""6590"", ""6693"", ""6733"", ""6739"", ""6829"", ""7717"", ""8050"", ""8111"", ""8937""]",2026-10-01
第一金彰化,14,5,215.2,34.9,"[""3234"", ""3297"", ""3317"", ""3498"", ""3508"", ""4939"", ""4973"", ""5475"", ""6221"", ""6829"", ""8042"", ""8050""]",2026-10-01
第一金忠孝,37,16,1517.7,287.3,"[""1815"", ""3374"", ""3441"", ""3693"", ""4577"", ""4735"", ""4768"", ""4931"", ""4979"", ""4991"", ""6179"", ""6182"", ""6187"", ""6244"", ""6488"", ""6510"", ""6538"", ""6588"", ""6617"", ""6683"", ""6690"", ""6733"", ""7717"", ""7772"", ""7842"", ""8227""]",2026-10-01
第一金新竹,33,7,1332.6,281.1,"[""3105"", ""3141"", ""3260"", ""3297"", ""3363"", ""3374"", ""3441"", ""3564"", ""4542"", ""4556"", ""4973"", ""5202"", ""5291"", ""5309"", ""6147"", ""6175"", ""6274"", ""6584"", ""6643"", ""6683"", ""6693"", ""6733"", ""7792"", ""8076"", ""8093"", ""8937""]",2026-10-01
第一金新興,23,7,820.2,378.9,"[""1569"", ""3147"", ""3362"", ""4171"", ""4973"", ""5202"", ""5291"", ""5328"", ""5425"", ""5450"", ""6026"", ""6182"", ""6461"", ""6590"", ""7714"", ""7717"", ""8043"", ""8093""]",2026-10-01
第一金桃園,53,20,1505.6,167.6,"[""1785"", ""3297"", ""3354"", ""3362"", ""3441"", ""3455"", ""3577"", ""3624"", ""3680"", ""4931"", ""5309"", ""5351"", ""5475"", ""6023"", ""6148"", ""6173"", ""6187"", ""6207"", ""6221"", ""6231"", ""6461"", ""6588"", ""6590"", ""6620"", ""6640"", ""6716"", ""6907"", ""6945"", ""7792"", ""7842"", ""8042"", ""8050"", ""8111""]",2026-10-01
第一金澎湖,27,10,608.7,53.4,"[""3211"", ""3297"", ""3324"", ""3498"", ""3529"", ""4171"", ""4707"", ""4931"", ""4939"", ""5251"", ""5314"", ""6148"", ""6179"", ""6279"", ""6617""]",2026-10-01
第一金自由,28,14,1370.5,204.5,"[""1785"", ""2221"", ""3081"", ""3227"", ""3362"", ""3441"", ""3498"", ""3693"", ""4939"", ""5475"", ""5483"", ""6175"", ""6207"", ""6510"", ""6588"", ""6829"", ""6907"", ""6925"", ""8043"", ""8064"", ""8084""]",2026-10-01
第一金華江,62,22,1891.6,384.5,"[""1785"", ""2221"", ""3162"", ""3293"", ""3324"", ""3357"", ""3374"", ""3441"", ""3498"", ""3508"", ""3664"", ""3685"", ""3693"", ""3707"", ""4542"", ""4556"", ""4908"", ""4931"", ""4971"", ""4973"", ""5202"", ""5309"", ""5386"", ""5475"", ""5483"", ""6173"", ""6179"", ""6207"", ""6217"", ""6279"", ""6617"", ""6683"", ""6693"", ""6829"", ""7717"", ""7792"", ""8042"", ""8043"", ""8054"", ""8182""]",2026-10-01
第一金證,178,62,43390.1,1754.3,"[""1301"", ""1303"", ""1326"", ""1504"", ""1560"", ""1612"", ""2059"", ""2204"", ""2254"", ""2301"", ""2303"", ""2308"", ""2313"", ""2324"", ""2327"", ""2330"", ""2351"", ""2353"", ""2357"", ""2368"", ""2376"", ""2379"", ""2382"", ""2387"", ""2395"", ""2404"", ""2408"", ""2413"", ""2421"", ""2426"", ""2434"", ""2449"", ""2454"", ""2455"", ""2464"", ""2472"", ""2481"", ""2484"", ""2489"", ""2492"", ""2493"", ""2542"", ""2615"", ""2618"", ""2634"", ""2645"", ""2855"", ""2880"", ""2883"", ""2887"", ""2891"", ""3008"", ""3017"", ""3026"", ""3037"", ""3044"", ""3049"", ""3055"", ""3090"", ""3167"", ""3189"", ""3231"", ""3356"", ""3406"", ""3443"", ""3450"", ""3504"", ""3532"", ""3605"", ""3653"", ""3661"", ""3665"", ""3673"", ""3679"", ""4133"", ""4551"", ""4764"", ""4770"", ""4956"", ""4958"", ""5434"", ""5522"", ""5706"", ""6139"", ""6213"", ""6224"", ""6243"", ""6278"", ""6282"", ""6442"", ""6505"", ""6515"", ""6579"", ""6669"", ""6691"", ""6706"", ""6830"", ""6933"", ""6949"", ""7769"", ""7799"", ""8028"", ""8046"", ""8150"", ""9914""]",2026-10-01
第一金證券,70,26,4052.8,264.4,"[""1815"", ""3081"", ""3141"", ""3219"", ""3234"", ""3264"", ""3362"", ""3498"", ""3529"", ""3624"", ""3664"", ""4908"", ""4931"", ""4973"", ""4979"", ""5274"", ""5289"", ""5328"", ""5347"", ""5464"", ""5483"", ""6026"", ""6148"", ""6182"", ""6187"", ""6223"", ""6274"", ""6488"", ""6510"", ""6620"", ""6640"", ""6683"", ""6693"", ""6945"", ""8043"", ""8064"", ""8227"", ""8358""]",2026-10-01
第一金豐原,34,8,760.8,102.8,"[""3081"", ""3163"", ""3324"", ""3362"", ""3374"", ""3520"", ""3685"", ""4931"", ""4939"", ""5314"", ""5328"", ""5371"", ""5425"", ""6148"", ""6227"", ""6461"", ""6907"", ""6945"", ""7792"", ""8096"", ""8227"", ""8937""]",2026-10-01
第一金路竹,28,11,597.8,85.8,"[""3152"", ""3498"", ""4541"", ""4577"", ""4735"", ""4931"", ""4939"", ""4973"", ""4991"", ""5299"", ""6182"", ""6204"", ""6217"", ""6221"", ""6227"", ""6510"", ""6584"", ""6690"", ""6907"", ""7792"", ""8038"", ""8042"", ""8043"", ""8076""]",2026-10-01
第一金頭份,16,5,176.2,22.0,"[""3162"", ""3354"", ""4556"", ""4772"", ""4973"", ""5386"", ""5450"", ""5475"", ""6173"", ""6643"", ""6907"", ""7772"", ""8043""]",2026-10-01
第一金高雄,37,17,1416.2,319.9,"[""2221"", ""3066"", ""3234"", ""3264"", ""3374"", ""3691"", ""3693"", ""4174"", ""4735"", ""4939"", ""5328"", ""5347"", ""5425"", ""5475"", ""6173"", ""6187"", ""6617"", ""6640"", ""6907"", ""6945"", ""7751"", ""8042""]",2026-10-01
第一頭份,19,4,1157.3,52.7,"[""1307"", ""2337"", ""2340"", ""2455"", ""2615"", ""2618"", ""3049"", ""3653"", ""6005"", ""6225"", ""6533"", ""7765"", ""8021""]",2026-10-01
第一高雄,56,20,3368.8,843.6,"[""1303"", ""1312"", ""1409"", ""1560"", ""1608"", ""1718"", ""1721"", ""2025"", ""2305"", ""2330"", ""2344"", ""2357"", ""2382"", ""2387"", ""2408"", ""2421"", ""2455"", ""2478"", ""2496"", ""2542"", ""2855"", ""3008"", ""3017"", ""3041"", ""3167"", ""3406"", ""3543"", ""4169"", ""4566"", ""4967"", ""4977"", ""5225"", ""5292"", ""6226"", ""6243"", ""6271"", ""6515"", ""6533"", ""6589"", ""6742"", ""7769"", ""7788"", ""8103"", ""8261""]",2026-10-01
統一,1854,907,753871.1,248797.5,"[""1301"", ""1303"", ""1312"", ""1326"", ""1409"", ""1423"", ""1503"", ""1504"", ""1513"", ""1514"", ""1519"", ""1528"", ""1560"", ""1569"", ""1595"", ""1605"", ""1608"", ""1709"", ""1717"", ""1718"", ""1721"", ""1727"", ""1802"", ""1810"", ""1815"", ""2025"", ""2027"", ""2030"", ""2031"", ""2033"", ""2049"", ""2059"", ""2061"", ""2069"", ""2103"", ""2221"", ""2241"", ""2254"", ""2301"", ""2303"", ""2305"", ""2308"", ""2313"", ""2317"", ""2324"", ""2327"", ""2330"", ""2332"", ""2337"", ""2338"", ""2340"", ""2342"", ""2344"", ""2347"", ""2351"", ""2352"", ""2353"", ""2357"", ""2359"", ""2360"", ""2363"", ""2368"", ""2375"", ""2376"", ""2379"", ""2382"", ""2388"", ""2392"", ""2395"", ""2404"", ""2408"", ""2409"", ""2413"", ""2421"", ""2425"", ""2426"", ""2434"", ""2444"", ""2449"", ""2451"", ""2454"", ""2455"", ""2464"", ""2465"", ""2467"", ""2468"", ""2472"", ""2478"", ""2481"", ""2483"", ""2484"", ""2486"", ""2489"", ""2491"", ""2492"", ""2493"", ""2542"", ""2601"", ""2603"", ""2606"", ""2610"", ""2615"", ""2618"", ""2630"", ""2633"", ""2634"", ""2645"", ""2801"", ""2855"", ""2882"", ""2883"", ""2884"", ""2886"", ""2887"", ""2890"", ""2891"", ""2915"", ""3003"", ""3006"", ""3008"", ""3016"", ""3017"", ""3019"", ""3021"", ""3026"", ""3036"", ""3037"", ""3042"", ""3044"", ""3046"", ""3055"", ""3081"", ""3090"", ""3094"", ""3105"", ""3114"", ""3141"", ""3147"", ""3152"", ""3162"", ""3163"", ""3167"", ""3189"", ""3211"", ""3219"", ""3227"", ""3229"", ""3231"", ""3234"", ""3260"", ""3264"", ""3296"", ""3311"", ""3317"", ""3324"", ""3339"", ""3354"", ""3356"", ""3357"", ""3362"", ""3363"", ""3374"", ""3376"", ""3388"", ""3406"", ""3413"", ""3434"", ""3437"", ""3441"", ""3443"", ""3450"", ""3455"", ""3467"", ""3481"", ""3498"", ""3518"", ""3529"", ""3532"", ""3533"", ""3543"", ""3564"", ""3577"", ""3605"", ""3624"", ""3653"", ""3661"", ""3665"", ""3673"", ""3675"", ""3679"", ""3680"", ""3685"", ""3691"", ""3693"", ""3702"", ""3707"", ""3711"", ""3715"", ""3717"", ""4169"", ""4416"", ""4510"", ""4542"", ""4551"", ""4556"", ""4707"", ""4735"", ""4736"", ""4764"", ""4770"", ""4772"", ""4908"", ""4919"", ""4931"", ""4939"", ""4956"", ""4958"", ""4971"", ""4973"", ""4976"", ""4977"", ""4979"", ""4989"", ""4991"", ""5202"", ""5251"", ""5274"", ""5285"", ""5289"", ""5291"", ""5292"", ""5309"", ""5314"", ""5328"", ""5340"", ""5347"", ""5351"", ""5371"", ""5386"", ""5425"", ""5434"", ""5443"", ""5450"", ""5464"", ""5475"", ""5483"", ""5515"", ""5522"", ""5608"", ""5876"", ""5904"", ""6005"", ""6026"", ""6112"", ""6116"", ""6133"", ""6139"", ""6141"", ""6147"", ""6148"", ""6152"", ""6166"", ""6168"", ""6173"", ""6175"", ""6179"", ""6182"", ""6187"", ""6204"", ""6207"", ""6209"", ""6213"", ""6217"", ""6218"", ""6221"", ""6223"", ""6224"", ""6226"", ""6227"", ""6243"", ""6244"", ""6257"", ""6259"", ""6269"", ""6271"", ""6274"", ""6278"", ""6279"", ""6282"", ""6290"", ""6291"", ""6409"", ""6416"", ""6426"", ""6442"", ""6446"", ""6451"", ""6456"", ""6472"", ""6488"", ""6505"", ""6510"", ""6515"", ""6517"", ""6525"", ""6526"", ""6531"", ""6533"", ""6538"", ""6577"", ""6579"", ""6584"", ""6588"", ""6590"", ""6617"", ""6620"", ""6640"", ""6643"", ""6668"", ""6669"", ""6672"", ""6683"", ""6691"", ""6693"", ""6706"", ""6715"", ""6727"", ""6739"", ""6753"", ""6770"", ""6782"", ""6805"", ""6829"", ""6831"", ""6834"", ""6907"", ""6909"", ""6919"", ""6924"", ""6925"", ""6933"", ""6945"", ""6949"", ""6969"", ""7610"", ""7711"", ""7714"", ""7717"", ""7730"", ""7749"", ""7751"", ""7769"", ""7772"", ""7777"", ""7788"", ""7792"", ""7795"", ""7799"", ""7825"", ""7828"", ""8021"", ""8028"", ""8033"", ""8039"", ""8040"", ""8042"", ""8043"", ""8046"", ""8050"", ""8054"", ""8064"", ""8069"", ""8070"", ""8085"", ""8096"", ""8103"", ""8110"", ""8111"", ""8150"", ""8227"", ""8261"", ""8358"", ""8431"", ""8454"", ""8996"", ""9904"", ""9914""]",2026-10-01
統一三多,66,20,2448.8,147.5,"[""1339"", ""1514"", ""1713"", ""2030"", ""2069"", ""2313"", ""2351"", ""2352"", ""2377"", ""2409"", ""2464"", ""2542"", ""2601"", ""2816"", ""3017"", ""3019"", ""3081"", ""3152"", ""3189"", ""3260"", ""3311"", ""3450"", ""3529"", ""3679"", ""3680"", ""4566"", ""4736"", ""4764"", ""4931"", ""5314"", ""5519"", ""5706"", ""6166"", ""6173"", ""6187"", ""6274"", ""6472"", ""6525"", ""6533"", ""6643"", ""7730"", ""8039"", ""8383"", ""8431"", ""9904"", ""9914""]",2026-10-01
統一三重,134,69,4752.0,1551.5,"[""1312"", ""1514"", ""1528"", ""1560"", ""1608"", ""1809"", ""2031"", ""2305"", ""2332"", ""2342"", ""2347"", ""2352"", ""2387"", ""2392"", ""2426"", ""2484"", ""2491"", ""2492"", ""2633"", ""2739"", ""2816"", ""2855"", ""2890"", ""2891"", ""2923"", ""3018"", ""3049"", ""3081"", ""3211"", ""3219"", ""3229"", ""3231"", ""3234"", ""3357"", ""3504"", ""3529"", ""3653"", ""3661"", ""3679"", ""3693"", ""3707"", ""3708"", ""4566"", ""4577"", ""4768"", ""4923"", ""4979"", ""5285"", ""5292"", ""5464"", ""5475"", ""5515"", ""5608"", ""6116"", ""6152"", ""6166"", ""6173"", ""6179"", ""6213"", ""6226"", ""6227"", ""6274"", ""6291"", ""6533"", ""6538"", ""6584"", ""6589"", ""6640"", ""6672"", ""6690"", ""6691"", ""6727"", ""6805"", ""6829"", ""6830"", ""6909"", ""6925"", ""6933"", ""7711"", ""7717"", ""7788"", ""8028"", ""8033"", ""8039"", ""8042"", ""8046"", ""8050"", ""8064"", ""8076"", ""8261"", ""8431"", ""8454"", ""8937""]",2026-10-01
統一中壢,78,30,2406.6,468.4,"[""1303"", ""1326"", ""1595"", ""1727"", ""2025"", ""2305"", ""2308"", ""2312"", ""2368"", ""2392"", ""2413"", ""2436"", ""2438"", ""2478"", ""2481"", ""2633"", ""2855"", ""3008"", ""3031"", ""3042"", ""3044"", ""3081"", ""3114"", ""3297"", ""3317"", ""3324"", ""3443"", ""3624"", ""4542"", ""4736"", ""4768"", ""4931"", ""4967"", ""4973"", ""5202"", ""5225"", ""5289"", ""5425"", ""5706"", ""6207"", ""6226"", ""6259"", ""6590"", ""6643"", ""6829"", ""6872"", ""6907"", ""7711"", ""7765"", ""7825"", ""8033"", ""8064"", ""8110"", ""8454"", ""9904"", ""9945""]",2026-10-01
統一仁愛,140,75,20401.2,7145.0,"[""1301"", ""1303"", ""1514"", ""1815"", ""2059"", ""2303"", ""2313"", ""2330"", ""2340"", ""2344"", ""2351"", ""2359"", ""2360"", ""2369"", ""2404"", ""2408"", ""2455"", ""2478"", ""2481"", ""2492"", ""2493"", ""3017"", ""3037"", ""3042"", ""3081"", ""3090"", ""3141"", ""3339"", ""3362"", ""3363"", ""3374"", ""3376"", ""3441"", ""3443"", ""3498"", ""3543"", ""3605"", ""3653"", ""3675"", ""3693"", ""3707"", ""4542"", ""4566"", ""4707"", ""4736"", ""4764"", ""4931"", ""4973"", ""4977"", ""4979"", ""4989"", ""4991"", ""5309"", ""5483"", ""6173"", ""6179"", ""6207"", ""6221"", ""6226"", ""6274"", ""6290"", ""6451"", ""6510"", ""6531"", ""6533"", ""6577"", ""6617"", ""6669"", ""6691"", ""6727"", ""6770"", ""6805"", ""6933"", ""7751"", ""7788"", ""8028"", ""8033"", ""8039"", ""8042"", ""8043"", ""8046"", ""8050"", ""8085"", ""8111"", ""8182"", ""8261""]",2026-10-01
統一內湖,135,52,12606.7,1471.6,"[""1303"", ""1526"", ""2059"", ""2069"", ""2070"", ""2221"", ""2303"", ""2305"", ""2351"", ""2408"", ""2438"", ""2454"", ""2455"", ""2464"", ""2484"", ""2493"", ""2546"", ""2548"", ""2606"", ""2816"", ""2915"", ""3008"", ""3018"", ""3021"", ""3141"", ""3152"", ""3167"", ""3219"", ""3234"", ""3311"", ""3388"", ""3406"", ""3441"", ""3443"", ""3467"", ""3498"", ""3624"", ""3653"", ""3664"", ""3680"", ""3693"", ""4707"", ""4971"", ""4973"", ""5274"", ""5299"", ""5314"", ""5386"", ""5522"", ""5706"", ""6166"", ""6209"", ""6221"", ""6226"", ""6409"", ""6456"", ""6472"", ""6488"", ""6505"", ""6515"", ""6525"", ""6533"", ""6589"", ""6640"", ""6691"", ""6727"", ""6733"", ""6739"", ""6770"", ""6811"", ""6863"", ""6907"", ""6919"", ""6933"", ""7610"", ""7711"", ""7714"", ""7750"", ""7788"", ""8033"", ""8039"", ""8046"", ""8050"", ""8103"", ""8111"", ""8261"", ""9945""]",2026-10-01
統一南京,334,200,41319.3,14540.3,"[""1303"", ""1326"", ""1409"", ""1504"", ""1528"", ""1560"", ""1591"", ""1608"", ""1709"", ""1717"", ""1718"", ""1809"", ""1810"", ""2025"", ""2027"", ""2030"", ""2061"", ""2221"", ""2303"", ""2305"", ""2327"", ""2338"", ""2340"", ""2342"", ""2344"", ""2347"", ""2351"", ""2360"", ""2363"", ""2368"", ""2375"", ""2404"", ""2406"", ""2409"", ""2413"", ""2421"", ""2426"", ""2434"", ""2436"", ""2449"", ""2454"", ""2464"", ""2465"", ""2483"", ""2484"", ""2486"", ""2491"", ""2493"", ""2496"", ""2601"", ""2630"", ""2634"", ""2883"", ""3016"", ""3021"", ""3037"", ""3042"", ""3055"", ""3090"", ""3094"", ""3141"", ""3162"", ""3163"", ""3189"", ""3229"", ""3231"", ""3234"", ""3260"", ""3311"", ""3317"", ""3354"", ""3362"", ""3374"", ""3388"", ""3406"", ""3441"", ""3450"", ""3481"", ""3498"", ""3532"", ""3577"", ""3605"", ""3624"", ""3653"", ""3665"", ""3675"", ""3679"", ""3707"", ""4542"", ""4551"", ""4556"", ""4566"", ""4764"", ""4770"", ""4908"", ""4927"", ""4931"", ""4939"", ""4956"", ""4973"", ""4977"", ""4989"", ""4991"", ""5285"", ""5291"", ""5328"", ""5347"", ""5351"", ""5386"", ""5425"", ""5464"", ""5475"", ""5483"", ""5522"", ""6005"", ""6133"", ""6147"", ""6166"", ""6173"", ""6209"", ""6213"", ""6218"", ""6224"", ""6226"", ""6227"", ""6231"", ""6243"", ""6259"", ""6274"", ""6426"", ""6442"", ""6446"", ""6451"", ""6456"", ""6515"", ""6538"", ""6579"", ""6588"", ""6589"", ""6620"", ""6640"", ""6669"", ""6683"", ""6689"", ""6715"", ""6716"", ""6727"", ""6739"", ""6830"", ""6861"", ""6869"", ""6906"", ""6907"", ""6925"", ""6933"", ""6949"", ""7711"", ""7765"", ""7769"", ""7788"", ""7799"", ""7842"", ""8021"", ""8042"", ""8043"", ""8046"", ""8064"", ""8070"", ""8150"", ""8227"", ""8261"", ""8358"", ""8454"", ""8996"", ""9904""]",2026-10-01
統一台中,69,16,13213.9,605.1,"[""1108"", ""1312"", ""1314"", ""1409"", ""1717"", ""1810"", ""2010"", ""2059"", ""2254"", ""2301"", ""2303"", ""2340"", ""2342"", ""2351"", ""2406"", ""2413"", ""2467"", ""2468"", ""2481"", ""2484"", ""2489"", ""2546"", ""2855"", ""3006"", ""3016"", ""3041"", ""3046"", ""3311"", ""3450"", ""3481"", ""3702"", ""3717"", ""4551"", ""4770"", ""4977"", ""5225"", ""5285"", ""5706"", ""6005"", ""6152"", ""6226"", ""6426"", ""6442"", ""6689"", ""6753"", ""6885"", ""6919"", ""6933"", ""7711"", ""7722"", ""7769"", ""8033"", ""8110"", ""8150"", ""8996"", ""9914""]",2026-10-01
統一台南,33,11,1626.2,166.7,"[""1307"", ""1718"", ""2103"", ""2305"", ""2392"", ""2395"", ""2478"", ""2542"", ""2816"", ""2891"", ""3008"", ""3021"", ""3406"", ""4976"", ""5519"", ""5522"", ""5706"", ""6278"", ""6579"", ""6589"", ""6691"", ""7768"", ""7769"", ""8261"", ""9904""]",2026-10-01
統一員林,53,35,7906.5,5617.8,"[""1301"", ""1810"", ""2069"", ""2241"", ""2342"", ""2426"", ""2481"", ""2489"", ""2542"", ""3008"", ""3105"", ""3665"", ""3685"", ""3707"", ""4171"", ""4908"", ""4927"", ""4931"", ""4939"", ""4973"", ""4976"", ""5371"", ""5425"", ""5483"", ""6175"", ""6182"", ""6204"", ""6207"", ""6213"", ""6218"", ""6224"", ""6456"", ""6640"", ""6715"", ""6829"", ""7711"", ""7768"", ""8043"", ""8150"", ""8182"", ""8227""]",2026-10-01
統一嘉義,36,8,1051.1,61.1,"[""1718"", ""1785"", ""2061"", ""2103"", ""2344"", ""2455"", ""3362"", ""3709"", ""4133"", ""4764"", ""4931"", ""4956"", ""5425"", ""5434"", ""5522"", ""5706"", ""6166"", ""6209"", ""6221"", ""6227"", ""6291"", ""6409"", ""6526"", ""6620"", ""6716"", ""6907"", ""8096"", ""8103"", ""8227""]",2026-10-01
統一土城,40,20,2951.9,952.8,"[""1303"", ""1785"", ""2313"", ""2332"", ""2369"", ""2406"", ""2408"", ""2455"", ""2465"", ""2481"", ""2492"", ""2633"", ""3021"", ""3044"", ""3081"", ""3167"", ""3234"", ""3297"", ""3441"", ""3529"", ""4971"", ""5202"", ""5309"", ""5314"", ""5450"", ""6152"", ""6173"", ""6182"", ""6933"", ""8085"", ""8110""]",2026-10-01
統一城中,341,214,156726.7,96812.3,"[""1303"", ""1312"", ""1326"", ""1709"", ""1727"", ""1815"", ""2031"", ""2301"", ""2303"", ""2305"", ""2313"", ""2324"", ""2327"", ""2337"", ""2338"", ""2344"", ""2351"", ""2352"", ""2353"", ""2357"", ""2368"", ""2392"", ""2395"", ""2408"", ""2409"", ""2413"", ""2426"", ""2449"", ""2454"", ""2455"", ""2464"", ""2465"", ""2472"", ""2481"", ""2484"", ""2489"", ""2492"", ""2546"", ""2630"", ""2634"", ""2855"", ""3006"", ""3008"", ""3017"", ""3019"", ""3026"", ""3037"", ""3055"", ""3081"", ""3094"", ""3105"", ""3152"", ""3167"", ""3189"", ""3211"", ""3219"", ""3231"", ""3234"", ""3260"", ""3324"", ""3356"", ""3374"", ""3406"", ""3413"", ""3441"", ""3450"", ""3481"", ""3498"", ""3529"", ""3533"", ""3605"", ""3624"", ""3653"", ""3661"", ""3665"", ""3680"", ""3693"", ""3709"", ""3717"", ""4542"", ""4566"", ""4707"", ""4764"", ""4768"", ""4908"", ""4931"", ""4939"", ""4956"", ""4958"", ""4971"", ""4979"", ""4989"", ""5225"", ""5274"", ""5285"", ""5292"", ""5309"", ""5314"", ""5328"", ""5347"", ""5351"", ""5386"", ""5464"", ""5475"", ""5483"", ""5519"", ""6147"", ""6152"", ""6173"", ""6179"", ""6182"", ""6187"", ""6207"", ""6213"", ""6217"", ""6218"", ""6221"", ""6223"", ""6226"", ""6274"", ""6282"", ""6426"", ""6442"", ""6446"", ""6488"", ""6505"", ""6510"", ""6525"", ""6526"", ""6538"", ""6620"", ""6672"", ""6683"", ""6706"", ""6712"", ""6715"", ""6727"", ""6770"", ""6861"", ""6933"", ""7788"", ""7795"", ""8021"", ""8039"", ""8043"", ""8046"", ""8064"", ""8076"", ""8084"", ""8110"", ""8111"", ""8150"", ""8261"", ""8358"", ""8937"", ""8996""]",2026-10-01
統一基隆,54,18,3659.1,270.5,"[""1303"", ""1307"", ""1608"", ""1713"", ""2010"", ""2030"", ""2070"", ""2324"", ""2332"", ""2337"", ""2344"", ""2359"", ""2387"", ""2404"", ""2493"", ""2816"", ""2884"", ""3026"", ""3042"", ""3105"", ""3356"", ""3577"", ""3679"", ""4931"", ""4939"", ""4971"", ""5225"", ""5351"", ""5386"", ""6023"", ""6147"", ""6190"", ""6231"", ""6279"", ""6488"", ""6538"", ""6590"", ""6620"", ""6683"", ""6716"", ""6906"", ""7799"", ""8046"", ""8064"", ""8431""]",2026-10-01
統一士林,189,101,15255.9,2039.4,"[""1303"", ""1519"", ""1526"", ""1569"", ""1612"", ""1795"", ""2049"", ""2059"", ""2221"", ""2303"", ""2327"", ""2332"", ""2338"", ""2342"", ""2357"", ""2360"", ""2368"", ""2387"", ""2392"", ""2454"", ""2478"", ""2481"", ""2483"", ""2484"", ""2492"", ""2542"", ""2855"", ""2884"", ""3017"", ""3026"", ""3037"", ""3042"", ""3055"", ""3081"", ""3105"", ""3152"", ""3264"", ""3356"", ""3406"", ""3441"", ""3450"", ""3481"", ""3508"", ""3564"", ""3624"", ""3665"", ""3675"", ""3679"", ""3708"", ""4169"", ""4174"", ""4542"", ""4556"", ""4577"", ""4927"", ""4939"", ""4958"", ""4967"", ""5202"", ""5312"", ""5314"", ""5425"", ""5434"", ""5443"", ""5475"", ""6168"", ""6173"", ""6179"", ""6182"", ""6199"", ""6204"", ""6207"", ""6218"", ""6223"", ""6226"", ""6227"", ""6274"", ""6279"", ""6426"", ""6442"", ""6443"", ""6451"", ""6456"", ""6488"", ""6515"", ""6531"", ""6538"", ""6640"", ""6643"", ""6669"", ""6805"", ""6869"", ""6902"", ""6907"", ""6933"", ""6945"", ""7610"", ""7765"", ""8021"", ""8033"", ""8042"", ""8046"", ""8064"", ""8096"", ""8240"", ""8261"", ""8454"", ""8996""]",2026-10-01
統一宜蘭,20,10,1597.4,760.1,"[""1514"", ""2344"", ""2455"", ""3008"", ""3141"", ""3577"", ""5251"", ""5314"", ""5425"", ""5443"", ""6026"", ""6112"", ""6179"", ""6691"", ""6924"", ""8039""]",2026-10-01
統一屏東,48,22,1710.8,354.0,"[""1312"", ""1528"", ""1591"", ""1721"", ""1727"", ""2010"", ""2399"", ""2483"", ""2816"", ""2855"", ""3021"", ""3041"", ""3042"", ""3374"", ""3434"", ""3450"", ""4540"", ""4577"", ""4807"", ""4924"", ""4973"", ""5291"", ""5351"", ""5475"", ""5519"", ""6026"", ""6148"", ""6204"", ""6577"", ""6588"", ""6690"", ""6693"", ""6715"", ""6829"", ""6907"", ""6909"", ""7765"", ""8038"", ""8039"", ""8085"", ""8937""]",2026-10-01
統一平鎮,35,10,1716.3,80.5,"[""1528"", ""2010"", ""2332"", ""2363"", ""2434"", ""2882"", ""3141"", ""3297"", ""3362"", ""3467"", ""3652"", ""3709"", ""4171"", ""4973"", ""5328"", ""5371"", ""5425"", ""6005"", ""6147"", ""6173"", ""6175"", ""6924"", ""8050"", ""8096"", ""8110"", ""8261"", ""9904""]",2026-10-01
統一彰化,39,16,1059.5,205.2,"[""2010"", ""2020"", ""2221"", ""2409"", ""2601"", ""3219"", ""3227"", ""3297"", ""3441"", ""3504"", ""3708"", ""3716"", ""4133"", ""4542"", ""4764"", ""4772"", ""4908"", ""5202"", ""5225"", ""6209"", ""6416"", ""6426"", ""6443"", ""6461"", ""6584"", ""7714"", ""7751"", ""8039"", ""8431"", ""8996""]",2026-10-01
統一敦南,248,106,16258.3,3150.0,"[""1303"", ""1314"", ""1597"", ""1709"", ""1717"", ""1727"", ""1785"", ""2010"", ""2030"", ""2059"", ""2204"", ""2241"", ""2301"", ""2344"", ""2351"", ""2360"", ""2368"", ""2388"", ""2404"", ""2408"", ""2426"", ""2455"", ""2465"", ""2472"", ""2486"", ""2493"", ""2542"", ""2634"", ""2816"", ""2883"", ""2887"", ""3008"", ""3016"", ""3017"", ""3021"", ""3036"", ""3081"", ""3105"", ""3162"", ""3189"", ""3209"", ""3211"", ""3219"", ""3227"", ""3260"", ""3293"", ""3296"", ""3324"", ""3362"", ""3374"", ""3406"", ""3441"", ""3443"", ""3450"", ""3481"", ""3529"", ""3543"", ""3564"", ""3624"", ""3653"", ""3661"", ""3665"", ""3669"", ""3675"", ""4556"", ""4577"", ""4764"", ""4908"", ""4931"", ""4956"", ""4958"", ""4971"", ""4973"", ""4979"", ""4989"", ""4991"", ""5225"", ""5274"", ""5309"", ""5314"", ""5347"", ""5464"", ""5498"", ""5522"", ""5706"", ""6005"", ""6141"", ""6148"", ""6168"", ""6175"", ""6182"", ""6187"", ""6213"", ""6226"", ""6227"", ""6231"", ""6272"", ""6274"", ""6278"", ""6290"", ""6426"", ""6451"", ""6538"", ""6588"", ""6620"", ""6640"", ""6669"", ""6683"", ""6689"", ""6690"", ""6706"", ""6715"", ""6727"", ""6805"", ""6834"", ""6885"", ""6933"", ""6945"", ""7610"", ""7717"", ""7792"", ""7799"", ""8039"", ""8042"", ""8064"", ""8103"", ""8150"", ""8431"", ""8996"", ""9904""]",2026-10-01
統一新台中,102,38,9946.1,1379.2,"[""1526"", ""1528"", ""1569"", ""1608"", ""1709"", ""1721"", ""1802"", ""1809"", ""2025"", ""2103"", ""2204"", ""2221"", ""2344"", ""2369"", ""2408"", ""2409"", ""2425"", ""2542"", ""2546"", ""2855"", ""3008"", ""3017"", ""3094"", ""3147"", ""3162"", ""3167"", ""3209"", ""3219"", ""3234"", ""3311"", ""3441"", ""3679"", ""3693"", ""3708"", ""3711"", ""4171"", ""4577"", ""4736"", ""4931"", ""4939"", ""5225"", ""5328"", ""5475"", ""5519"", ""6147"", ""6148"", ""6204"", ""6265"", ""6426"", ""6505"", ""6579"", ""6588"", ""6672"", ""6693"", ""6716"", ""6805"", ""6907"", ""6924"", ""6925"", ""7711"", ""7768"", ""7788"", ""7842"", ""8093"", ""8111"", ""9914""]",2026-10-01
統一新營,37,10,1202.0,253.5,"[""1713"", ""2010"", ""2344"", ""2387"", ""2634"", ""3094"", ""3167"", ""3234"", ""3311"", ""3716"", ""4542"", ""4566"", ""4770"", ""5706"", ""6152"", ""6226"", ""6279"", ""6291"", ""6691"", ""6829"", ""7711"", ""7772"", ""7795"", ""8042"", ""8103"", ""9945""]",2026-10-01
統一新竹,140,53,8374.8,1322.2,"[""1303"", ""1560"", ""1802"", ""2010"", ""2031"", ""2254"", ""2305"", ""2317"", ""2330"", ""2332"", ""2337"", ""2344"", ""2359"", ""2382"", ""2387"", ""2404"", ""2408"", ""2434"", ""2449"", ""2468"", ""2481"", ""2484"", ""2491"", ""2492"", ""2493"", ""2496"", ""2855"", ""2915"", ""3019"", ""3021"", ""3037"", ""3081"", ""3090"", ""3167"", ""3229"", ""3231"", ""3324"", ""3357"", ""3374"", ""3406"", ""3413"", ""3441"", ""3444"", ""3450"", ""3508"", ""3520"", ""3532"", ""3624"", ""3679"", ""3717"", ""4542"", ""4919"", ""4931"", ""4939"", ""4971"", ""4979"", ""4989"", ""5225"", ""5274"", ""5328"", ""5425"", ""5483"", ""5706"", ""6173"", ""6182"", ""6204"", ""6213"", ""6223"", ""6226"", ""6505"", ""6515"", ""6538"", ""6584"", ""6643"", ""6690"", ""6693"", ""6742"", ""6753"", ""6770"", ""6830"", ""6861"", ""6909"", ""6933"", ""6969"", ""7714"", ""7722"", ""8050"", ""8070"", ""8084"", ""8103"", ""8261"", ""8431"", ""8996""]",2026-10-01
統一東湖,61,18,3319.8,745.1,"[""1303"", ""1528"", ""1727"", ""2069"", ""2204"", ""2254"", ""2301"", ""2352"", ""2426"", ""2472"", ""2481"", ""2816"", ""3016"", ""3021"", ""3055"", ""3081"", ""3356"", ""3441"", ""3518"", ""3532"", ""3679"", ""3709"", ""5328"", ""5425"", ""5443"", ""5706"", ""6207"", ""6274"", ""6279"", ""6442"", ""6451"", ""6461"", ""6505"", ""6584"", ""6589"", ""6620"", ""6716"", ""6770"", ""6861"", ""6907"", ""8033"", ""8038"", ""8054"", ""8076"", ""9904"", ""9945""]",2026-10-01
統一松江,87,42,4730.0,1330.8,"[""1303"", ""2221"", ""2353"", ""2375"", ""2382"", ""2388"", ""2409"", ""2426"", ""2465"", ""2468"", ""2478"", ""2484"", ""2542"", ""2547"", ""3006"", ""3042"", ""3044"", ""3141"", ""3162"", ""3167"", ""3211"", ""3356"", ""3374"", ""3413"", ""3441"", ""3450"", ""3665"", ""4542"", ""4551"", ""4556"", ""4764"", ""4908"", ""4927"", ""4956"", ""4979"", ""5314"", ""5386"", ""6148"", ""6173"", ""6187"", ""6207"", ""6213"", ""6226"", ""6278"", ""6279"", ""6290"", ""6538"", ""6579"", ""6588"", ""6590"", ""6643"", ""6683"", ""6691"", ""6945"", ""7769"", ""7788"", ""7799"", ""8064"", ""8070"", ""8103"", ""8454""]",2026-10-01
統一板橋,94,37,5825.6,2049.9,"[""1303"", ""1314"", ""1612"", ""1709"", ""1713"", ""2301"", ""2313"", ""2342"", ""2351"", ""2363"", ""2399"", ""2483"", ""2912"", ""3008"", ""3026"", ""3081"", ""3162"", ""3229"", ""3311"", ""3362"", ""3374"", ""3441"", ""3450"", ""3529"", ""3675"", ""3707"", ""3708"", ""4566"", ""4979"", ""4989"", ""5443"", ""5464"", ""5475"", ""6147"", ""6204"", ""6213"", ""6217"", ""6225"", ""6226"", ""6274"", ""6278"", ""6291"", ""6451"", ""6510"", ""6515"", ""6533"", ""6584"", ""6617"", ""6727"", ""6782"", ""6907"", ""6945"", ""7610"", ""7788"", ""7792"", ""7825"", ""8043"", ""8111"", ""8261"", ""9904""]",2026-10-01
統一桃園,84,32,3318.5,760.4,"[""1301"", ""1713"", ""1810"", ""2025"", ""2031"", ""2305"", ""2352"", ""2360"", ""2388"", ""2413"", ""2449"", ""2454"", ""2484"", ""2496"", ""2630"", ""2634"", ""2645"", ""2816"", ""2883"", ""3008"", ""3041"", ""3049"", ""3081"", ""3090"", ""3147"", ""3260"", ""3293"", ""3297"", ""3362"", ""3388"", ""3504"", ""3624"", ""3661"", ""3707"", ""3708"", ""3709"", ""4541"", ""4542"", ""4566"", ""4908"", ""4927"", ""4973"", ""4979"", ""5225"", ""5292"", ""5443"", ""6152"", ""6209"", ""6515"", ""6643"", ""6712"", ""6906"", ""7722"", ""7765"", ""7825"", ""8033"", ""8042"", ""8227"", ""9904""]",2026-10-01
統一永和,29,10,1996.5,378.9,"[""1301"", ""1423"", ""1608"", ""1612"", ""1709"", ""1727"", ""2357"", ""2413"", ""2454"", ""3624"", ""3693"", ""3707"", ""4764"", ""4973"", ""5312"", ""5706"", ""5876"", ""6026"", ""6179"", ""6217"", ""8028"", ""8937""]",2026-10-01
統一竹南,43,14,4281.3,460.1,"[""1301"", ""1303"", ""1526"", ""1727"", ""2338"", ""2492"", ""2546"", ""2923"", ""3046"", ""3231"", ""3324"", ""3374"", ""3406"", ""3498"", ""3693"", ""4542"", ""4768"", ""4971"", ""6225"", ""6442"", ""6456"", ""6505"", ""6715"", ""6907"", ""8039"", ""8046"", ""8085"", ""8103"", ""8150"", ""8431""]",2026-10-01
統一臺中,47,19,1084.5,134.3,"[""1815"", ""2070"", ""2221"", ""3066"", ""3324"", ""3357"", ""3362"", ""3467"", ""3520"", ""3529"", ""3564"", ""3624"", ""3675"", ""3693"", ""4171"", ""4772"", ""4939"", ""4971"", ""5251"", ""5274"", ""5312"", ""5386"", ""5464"", ""6217"", ""6227"", ""6231"", ""6279"", ""6488"", ""6577"", ""6590"", ""6620"", ""6690"", ""6727"", ""6733"", ""8043"", ""8050"", ""8069"", ""8358"", ""8431""]",2026-10-01
統一臺南,26,7,725.8,283.1,"[""2221"", ""3357"", ""5289"", ""5328"", ""5386"", ""6182"", ""6207"", ""6221"", ""6231"", ""6640"", ""6716"", ""6811"", ""6829"", ""6925"", ""7714"", ""7842"", ""8383""]",2026-10-01
統一金門,13,7,532.9,393.8,"[""1526"", ""2338"", ""2369"", ""2409"", ""3297"", ""4566"", ""5309"", ""6885"", ""7792"", ""8096"", ""8240""]",2026-10-01
統一高雄,72,32,3920.5,2837.4,"[""1326"", ""1519"", ""1560"", ""1569"", ""1608"", ""1713"", ""2010"", ""2303"", ""2332"", ""2409"", ""2455"", ""2645"", ""3037"", ""3041"", ""3066"", ""3081"", ""3356"", ""3450"", ""3481"", ""3529"", ""3653"", ""3675"", ""3708"", ""4566"", ""4768"", ""4973"", ""4989"", ""5328"", ""5351"", ""5443"", ""5515"", ""5519"", ""5522"", ""6116"", ""6173"", ""6218"", ""6271"", ""6488"", ""6533"", ""6669"", ""6906"", ""7788"", ""7792"", ""8021"", ""8227"", ""9904""]",2026-10-01
美商高盛,2110,929,2172976.1,527000.0,"[""1108"", ""1218"", ""1301"", ""1303"", ""1307"", ""1312"", ""1314"", ""1326"", ""1409"", ""1423"", ""1446"", ""1503"", ""1504"", ""1513"", ""1514"", ""1519"", ""1526"", ""1528"", ""1560"", ""1605"", ""1608"", ""1612"", ""1709"", ""1713"", ""1717"", ""1718"", ""1721"", ""1727"", ""1795"", ""1802"", ""1809"", ""1810"", ""2006"", ""2010"", ""2020"", ""2025"", ""2027"", ""2030"", ""2031"", ""2033"", ""2049"", ""2059"", ""2069"", ""2103"", ""2204"", ""2254"", ""2301"", ""2303"", ""2305"", ""2308"", ""2312"", ""2313"", ""2317"", ""2324"", ""2327"", ""2330"", ""2332"", ""2337"", ""2338"", ""2340"", ""2342"", ""2344"", ""2347"", ""2351"", ""2352"", ""2353"", ""2357"", ""2359"", ""2360"", ""2363"", ""2368"", ""2369"", ""2375"", ""2376"", ""2377"", ""2382"", ""2387"", ""2392"", ""2395"", ""2404"", ""2406"", ""2408"", ""2409"", ""2413"", ""2421"", ""2425"", ""2426"", ""2434"", ""2436"", ""2438"", ""2444"", ""2449"", ""2451"", ""2454"", ""2455"", ""2464"", ""2465"", ""2467"", ""2468"", ""2472"", ""2478"", ""2481"", ""2483"", ""2484"", ""2486"", ""2489"", ""2491"", ""2492"", ""2493"", ""2496"", ""2520"", ""2542"", ""2546"", ""2601"", ""2603"", ""2610"", ""2615"", ""2618"", ""2630"", ""2633"", ""2634"", ""2645"", ""2739"", ""2801"", ""2816"", ""2855"", ""2883"", ""2885"", ""2887"", ""2890"", ""2891"", ""2915"", ""2923"", ""3003"", ""3006"", ""3008"", ""3016"", ""3017"", ""3019"", ""3021"", ""3026"", ""3036"", ""3037"", ""3041"", ""3042"", ""3044"", ""3046"", ""3049"", ""3055"", ""3090"", ""3094"", ""3167"", ""3189"", ""3209"", ""3229"", ""3231"", ""3296"", ""3311"", ""3356"", ""3376"", ""3406"", ""3413"", ""3437"", ""3443"", ""3450"", ""3481"", ""3504"", ""3518"", ""3532"", ""3533"", ""3543"", ""3605"", ""3652"", ""3653"", ""3661"", ""3665"", ""3669"", ""3679"", ""3702"", ""3708"", ""3711"", ""3714"", ""3715"", ""3716"", ""3717"", ""4169"", ""4551"", ""4566"", ""4576"", ""4736"", ""4764"", ""4770"", ""4807"", ""4927"", ""4949"", ""4956"", ""4958"", ""4967"", ""4976"", ""4977"", ""4989"", ""5225"", ""5285"", ""5292"", ""5434"", ""5484"", ""5515"", ""5519"", ""5522"", ""5608"", ""5706"", ""5876"", ""6005"", ""6112"", ""6116"", ""6133"", ""6139"", ""6141"", ""6152"", ""6166"", ""6168"", ""6206"", ""6209"", ""6213"", ""6224"", ""6225"", ""6226"", ""6243"", ""6257"", ""6269"", ""6271"", ""6272"", ""6278"", ""6282"", ""6409"", ""6416"", ""6426"", ""6442"", ""6443"", ""6446"", ""6451"", ""6456"", ""6505"", ""6515"", ""6525"", ""6526"", ""6531"", ""6533"", ""6579"", ""6589"", ""6668"", ""6669"", ""6672"", ""6689"", ""6691"", ""6706"", ""6715"", ""6742"", ""6753"", ""6770"", ""6805"", ""6830"", ""6831"", ""6834"", ""6861"", ""6869"", ""6885"", ""6906"", ""6909"", ""6919"", ""6924"", ""6933"", ""6949"", ""7610"", ""7711"", ""7722"", ""7730"", ""7765"", ""7768"", ""7769"", ""7788"", ""7795"", ""7799"", ""8021"", ""8028"", ""8033"", ""8039"", ""8046"", ""8070"", ""8103"", ""8110"", ""8112"", ""8150"", ""8261"", ""8454"", ""8996"", ""9904"", ""9914"", ""9933"", ""9941"", ""9945""]",2026-10-01
美商高盛亞,1146,505,292972.4,88467.2,"[""1569"", ""1591"", ""1785"", ""1815"", ""2061"", ""2070"", ""2221"", ""3066"", ""3081"", ""3105"", ""3141"", ""3147"", ""3152"", ""3162"", ""3163"", ""3211"", ""3219"", ""3227"", ""3234"", ""3260"", ""3264"", ""3293"", ""3297"", ""3317"", ""3324"", ""3339"", ""3354"", ""3357"", ""3362"", ""3363"", ""3374"", ""3388"", ""3434"", ""3441"", ""3467"", ""3490"", ""3498"", ""3508"", ""3520"", ""3529"", ""3564"", ""3577"", ""3594"", ""3624"", ""3675"", ""3680"", ""3685"", ""3691"", ""3693"", ""3707"", ""3709"", ""4123"", ""4174"", ""4416"", ""4510"", ""4541"", ""4542"", ""4556"", ""4577"", ""4707"", ""4735"", ""4768"", ""4772"", ""4908"", ""4924"", ""4931"", ""4939"", ""4971"", ""4973"", ""4979"", ""4991"", ""5202"", ""5251"", ""5274"", ""5289"", ""5291"", ""5299"", ""5309"", ""5312"", ""5314"", ""5328"", ""5347"", ""5351"", ""5371"", ""5386"", ""5425"", ""5443"", ""5464"", ""5475"", ""5483"", ""5498"", ""6023"", ""6026"", ""6121"", ""6147"", ""6148"", ""6173"", ""6175"", ""6179"", ""6182"", ""6187"", ""6190"", ""6199"", ""6204"", ""6207"", ""6217"", ""6218"", ""6223"", ""6227"", ""6231"", ""6244"", ""6245"", ""6259"", ""6265"", ""6274"", ""6279"", ""6290"", ""6291"", ""6488"", ""6510"", ""6517"", ""6530"", ""6538"", ""6547"", ""6548"", ""6577"", ""6584"", ""6588"", ""6590"", ""6617"", ""6620"", ""6640"", ""6643"", ""6683"", ""6690"", ""6693"", ""6712"", ""6716"", ""6727"", ""6733"", ""6739"", ""6811"", ""6829"", ""6872"", ""6907"", ""6925"", ""6945"", ""7714"", ""7717"", ""7751"", ""7772"", ""7777"", ""7792"", ""7825"", ""7828"", ""7842"", ""8027"", ""8038"", ""8042"", ""8043"", ""8050"", ""8054"", ""8064"", ""8069"", ""8076"", ""8084"", ""8085"", ""8096"", ""8111"", ""8182"", ""8227"", ""8358"", ""8383"", ""8431"", ""8937""]",2026-10-01
美好,66,24,6464.5,971.3,"[""1303"", ""1409"", ""1612"", ""1709"", ""2059"", ""2061"", ""2221"", ""2301"", ""2332"", ""2344"", ""2426"", ""2634"", ""2801"", ""2887"", ""3008"", ""3016"", ""3081"", ""3167"", ""3374"", ""3665"", ""3680"", ""4542"", ""4958"", ""4979"", ""5434"", ""6147"", ""6148"", ""6179"", ""6182"", ""6224"", ""6225"", ""6244"", ""6274"", ""6291"", ""6456"", ""6533"", ""6733"", ""6906"", ""7795"", ""8076"", ""8103"", ""9945""]",2026-10-01
美好中和,8,4,86.0,34.0,"[""1727"", ""2413"", ""2816"", ""3450"", ""6152"", ""8085""]",2026-10-01
美好中壢,43,12,1066.2,253.0,"[""1409"", ""1528"", ""1709"", ""1721"", ""2020"", ""2030"", ""2352"", ""2426"", ""2444"", ""2468"", ""2601"", ""3019"", ""3042"", ""3152"", ""3374"", ""3504"", ""3708"", ""3716"", ""4133"", ""4736"", ""5292"", ""6173"", ""6243"", ""6829"", ""7749"", ""7765"", ""8042"", ""8054"", ""8076""]",2026-10-01
美好台南,8,1,254.0,1.0,"[""1605"", ""2010"", ""2025"", ""5299"", ""6279"", ""6416""]",2026-10-01
美好基隆,5,1,117.0,1.0,"[""2615"", ""6829"", ""7711""]",2026-10-01
美好富順,89,39,9850.8,3102.1,"[""1301"", ""1326"", ""1446"", ""1709"", ""2025"", ""2031"", ""2070"", ""2337"", ""2344"", ""2408"", ""2409"", ""2436"", ""2454"", ""2464"", ""2468"", ""2492"", ""3021"", ""3090"", ""3234"", ""3260"", ""3297"", ""3356"", ""3406"", ""3441"", ""3679"", ""3708"", ""4171"", ""4735"", ""4908"", ""4956"", ""4973"", ""5289"", ""5328"", ""5443"", ""5498"", ""6116"", ""6148"", ""6152"", ""6166"", ""6173"", ""6204"", ""6213"", ""6217"", ""6218"", ""6227"", ""6279"", ""6426"", ""6588"", ""6589"", ""6668"", ""6770"", ""6829"", ""6861"", ""6909"", ""7717"", ""8033"", ""8076"", ""8093"", ""8111""]",2026-10-01
美好市政,31,11,1529.6,239.5,"[""1519"", ""1802"", ""2455"", ""2472"", ""2489"", ""2855"", ""3008"", ""3356"", ""3374"", ""3376"", ""3498"", ""4171"", ""4736"", ""4927"", ""5309"", ""5314"", ""5443"", ""6148"", ""6173"", ""6213"", ""6290"", ""6715"", ""7751"", ""8028"", ""8112""]",2026-10-01
美好楊梅,28,4,1234.6,47.1,"[""1785"", ""1810"", ""2338"", ""2369"", ""2434"", ""3041"", ""3434"", ""3520"", ""3707"", ""3708"", ""4566"", ""4772"", ""4956"", ""5519"", ""6152"", ""6179"", ""6226"", ""6279"", ""7751"", ""8110"", ""9904""]",2026-10-01
美好泰山,22,7,575.0,52.0,"[""1608"", ""2020"", ""2388"", ""2491"", ""3021"", ""3679"", ""3717"", ""4551"", ""5225"", ""5292"", ""5328"", ""5340"", ""5386"", ""5519"", ""6226"", ""6279"", ""6933"", ""7772"", ""8111""]",2026-10-01
美好苗栗,15,2,665.8,29.9,"[""1339"", ""2010"", ""3297"", ""3708"", ""4551"", ""5450"", ""5706"", ""6225"", ""6243"", ""6770""]",2026-10-01
美好蘆洲,100,44,14698.0,1475.9,"[""1303"", ""1314"", ""1326"", ""1526"", ""1528"", ""1569"", ""1810"", ""2010"", ""2020"", ""2049"", ""2332"", ""2344"", ""2351"", ""2353"", ""2359"", ""2369"", ""2409"", ""2426"", ""2454"", ""2455"", ""2492"", ""2601"", ""2633"", ""3016"", ""3041"", ""3046"", ""3162"", ""3209"", ""3211"", ""3229"", ""3234"", ""3296"", ""3455"", ""3498"", ""3532"", ""3708"", ""4541"", ""4556"", ""4768"", ""4931"", ""4939"", ""4971"", ""4976"", ""5225"", ""5425"", ""6023"", ""6116"", ""6152"", ""6182"", ""6188"", ""6213"", ""6226"", ""6227"", ""6271"", ""6282"", ""6533"", ""6589"", ""6716"", ""6770"", ""6829"", ""6909"", ""6945"", ""7825"", ""7842"", ""8033"", ""8043"", ""8050"", ""8103"", ""8110"", ""8358"", ""9914""]",2026-10-01
美好高雄,6,1,52.0,1.2,"[""1307"", ""1514"", ""2637"", ""3564"", ""4736"", ""7772""]",2026-10-01
美林,1854,815,1225524.2,240734.0,"[""1218"", ""1301"", ""1303"", ""1307"", ""1312"", ""1314"", ""1326"", ""1409"", ""1423"", ""1503"", ""1513"", ""1514"", ""1519"", ""1526"", ""1528"", ""1560"", ""1605"", ""1608"", ""1612"", ""1709"", ""1713"", ""1714"", ""1717"", ""1718"", ""1721"", ""1727"", ""1795"", ""1802"", ""1809"", ""1810"", ""2006"", ""2010"", ""2020"", ""2025"", ""2027"", ""2030"", ""2031"", ""2033"", ""2049"", ""2059"", ""2069"", ""2103"", ""2204"", ""2254"", ""2301"", ""2303"", ""2305"", ""2308"", ""2312"", ""2313"", ""2317"", ""2324"", ""2327"", ""2330"", ""2332"", ""2337"", ""2338"", ""2340"", ""2342"", ""2344"", ""2351"", ""2352"", ""2353"", ""2357"", ""2359"", ""2360"", ""2363"", ""2368"", ""2369"", ""2375"", ""2376"", ""2377"", ""2379"", ""2382"", ""2387"", ""2388"", ""2392"", ""2395"", ""2404"", ""2406"", ""2408"", ""2409"", ""2413"", ""2421"", ""2425"", ""2426"", ""2434"", ""2436"", ""2449"", ""2454"", ""2455"", ""2464"", ""2465"", ""2468"", ""2472"", ""2478"", ""2481"", ""2483"", ""2484"", ""2489"", ""2491"", ""2492"", ""2493"", ""2542"", ""2546"", ""2601"", ""2603"", ""2610"", ""2615"", ""2618"", ""2630"", ""2633"", ""2634"", ""2637"", ""2645"", ""2723"", ""2739"", ""2801"", ""2816"", ""2851"", ""2855"", ""2883"", ""2884"", ""2885"", ""2886"", ""2887"", ""2890"", ""2891"", ""2915"", ""2923"", ""3006"", ""3008"", ""3016"", ""3017"", ""3019"", ""3021"", ""3026"", ""3036"", ""3037"", ""3041"", ""3042"", ""3044"", ""3046"", ""3049"", ""3055"", ""3090"", ""3094"", ""3167"", ""3189"", ""3209"", ""3229"", ""3231"", ""3296"", ""3311"", ""3356"", ""3376"", ""3406"", ""3413"", ""3437"", ""3443"", ""3450"", ""3481"", ""3504"", ""3532"", ""3533"", ""3543"", ""3605"", ""3652"", ""3653"", ""3661"", ""3665"", ""3669"", ""3679"", ""3702"", ""3708"", ""3711"", ""3714"", ""3715"", ""3716"", ""3717"", ""4133"", ""4169"", ""4551"", ""4566"", ""4736"", ""4764"", ""4770"", ""4919"", ""4927"", ""4956"", ""4958"", ""4967"", ""4976"", ""4977"", ""4989"", ""5225"", ""5285"", ""5292"", ""5434"", ""5484"", ""5515"", ""5519"", ""5522"", ""5608"", ""5706"", ""5876"", ""6005"", ""6112"", ""6116"", ""6133"", ""6139"", ""6141"", ""6152"", ""6166"", ""6168"", ""6206"", ""6213"", ""6224"", ""6226"", ""6243"", ""6257"", ""6269"", ""6271"", ""6278"", ""6282"", ""6409"", ""6416"", ""6426"", ""6442"", ""6446"", ""6451"", ""6456"", ""6505"", ""6515"", ""6525"", ""6526"", ""6531"", ""6533"", ""6579"", ""6589"", ""6669"", ""6672"", ""6689"", ""6691"", ""6706"", ""6715"", ""6742"", ""6753"", ""6770"", ""6782"", ""6805"", ""6830"", ""6834"", ""6861"", ""6885"", ""6906"", ""6909"", ""6919"", ""6924"", ""6933"", ""6949"", ""7610"", ""7711"", ""7722"", ""7730"", ""7749"", ""7768"", ""7769"", ""7788"", ""7795"", ""7799"", ""8021"", ""8028"", ""8033"", ""8039"", ""8046"", ""8070"", ""8103"", ""8110"", ""8112"", ""8150"", ""8261"", ""8454"", ""8996"", ""9904"", ""9914"", ""9921"", ""9941"", ""9945""]",2026-10-01
美林證券,903,395,144494.2,32993.4,"[""1569"", ""1591"", ""1785"", ""1815"", ""2070"", ""2221"", ""3081"", ""3105"", ""3141"", ""3147"", ""3152"", ""3162"", ""3163"", ""3211"", ""3219"", ""3227"", ""3234"", ""3236"", ""3260"", ""3264"", ""3293"", ""3297"", ""3317"", ""3324"", ""3339"", ""3354"", ""3357"", ""3362"", ""3363"", ""3374"", ""3388"", ""3441"", ""3444"", ""3455"", ""3467"", ""3498"", ""3520"", ""3529"", ""3540"", ""3564"", ""3577"", ""3594"", ""3624"", ""3675"", ""3680"", ""3685"", ""3691"", ""3693"", ""3707"", ""3709"", ""4123"", ""4171"", ""4416"", ""4510"", ""4541"", ""4542"", ""4556"", ""4577"", ""4768"", ""4772"", ""4908"", ""4923"", ""4931"", ""4939"", ""4971"", ""4973"", ""4979"", ""4991"", ""5251"", ""5274"", ""5289"", ""5291"", ""5299"", ""5309"", ""5312"", ""5314"", ""5328"", ""5347"", ""5351"", ""5371"", ""5386"", ""5425"", ""5443"", ""5464"", ""5475"", ""5483"", ""5498"", ""6023"", ""6026"", ""6121"", ""6147"", ""6148"", ""6173"", ""6175"", ""6179"", ""6182"", ""6187"", ""6190"", ""6199"", ""6204"", ""6207"", ""6217"", ""6218"", ""6221"", ""6223"", ""6227"", ""6231"", ""6244"", ""6245"", ""6259"", ""6265"", ""6274"", ""6279"", ""6290"", ""6291"", ""6461"", ""6488"", ""6510"", ""6517"", ""6530"", ""6538"", ""6547"", ""6548"", ""6577"", ""6584"", ""6588"", ""6617"", ""6620"", ""6640"", ""6643"", ""6683"", ""6693"", ""6712"", ""6716"", ""6727"", ""6739"", ""6811"", ""6829"", ""6907"", ""6925"", ""6945"", ""7714"", ""7717"", ""7751"", ""7772"", ""7777"", ""7792"", ""7825"", ""7828"", ""7842"", ""8027"", ""8038"", ""8042"", ""8043"", ""8050"", ""8054"", ""8064"", ""8069"", ""8076"", ""8084"", ""8085"", ""8096"", ""8111"", ""8182"", ""8227"", ""8358"", ""8383"", ""8431"", ""8937""]",2026-10-01
群益,1429,650,397267.8,79701.5,"[""1301"", ""1303"", ""1312"", ""1326"", ""1423"", ""1503"", ""1504"", ""1513"", ""1514"", ""1526"", ""1528"", ""1569"", ""1605"", ""1612"", ""1709"", ""1717"", ""1718"", ""1727"", ""1802"", ""1810"", ""1815"", ""2027"", ""2030"", ""2031"", ""2049"", ""2059"", ""2061"", ""2069"", ""2070"", ""2103"", ""2221"", ""2241"", ""2254"", ""2301"", ""2303"", ""2305"", ""2313"", ""2317"", ""2324"", ""2327"", ""2330"", ""2337"", ""2338"", ""2340"", ""2342"", ""2344"", ""2347"", ""2351"", ""2352"", ""2353"", ""2357"", ""2359"", ""2360"", ""2363"", ""2368"", ""2369"", ""2375"", ""2377"", ""2379"", ""2382"", ""2387"", ""2388"", ""2392"", ""2395"", ""2404"", ""2408"", ""2409"", ""2413"", ""2426"", ""2434"", ""2436"", ""2449"", ""2454"", ""2455"", ""2464"", ""2465"", ""2467"", ""2468"", ""2472"", ""2481"", ""2483"", ""2484"", ""2489"", ""2491"", ""2492"", ""2493"", ""2542"", ""2546"", ""2548"", ""2603"", ""2615"", ""2618"", ""2630"", ""2634"", ""2645"", ""2883"", ""2884"", ""2887"", ""2890"", ""2891"", ""2915"", ""3003"", ""3006"", ""3008"", ""3016"", ""3017"", ""3023"", ""3026"", ""3037"", ""3041"", ""3042"", ""3044"", ""3046"", ""3049"", ""3055"", ""3081"", ""3090"", ""3094"", ""3105"", ""3114"", ""3141"", ""3163"", ""3167"", ""3189"", ""3211"", ""3219"", ""3227"", ""3229"", ""3231"", ""3234"", ""3260"", ""3264"", ""3293"", ""3297"", ""3311"", ""3324"", ""3339"", ""3354"", ""3356"", ""3357"", ""3362"", ""3363"", ""3374"", ""3376"", ""3388"", ""3406"", ""3434"", ""3441"", ""3443"", ""3450"", ""3455"", ""3467"", ""3481"", ""3491"", ""3498"", ""3504"", ""3520"", ""3529"", ""3532"", ""3533"", ""3543"", ""3564"", ""3605"", ""3624"", ""3653"", ""3661"", ""3665"", ""3673"", ""3675"", ""3679"", ""3680"", ""3685"", ""3691"", ""3693"", ""3702"", ""3707"", ""3708"", ""3711"", ""3717"", ""4123"", ""4169"", ""4174"", ""4542"", ""4551"", ""4556"", ""4566"", ""4707"", ""4735"", ""4764"", ""4768"", ""4770"", ""4772"", ""4908"", ""4919"", ""4924"", ""4927"", ""4931"", ""4939"", ""4956"", ""4958"", ""4967"", ""4971"", ""4973"", ""4976"", ""4977"", ""4979"", ""4989"", ""4991"", ""5251"", ""5274"", ""5289"", ""5292"", ""5312"", ""5314"", ""5328"", ""5347"", ""5351"", ""5371"", ""5386"", ""5425"", ""5434"", ""5443"", ""5450"", ""5464"", ""5475"", ""5483"", ""5515"", ""5519"", ""5522"", ""5608"", ""5871"", ""5876"", ""5904"", ""6005"", ""6026"", ""6116"", ""6121"", ""6139"", ""6141"", ""6147"", ""6152"", ""6166"", ""6168"", ""6173"", ""6179"", ""6182"", ""6187"", ""6199"", ""6204"", ""6207"", ""6209"", ""6213"", ""6214"", ""6217"", ""6218"", ""6221"", ""6223"", ""6224"", ""6225"", ""6226"", ""6227"", ""6231"", ""6243"", ""6244"", ""6245"", ""6257"", ""6259"", ""6272"", ""6274"", ""6278"", ""6279"", ""6282"", ""6290"", ""6291"", ""6426"", ""6442"", ""6443"", ""6446"", ""6451"", ""6456"", ""6472"", ""6488"", ""6505"", ""6510"", ""6515"", ""6526"", ""6531"", ""6533"", ""6538"", ""6577"", ""6579"", ""6584"", ""6588"", ""6589"", ""6590"", ""6617"", ""6620"", ""6640"", ""6669"", ""6672"", ""6683"", ""6689"", ""6690"", ""6691"", ""6693"", ""6706"", ""6715"", ""6727"", ""6739"", ""6753"", ""6770"", ""6805"", ""6829"", ""6830"", ""6831"", ""6834"", ""6861"", ""6872"", ""6885"", ""6906"", ""6907"", ""6909"", ""6919"", ""6924"", ""6925"", ""6933"", ""6945"", ""6949"", ""6969"", ""7610"", ""7749"", ""7750"", ""7751"", ""7769"", ""7788"", ""7792"", ""7795"", ""7799"", ""7842"", ""8021"", ""8027"", ""8028"", ""8033"", ""8039"", ""8042"", ""8043"", ""8046"", ""8050"", ""8054"", ""8064"", ""8069"", ""8070"", ""8084"", ""8103"", ""8110"", ""8111"", ""8150"", ""8227"", ""8261"", ""8358"", ""8431"", ""8454"", ""8996"", ""9904"", ""9914"", ""9921"", ""9941"", ""9945""]",2026-10-01
群益三民,94,38,2285.4,386.2,"[""1608"", ""2010"", ""2059"", ""2069"", ""2342"", ""2434"", ""2455"", ""2467"", ""2468"", ""2542"", ""2546"", ""2633"", ""2923"", ""3018"", ""3021"", ""3037"", ""3296"", ""3317"", ""3324"", ""3362"", ""3363"", ""3374"", ""3406"", ""3450"", ""3481"", ""3498"", ""3532"", ""3669"", ""3715"", ""3716"", ""5225"", ""5515"", ""5519"", ""6026"", ""6141"", ""6148"", ""6207"", ""6221"", ""6227"", ""6279"", ""6461"", ""6488"", ""6533"", ""6577"", ""6588"", ""6620"", ""6672"", ""6683"", ""6693"", ""6716"", ""6885"", ""6907"", ""6909"", ""7765"", ""7772"", ""7799"", ""8027"", ""8046"", ""8064"", ""8070"", ""8110"", ""8454"", ""9904""]",2026-10-01
群益三重,44,15,1689.6,330.4,"[""2305"", ""2351"", ""2468"", ""2493"", ""2883"", ""3090"", ""3264"", ""3339"", ""3441"", ""3533"", ""3605"", ""4171"", ""4510"", ""4551"", ""4735"", ""4927"", ""4931"", ""5230"", ""5291"", ""5347"", ""5475"", ""5484"", ""5498"", ""6148"", ""6209"", ""6227"", ""6259"", ""6271"", ""6272"", ""6672"", ""6739"", ""6945"", ""7749"", ""8040""]",2026-10-01
群益中壢,104,44,5971.0,1869.1,"[""1303"", ""1307"", ""1526"", ""1569"", ""1608"", ""1612"", ""1709"", ""1815"", ""2031"", ""2305"", ""2332"", ""2351"", ""2363"", ""2369"", ""2426"", ""2468"", ""2483"", ""2484"", ""2491"", ""2546"", ""2601"", ""2816"", ""3016"", ""3094"", ""3105"", ""3211"", ""3219"", ""3229"", ""3260"", ""3297"", ""3356"", ""3374"", ""3441"", ""3450"", ""3504"", ""3508"", ""3564"", ""3624"", ""3679"", ""3693"", ""4566"", ""4908"", ""4931"", ""4939"", ""4973"", ""4977"", ""5225"", ""5314"", ""5328"", ""5498"", ""5706"", ""6026"", ""6148"", ""6166"", ""6173"", ""6213"", ""6279"", ""6588"", ""6617"", ""6668"", ""6683"", ""6706"", ""6834"", ""6919"", ""6933"", ""6949"", ""7711"", ""7714"", ""7751"", ""8039"", ""8050"", ""8064"", ""8111"", ""8150"", ""8454""]",2026-10-01
群益中山,41,23,4635.9,1654.8,"[""1504"", ""1612"", ""1717"", ""1718"", ""2031"", ""2409"", ""2546"", ""3162"", ""3189"", ""3296"", ""3376"", ""3441"", ""3543"", ""3679"", ""4764"", ""4971"", ""4973"", ""5515"", ""6225"", ""6226"", ""6279"", ""6456"", ""6526"", ""6691"", ""6715"", ""6933"", ""7772"", ""8085"", ""8093"", ""9914""]",2026-10-01
群益中港,56,23,3463.1,739.7,"[""1326"", ""1513"", ""1608"", ""1809"", ""2031"", ""2369"", ""2375"", ""2376"", ""2408"", ""2449"", ""2465"", ""2491"", ""2492"", ""2546"", ""2634"", ""3229"", ""3354"", ""3356"", ""3520"", ""3532"", ""3624"", ""4927"", ""4976"", ""5202"", ""5291"", ""5328"", ""5483"", ""6005"", ""6173"", ""6207"", ""6588"", ""6716"", ""6770"", ""6906"", ""6907"", ""7711"", ""8033"", ""8046"", ""8064"", ""9904"", ""9914""]",2026-10-01
群益丹鳳,46,23,2504.1,1735.1,"[""1709"", ""2020"", ""2025"", ""2305"", ""2406"", ""2408"", ""2601"", ""3019"", ""3021"", ""3037"", ""3044"", ""3114"", ""3229"", ""3231"", ""3293"", ""3317"", ""3362"", ""3441"", ""3529"", ""3673"", ""5225"", ""5291"", ""6023"", ""6112"", ""6204"", ""6265"", ""6533"", ""6579"", ""6716"", ""6739"", ""6753"", ""6925"", ""6933"", ""7711"", ""7825"", ""8182"", ""8240""]",2026-10-01
群益內湖,221,120,16841.1,5633.1,"[""1303"", ""1528"", ""1569"", ""1709"", ""1718"", ""1727"", ""1809"", ""1810"", ""2010"", ""2049"", ""2241"", ""2305"", ""2338"", ""2351"", ""2352"", ""2359"", ""2368"", ""2375"", ""2388"", ""2395"", ""2409"", ""2434"", ""2438"", ""2455"", ""2464"", ""2468"", ""2478"", ""2483"", ""2492"", ""2493"", ""2496"", ""2630"", ""3006"", ""3008"", ""3017"", ""3026"", ""3055"", ""3081"", ""3090"", ""3141"", ""3163"", ""3189"", ""3211"", ""3339"", ""3357"", ""3362"", ""3374"", ""3388"", ""3441"", ""3443"", ""3529"", ""3532"", ""3594"", ""3624"", ""3675"", ""3679"", ""3680"", ""3685"", ""3693"", ""3707"", ""4416"", ""4541"", ""4542"", ""4566"", ""4768"", ""4770"", ""4772"", ""4908"", ""4931"", ""4939"", ""4956"", ""4971"", ""4973"", ""4979"", ""4991"", ""5328"", ""5347"", ""5351"", ""5371"", ""5484"", ""5706"", ""6147"", ""6148"", ""6166"", ""6175"", ""6213"", ""6226"", ""6231"", ""6243"", ""6245"", ""6269"", ""6409"", ""6451"", ""6456"", ""6488"", ""6510"", ""6515"", ""6533"", ""6538"", ""6577"", ""6579"", ""6640"", ""6668"", ""6669"", ""6683"", ""6689"", ""6690"", ""6706"", ""6727"", ""6830"", ""6834"", ""6869"", ""6907"", ""7799"", ""7828"", ""8033"", ""8039"", ""8043"", ""8050"", ""8054"", ""8076"", ""8085"", ""8096"", ""8150"", ""8227"", ""8431"", ""8454""]",2026-10-01
群益北高,29,16,2658.5,1680.6,"[""1326"", ""2030"", ""2330"", ""2409"", ""2546"", ""2855"", ""2915"", ""3019"", ""3055"", ""3296"", ""3543"", ""3653"", ""3708"", ""4566"", ""5225"", ""5519"", ""6112"", ""6152"", ""6919"", ""6933"", ""8070"", ""9904""]",2026-10-01
群益北高雄,16,8,252.8,18.5,"[""3152"", ""3297"", ""3434"", ""3564"", ""3664"", ""4971"", ""4973"", ""5251"", ""6190"", ""6207"", ""6925"", ""8038"", ""8076""]",2026-10-01
群益南京,64,22,2578.3,384.2,"[""1312"", ""1595"", ""1802"", ""2301"", ""2369"", ""2376"", ""2382"", ""2404"", ""2421"", ""2481"", ""2603"", ""2618"", ""2633"", ""2634"", ""2645"", ""2891"", ""3016"", ""3046"", ""3055"", ""3141"", ""3374"", ""3455"", ""3543"", ""3653"", ""3664"", ""3707"", ""4566"", ""4736"", ""4971"", ""4973"", ""5351"", ""6005"", ""6152"", ""6179"", ""6182"", ""6187"", ""6213"", ""6224"", ""6426"", ""6456"", ""6617"", ""6712"", ""6753"", ""6811"", ""6869"", ""6909"", ""7751"", ""8027"", ""8064""]",2026-10-01
群益古亭,113,48,2879.0,676.7,"[""1513"", ""1608"", ""1810"", ""2103"", ""2330"", ""2340"", ""2359"", ""2413"", ""2436"", ""2449"", ""2455"", ""2467"", ""2493"", ""2496"", ""2615"", ""2637"", ""2645"", ""2816"", ""2855"", ""3008"", ""3021"", ""3049"", ""3055"", ""3081"", ""3167"", ""3260"", ""3296"", ""3356"", ""3443"", ""3529"", ""3533"", ""3577"", ""3653"", ""3661"", ""3679"", ""4169"", ""4556"", ""4566"", ""4736"", ""4931"", ""4956"", ""4973"", ""4989"", ""5351"", ""5475"", ""5608"", ""6112"", ""6147"", ""6187"", ""6231"", ""6244"", ""6278"", ""6279"", ""6442"", ""6505"", ""6510"", ""6588"", ""6640"", ""6683"", ""6691"", ""6715"", ""6739"", ""6770"", ""6811"", ""6861"", ""6924"", ""7717"", ""7730"", ""7751"", ""7788"", ""7799"", ""8021"", ""8033"", ""8046"", ""8054"", ""8103"", ""8227"", ""8374""]",2026-10-01
群益台中,65,27,2361.5,1115.5,"[""1303"", ""1526"", ""1608"", ""1721"", ""2221"", ""2352"", ""2360"", ""2369"", ""2421"", ""2493"", ""2546"", ""3006"", ""3008"", ""3055"", ""3105"", ""3114"", ""3209"", ""3211"", ""3296"", ""3297"", ""3441"", ""3520"", ""3529"", ""3679"", ""3685"", ""3707"", ""4171"", ""4931"", ""4939"", ""4973"", ""4976"", ""5291"", ""5328"", ""6005"", ""6173"", ""6207"", ""6213"", ""6225"", ""6226"", ""6244"", ""6279"", ""6291"", ""6533"", ""6538"", ""6706"", ""6715"", ""7799"", ""7842"", ""8042"", ""8043"", ""8046"", ""8150"", ""9904""]",2026-10-01
群益台北,178,108,27391.6,9297.7,"[""1301"", ""1303"", ""1423"", ""2010"", ""2059"", ""2301"", ""2313"", ""2327"", ""2360"", ""2363"", ""2368"", ""2375"", ""2377"", ""2395"", ""2404"", ""2451"", ""2464"", ""2472"", ""2481"", ""2492"", ""3008"", ""3016"", ""3017"", ""3026"", ""3037"", ""3044"", ""3081"", ""3090"", ""3105"", ""3167"", ""3189"", ""3234"", ""3264"", ""3324"", ""3363"", ""3374"", ""3406"", ""3443"", ""3450"", ""3605"", ""3624"", ""3653"", ""3661"", ""3664"", ""3665"", ""4908"", ""4927"", ""4931"", ""4958"", ""4979"", ""5274"", ""5347"", ""5425"", ""6116"", ""6139"", ""6147"", ""6175"", ""6182"", ""6187"", ""6213"", ""6442"", ""6451"", ""6488"", ""6515"", ""6533"", ""6538"", ""6577"", ""6640"", ""6669"", ""6691"", ""6805"", ""6872"", ""6925"", ""7751"", ""7792"", ""7795"", ""8039"", ""8042"", ""8046"", ""8064"", ""8150"", ""8261"", ""8358"", ""8431"", ""8996""]",2026-10-01
群益台南,38,14,2898.3,1572.7,"[""1519"", ""1526"", ""2059"", ""2103"", ""2344"", ""2408"", ""2455"", ""2468"", ""2816"", ""3046"", ""3147"", ""3260"", ""3467"", ""4939"", ""4976"", ""4979"", ""5498"", ""5608"", ""5706"", ""6173"", ""6182"", ""6187"", ""6861"", ""8043"", ""8046"", ""8069"", ""8996"", ""9914""]",2026-10-01
群益嘉義,58,29,2881.8,914.3,"[""1326"", ""1721"", ""1785"", ""1809"", ""2031"", ""2221"", ""2338"", ""2353"", ""2377"", ""2434"", ""2455"", ""2468"", ""2492"", ""2601"", ""2615"", ""2851"", ""3006"", ""3026"", ""3090"", ""3141"", ""3234"", ""3311"", ""3406"", ""3441"", ""3481"", ""4171"", ""4566"", ""5371"", ""5475"", ""5483"", ""5519"", ""6173"", ""6187"", ""6213"", ""6221"", ""6226"", ""6279"", ""6291"", ""6505"", ""6617"", ""6620"", ""6683"", ""6906"", ""7717"", ""8038"", ""8076"", ""8358""]",2026-10-01
群益土城,77,40,2446.3,1096.5,"[""1446"", ""1709"", ""2025"", ""2031"", ""2392"", ""2406"", ""2481"", ""2492"", ""2496"", ""2520"", ""2542"", ""2855"", ""3055"", ""3090"", ""3105"", ""3163"", ""3219"", ""3234"", ""3441"", ""3490"", ""3498"", ""3532"", ""3564"", ""3605"", ""3679"", ""4939"", ""4989"", ""5299"", ""5314"", ""5351"", ""5371"", ""5450"", ""5522"", ""6173"", ""6179"", ""6182"", ""6213"", ""6279"", ""6488"", ""6590"", ""6669"", ""6715"", ""6739"", ""6885"", ""6907"", ""6933"", ""6949"", ""7751"", ""8027"", ""8050"", ""8084"", ""8110"", ""8182"", ""8227"", ""8996"", ""9945""]",2026-10-01
群益基隆,44,14,1009.6,159.6,"[""2340"", ""2368"", ""2496"", ""2645"", ""2816"", ""3081"", ""3234"", ""3356"", ""3450"", ""3498"", ""3508"", ""3543"", ""3605"", ""4577"", ""4967"", ""4977"", ""5328"", ""6005"", ""6209"", ""6442"", ""6446"", ""6584"", ""6690"", ""6739"", ""7795"", ""8039"", ""8454"", ""9914""]",2026-10-01
群益士林,65,35,10606.1,2848.2,"[""1312"", ""1326"", ""1409"", ""1513"", ""1560"", ""1608"", ""1612"", ""1810"", ""2069"", ""2344"", ""2352"", ""2363"", ""2377"", ""2406"", ""2409"", ""2472"", ""2645"", ""3141"", ""3363"", ""3441"", ""3529"", ""3605"", ""3624"", ""3661"", ""3675"", ""3679"", ""4967"", ""5289"", ""5515"", ""5608"", ""6147"", ""6179"", ""6259"", ""6274"", ""6282"", ""6515"", ""6538"", ""6620"", ""6683"", ""6770"", ""6907"", ""6945"", ""7717"", ""7828"", ""8038"", ""8064""]",2026-10-01
群益大安,251,157,45588.6,21291.4,"[""1301"", ""1569"", ""1608"", ""1612"", ""1717"", ""1727"", ""1810"", ""1815"", ""2301"", ""2302"", ""2305"", ""2312"", ""2313"", ""2324"", ""2327"", ""2330"", ""2337"", ""2340"", ""2344"", ""2368"", ""2375"", ""2377"", ""2379"", ""2382"", ""2395"", ""2408"", ""2409"", ""2413"", ""2425"", ""2426"", ""2434"", ""2454"", ""2455"", ""2464"", ""2465"", ""2472"", ""2478"", ""2484"", ""2489"", ""2492"", ""2493"", ""2546"", ""2851"", ""2882"", ""3017"", ""3026"", ""3037"", ""3042"", ""3094"", ""3105"", ""3162"", ""3189"", ""3211"", ""3231"", ""3234"", ""3324"", ""3374"", ""3406"", ""3441"", ""3443"", ""3450"", ""3467"", ""3481"", ""3532"", ""3564"", ""3605"", ""3624"", ""3653"", ""3691"", ""3693"", ""3707"", ""3708"", ""4541"", ""4770"", ""4908"", ""4927"", ""4931"", ""4971"", ""4979"", ""4991"", ""5292"", ""5309"", ""5347"", ""5425"", ""5475"", ""5483"", ""5484"", ""6139"", ""6147"", ""6173"", ""6182"", ""6207"", ""6213"", ""6226"", ""6271"", ""6290"", ""6442"", ""6451"", ""6456"", ""6533"", ""6538"", ""6617"", ""6669"", ""6672"", ""6683"", ""6691"", ""6693"", ""6706"", ""6715"", ""6727"", ""6770"", ""6906"", ""6925"", ""6933"", ""7717"", ""7792"", ""8021"", ""8039"", ""8046"", ""8050"", ""8054"", ""8096"", ""8111"", ""8150"", ""8227"", ""8261"", ""8358"", ""8374"", ""8996""]",2026-10-01
群益大甲,119,53,6094.0,727.5,"[""1301"", ""1307"", ""1409"", ""1526"", ""1612"", ""1709"", ""2010"", ""2031"", ""2204"", ""2317"", ""2332"", ""2337"", ""2338"", ""2344"", ""2375"", ""2376"", ""2387"", ""2413"", ""2425"", ""2465"", ""2496"", ""2801"", ""2816"", ""2887"", ""3006"", ""3021"", ""3046"", ""3066"", ""3090"", ""3105"", ""3324"", ""3441"", ""3443"", ""3508"", ""3532"", ""3624"", ""3679"", ""3693"", ""3708"", ""3716"", ""4133"", ""4577"", ""4967"", ""4976"", ""5202"", ""5225"", ""5285"", ""5314"", ""5328"", ""5351"", ""5483"", ""5498"", ""5706"", ""6112"", ""6141"", ""6152"", ""6168"", ""6179"", ""6218"", ""6226"", ""6231"", ""6244"", ""6259"", ""6279"", ""6290"", ""6426"", ""6510"", ""6533"", ""6617"", ""6672"", ""6683"", ""6693"", ""6712"", ""6753"", ""6907"", ""6933"", ""7772"", ""7825"", ""8043"", ""8084"", ""8110"", ""9914""]",2026-10-01
群益天母,22,7,368.0,102.2,"[""2010"", ""2031"", ""2049"", ""2342"", ""2363"", ""2464"", ""4927"", ""4931"", ""5475"", ""6207"", ""6218"", ""6416"", ""6690"", ""6733"", ""6909"", ""7714"", ""7751"", ""8937""]",2026-10-01
群益宜蘭,39,11,1035.4,160.5,"[""1526"", ""1721"", ""2031"", ""2351"", ""2395"", ""2449"", ""2464"", ""2615"", ""2883"", ""3018"", ""3019"", ""3046"", ""3234"", ""3339"", ""3388"", ""3413"", ""3680"", ""4931"", ""4973"", ""5291"", ""5386"", ""5443"", ""5522"", ""6168"", ""6245"", ""6510"", ""6706"", ""6872"", ""8043"", ""8103""]",2026-10-01
群益屏東,48,15,3013.2,469.8,"[""1303"", ""1519"", ""1608"", ""2025"", ""2332"", ""2340"", ""2342"", ""2344"", ""2406"", ""2634"", ""3019"", ""3441"", ""3455"", ""3707"", ""3708"", ""4807"", ""4931"", ""5386"", ""5425"", ""5515"", ""6133"", ""6173"", ""6179"", ""6182"", ""6213"", ""6456"", ""6488"", ""6533"", ""6589"", ""6770"", ""7714"", ""8033"", ""8069""]",2026-10-01
群益崇德,52,18,1453.4,529.4,"[""1514"", ""1810"", ""2010"", ""2305"", ""2387"", ""2436"", ""2481"", ""3219"", ""3260"", ""3296"", ""3498"", ""3508"", ""3679"", ""4707"", ""4939"", ""4971"", ""4973"", ""5251"", ""5312"", ""5314"", ""5328"", ""5475"", ""6005"", ""6147"", ""6173"", ""6224"", ""6226"", ""6278"", ""6538"", ""6588"", ""6620"", ""6643"", ""6706"", ""6716"", ""6924"", ""6933"", ""7730"", ""8021"", ""8103"", ""8111"", ""8227"", ""8454""]",2026-10-01
群益市府,54,30,1849.1,642.9,"[""1312"", ""2103"", ""2360"", ""2387"", ""2413"", ""2455"", ""2489"", ""2491"", ""3021"", ""3026"", ""3055"", ""3081"", ""3219"", ""3339"", ""3362"", ""3441"", ""3498"", ""3529"", ""3532"", ""3665"", ""3693"", ""4542"", ""4577"", ""4908"", ""4939"", ""4973"", ""4977"", ""5608"", ""5706"", ""6168"", ""6182"", ""6227"", ""6244"", ""6274"", ""6279"", ""6416"", ""6579"", ""6584"", ""6716"", ""6727"", ""6933"", ""7711"", ""8027"", ""8039"", ""8070"", ""8103"", ""8227""]",2026-10-01
群益延平,42,16,1207.2,539.8,"[""1721"", ""1809"", ""1815"", ""2020"", ""2351"", ""2413"", ""2434"", ""2630"", ""3006"", ""3042"", ""3055"", ""3162"", ""3229"", ""3437"", ""3504"", ""3675"", ""3708"", ""4566"", ""4736"", ""4973"", ""5371"", ""5522"", ""5608"", ""5706"", ""6168"", ""6207"", ""6278"", ""6739"", ""6907"", ""7749"", ""7772"", ""8050"", ""8111""]",2026-10-01
群益建成,39,17,1378.8,345.8,"[""1528"", ""1608"", ""1612"", ""1713"", ""2305"", ""2313"", ""2338"", ""2359"", ""2449"", ""3021"", ""3041"", ""3356"", ""3498"", ""3624"", ""3679"", ""3717"", ""4123"", ""4931"", ""5202"", ""5225"", ""5443"", ""6209"", ""6533"", ""6579"", ""6693"", ""6924"", ""8042"", ""8050"", ""8054"", ""8085"", ""8103"", ""9914""]",2026-10-01
群益彰化,77,34,4262.4,909.0,"[""1303"", ""1326"", ""1569"", ""1605"", ""1721"", ""1815"", ""2010"", ""2049"", ""2070"", ""2103"", ""2338"", ""2351"", ""2359"", ""2363"", ""2368"", ""2376"", ""2387"", ""2406"", ""2421"", ""2426"", ""2468"", ""2484"", ""2491"", ""2739"", ""3141"", ""3229"", ""3356"", ""3679"", ""3715"", ""4566"", ""4939"", ""4973"", ""5274"", ""5314"", ""5351"", ""5443"", ""5706"", ""5904"", ""6005"", ""6152"", ""6206"", ""6282"", ""6456"", ""6530"", ""6620"", ""6739"", ""6742"", ""7714"", ""7769"", ""7792"", ""8027"", ""8038"", ""8043"", ""8064"", ""8096"", ""9914""]",2026-10-01
群益忠孝,106,45,8922.6,1842.2,"[""1303"", ""1718"", ""1727"", ""1795"", ""1815"", ""2221"", ""2303"", ""2305"", ""2344"", ""2351"", ""2360"", ""2368"", ""2375"", ""2387"", ""2408"", ""2454"", ""2468"", ""2478"", ""2481"", ""2493"", ""2723"", ""2816"", ""2883"", ""2887"", ""3006"", ""3105"", ""3141"", ""3162"", ""3167"", ""3229"", ""3324"", ""3357"", ""3406"", ""3441"", ""3443"", ""3450"", ""3455"", ""3653"", ""4707"", ""4770"", ""4908"", ""5314"", ""5328"", ""5371"", ""5706"", ""6023"", ""6173"", ""6179"", ""6187"", ""6218"", ""6226"", ""6274"", ""6426"", ""6442"", ""6683"", ""6693"", ""6727"", ""6805"", ""6834"", ""6863"", ""6933"", ""6945"", ""6969"", ""7711"", ""7769"", ""8033"", ""8043"", ""8069"", ""8085"", ""8103"", ""8261"", ""8996""]",2026-10-01
群益敦南,125,54,8348.6,2662.3,"[""1569"", ""1595"", ""1608"", ""1809"", ""1810"", ""2103"", ""2221"", ""2305"", ""2330"", ""2332"", ""2351"", ""2382"", ""2449"", ""2454"", ""2455"", ""2464"", ""2489"", ""2493"", ""2630"", ""2645"", ""3006"", ""3008"", ""3018"", ""3021"", ""3055"", ""3081"", ""3090"", ""3162"", ""3167"", ""3260"", ""3324"", ""3406"", ""3437"", ""3441"", ""3498"", ""3529"", ""3532"", ""3605"", ""3679"", ""3702"", ""3707"", ""3708"", ""4123"", ""4542"", ""4939"", ""4956"", ""4991"", ""5225"", ""5291"", ""5314"", ""5425"", ""5475"", ""5522"", ""6005"", ""6147"", ""6173"", ""6179"", ""6182"", ""6187"", ""6223"", ""6245"", ""6259"", ""6279"", ""6426"", ""6442"", ""6446"", ""6451"", ""6456"", ""6488"", ""6515"", ""6531"", ""6538"", ""6589"", ""6668"", ""6669"", ""6683"", ""6770"", ""6805"", ""6906"", ""6945"", ""7768"", ""7792"", ""7799"", ""8021"", ""8039"", ""8050"", ""8111"", ""8227"", ""8996"", ""9904""]",2026-10-01
群益新店,57,25,1779.5,259.4,"[""1612"", ""2363"", ""2413"", ""2449"", ""2493"", ""2542"", ""3055"", ""3376"", ""3441"", ""3498"", ""3605"", ""3624"", ""3661"", ""4169"", ""4772"", ""4939"", ""4976"", ""5251"", ""5328"", ""5371"", ""5876"", ""6139"", ""6147"", ""6173"", ""6221"", ""6224"", ""6291"", ""6426"", ""6533"", ""6577"", ""6617"", ""6693"", ""6716"", ""6739"", ""6753"", ""6811"", ""7825"", ""8039"", ""8103"", ""8150"", ""8937"", ""8996""]",2026-10-01
群益新竹,79,23,7159.0,2378.5,"[""1504"", ""1709"", ""1810"", ""2031"", ""2069"", ""2305"", ""2337"", ""2344"", ""2395"", ""2409"", ""2496"", ""2542"", ""2739"", ""2890"", ""3041"", ""3114"", ""3141"", ""3189"", ""3356"", ""3388"", ""3441"", ""3498"", ""3520"", ""3564"", ""3577"", ""3624"", ""4556"", ""4735"", ""4764"", ""4931"", ""4973"", ""5225"", ""5292"", ""5309"", ""5347"", ""5464"", ""5515"", ""5519"", ""6005"", ""6141"", ""6179"", ""6182"", ""6209"", ""6461"", ""6589"", ""6683"", ""6715"", ""6907"", ""6925"", ""7610"", ""7792"", ""8027"", ""8042"", ""8043"", ""8227"", ""8996"", ""9941""]",2026-10-01
群益新莊,82,32,6724.0,1644.8,"[""1301"", ""1514"", ""1519"", ""1526"", ""1608"", ""1721"", ""2059"", ""2254"", ""2327"", ""2409"", ""2421"", ""2465"", ""2481"", ""2492"", ""2618"", ""2883"", ""3008"", ""3017"", ""3026"", ""3066"", ""3324"", ""3362"", ""3376"", ""3455"", ""3520"", ""3675"", ""3679"", ""3680"", ""3685"", ""3708"", ""3717"", ""4169"", ""4566"", ""4772"", ""4931"", ""4971"", ""4973"", ""5225"", ""5309"", ""5314"", ""5328"", ""5450"", ""6005"", ""6026"", ""6173"", ""6227"", ""6416"", ""6515"", ""6533"", ""6588"", ""6693"", ""6885"", ""6945"", ""7751"", ""8042"", ""8076"", ""8240"", ""9945""]",2026-10-01
群益期貨,15,6,1229.0,376.0,"[""3324"", ""3374"", ""3529"", ""5425"", ""6173"", ""6182"", ""6488"", ""6510"", ""6712""]",2026-10-01
群益東大,133,43,9475.8,1223.7,"[""1423"", ""1810"", ""2059"", ""2305"", ""2327"", ""2332"", ""2338"", ""2347"", ""2388"", ""2426"", ""2455"", ""2464"", ""2472"", ""2493"", ""2816"", ""2855"", ""3006"", ""3026"", ""3042"", ""3081"", ""3105"", ""3227"", ""3234"", ""3339"", ""3362"", ""3374"", ""3434"", ""3441"", ""3443"", ""3450"", ""3481"", ""3498"", ""3532"", ""3605"", ""3665"", ""3679"", ""3680"", ""3707"", ""3708"", ""4707"", ""4764"", ""4768"", ""4931"", ""4971"", ""4976"", ""4979"", ""5274"", ""5291"", ""5309"", ""5425"", ""5519"", ""5904"", ""6173"", ""6182"", ""6207"", ""6213"", ""6226"", ""6259"", ""6271"", ""6272"", ""6290"", ""6426"", ""6442"", ""6525"", ""6526"", ""6531"", ""6577"", ""6640"", ""6706"", ""6715"", ""6727"", ""6933"", ""6969"", ""7711"", ""7730"", ""7788"", ""7799"", ""8021"", ""8027"", ""8033"", ""8039"", ""8064"", ""8227""]",2026-10-01
群益東湖,76,32,3246.1,1438.1,"[""1307"", ""1528"", ""1612"", ""2010"", ""2301"", ""2313"", ""2338"", ""2392"", ""2409"", ""2413"", ""2481"", ""2496"", ""2816"", ""3018"", ""3055"", ""3135"", ""3167"", ""3296"", ""3450"", ""3504"", ""3529"", ""3661"", ""3679"", ""3707"", ""3715"", ""4169"", ""4577"", ""4931"", ""4958"", ""4979"", ""5225"", ""5230"", ""5251"", ""5425"", ""5483"", ""6005"", ""6166"", ""6213"", ""6271"", ""6274"", ""6488"", ""6505"", ""6533"", ""6693"", ""6753"", ""6811"", ""6945"", ""8033"", ""8043"", ""8050"", ""8076"", ""8103"", ""8111"", ""8454""]",2026-10-01
群益東門,73,23,4194.5,337.0,"[""1307"", ""1314"", ""1709"", ""2059"", ""2301"", ""2337"", ""2496"", ""2546"", ""2633"", ""3017"", ""3049"", ""3141"", ""3152"", ""3163"", ""3441"", ""3680"", ""3693"", ""4133"", ""4566"", ""4576"", ""4770"", ""4958"", ""4976"", ""5225"", ""5230"", ""5443"", ""5475"", ""6005"", ""6023"", ""6139"", ""6182"", ""6187"", ""6226"", ""6231"", ""6291"", ""6683"", ""6691"", ""6770"", ""6949"", ""7765"", ""8033"", ""8038"", ""8050"", ""8069"", ""8076"", ""8182"", ""9904"", ""9945""]",2026-10-01
群益松山,51,27,5813.5,2090.0,"[""1303"", ""2301"", ""2313"", ""2337"", ""2409"", ""2426"", ""2467"", ""2492"", ""2816"", ""2883"", ""3008"", ""3026"", ""3042"", ""3081"", ""3105"", ""3406"", ""3481"", ""3532"", ""3605"", ""3624"", ""3653"", ""4931"", ""4973"", ""5347"", ""5425"", ""6173"", ""6187"", ""6207"", ""6224"", ""6442"", ""6683"", ""6691"", ""6693"", ""6716"", ""8027"", ""8033"", ""8039"", ""8046"", ""8064"", ""8454"", ""8996""]",2026-10-01
群益板橋,46,18,5169.2,1699.5,"[""1409"", ""1597"", ""1809"", ""2409"", ""2426"", ""2434"", ""3046"", ""3081"", ""3114"", ""3141"", ""3209"", ""3234"", ""3357"", ""3504"", ""3605"", ""3624"", ""3680"", ""4510"", ""4542"", ""4577"", ""4973"", ""5225"", ""5292"", ""5299"", ""5475"", ""5706"", ""6121"", ""6226"", ""6577"", ""6669"", ""6829"", ""6907"", ""7828"", ""7842"", ""8085""]",2026-10-01
群益桃園,55,19,1866.6,270.8,"[""1528"", ""1612"", ""1727"", ""1810"", ""2204"", ""2332"", ""2363"", ""2395"", ""2434"", ""2496"", ""3055"", ""3297"", ""3317"", ""3354"", ""3441"", ""3455"", ""3543"", ""3605"", ""3675"", ""3693"", ""4736"", ""4764"", ""5328"", ""6005"", ""6026"", ""6166"", ""6244"", ""6488"", ""6579"", ""6588"", ""6693"", ""6712"", ""7711"", ""7788"", ""8033"", ""8431"", ""9914""]",2026-10-01
群益民權,72,29,3306.4,515.8,"[""1303"", ""1307"", ""1526"", ""1528"", ""1809"", ""1810"", ""2031"", ""2069"", ""2305"", ""2324"", ""2330"", ""2436"", ""2481"", ""2489"", ""2615"", ""3006"", ""3090"", ""3374"", ""3388"", ""3664"", ""3679"", ""3708"", ""3717"", ""4133"", ""4542"", ""4931"", ""4956"", ""4976"", ""5289"", ""5608"", ""6147"", ""6148"", ""6199"", ""6204"", ""6207"", ""6226"", ""6456"", ""6488"", ""6505"", ""6579"", ""6588"", ""6693"", ""6933"", ""7792"", ""8027"", ""8038"", ""8054"", ""8069"", ""8076"", ""8150"", ""9914""]",2026-10-01
群益永和,155,80,8274.0,4465.2,"[""1303"", ""1307"", ""1528"", ""1569"", ""1709"", ""1809"", ""1810"", ""2010"", ""2221"", ""2301"", ""2312"", ""2313"", ""2317"", ""2338"", ""2344"", ""2351"", ""2377"", ""2438"", ""2455"", ""2465"", ""2481"", ""2496"", ""2546"", ""2882"", ""2915"", ""3021"", ""3026"", ""3042"", ""3055"", ""3081"", ""3090"", ""3141"", ""3167"", ""3260"", ""3296"", ""3356"", ""3441"", ""3450"", ""3481"", ""3498"", ""3532"", ""3543"", ""3661"", ""3693"", ""3707"", ""3716"", ""4556"", ""4577"", ""4707"", ""4735"", ""4770"", ""4924"", ""4931"", ""4971"", ""4979"", ""4991"", ""5202"", ""5289"", ""5312"", ""5314"", ""5434"", ""5443"", ""5475"", ""5484"", ""6141"", ""6173"", ""6175"", ""6207"", ""6217"", ""6218"", ""6221"", ""6226"", ""6259"", ""6272"", ""6525"", ""6531"", ""6588"", ""6617"", ""6672"", ""6716"", ""6872"", ""6907"", ""6933"", ""7610"", ""7714"", ""7751"", ""7842"", ""8021"", ""8033"", ""8039"", ""8043"", ""8050"", ""8085"", ""8096"", ""8150"", ""8227""]",2026-10-01
群益海山,100,44,5873.3,1744.4,"[""1307"", ""1312"", ""1504"", ""1526"", ""1605"", ""1608"", ""1612"", ""1815"", ""2010"", ""2033"", ""2103"", ""2305"", ""2327"", ""2337"", ""2344"", ""2357"", ""2387"", ""2454"", ""2468"", ""2481"", ""2546"", ""2615"", ""2633"", ""2884"", ""2885"", ""3006"", ""3008"", ""3031"", ""3037"", ""3041"", ""3081"", ""3211"", ""3297"", ""3324"", ""3339"", ""3356"", ""3362"", ""3374"", ""3434"", ""3450"", ""3543"", ""3624"", ""3679"", ""3685"", ""4541"", ""4551"", ""4566"", ""4707"", ""5202"", ""5314"", ""5386"", ""5706"", ""5904"", ""6005"", ""6026"", ""6147"", ""6148"", ""6166"", ""6213"", ""6221"", ""6538"", ""6584"", ""6672"", ""6693"", ""6907"", ""6945"", ""7722"", ""7751"", ""8043"", ""8050"", ""8076"", ""8182"", ""8261"", ""8454"", ""9904""]",2026-10-01
群益潭子,43,15,1854.2,495.3,"[""1718"", ""1810"", ""2061"", ""2434"", ""2481"", ""2489"", ""2633"", ""2887"", ""3021"", ""3090"", ""3388"", ""3450"", ""3520"", ""3532"", ""3564"", ""3624"", ""4133"", ""4171"", ""4707"", ""4736"", ""4973"", ""4976"", ""5292"", ""5314"", ""5371"", ""5443"", ""5483"", ""6182"", ""6442"", ""6742"", ""6933"", ""8042"", ""8150""]",2026-10-01
群益瑞豐,75,27,3011.8,618.5,"[""1513"", ""1519"", ""1526"", ""1528"", ""1608"", ""1810"", ""2340"", ""2344"", ""2351"", ""2368"", ""2392"", ""2395"", ""2421"", ""2425"", ""2489"", ""2492"", ""2493"", ""2496"", ""2634"", ""3018"", ""3021"", ""3042"", ""3529"", ""3532"", ""3669"", ""3679"", ""3707"", ""4556"", ""4949"", ""4973"", ""5475"", ""5515"", ""5519"", ""5706"", ""6026"", ""6175"", ""6213"", ""6226"", ""6272"", ""6290"", ""6488"", ""6525"", ""6547"", ""6588"", ""6589"", ""6590"", ""6829"", ""6933"", ""7795"", ""8070"", ""8076"", ""8111"", ""8182"", ""8227"", ""8431""]",2026-10-01
群益竹南,55,23,11916.9,1843.6,"[""1218"", ""1301"", ""1326"", ""1409"", ""2030"", ""2049"", ""2221"", ""2357"", ""2409"", ""2434"", ""2465"", ""2478"", ""2489"", ""2855"", ""2915"", ""3090"", ""3234"", ""3434"", ""3441"", ""3481"", ""3504"", ""3520"", ""3543"", ""3679"", ""4416"", ""4976"", ""5285"", ""6147"", ""6166"", ""6168"", ""6188"", ""6213"", ""6218"", ""6693"", ""6907"", ""7722"", ""8043"", ""8358"", ""8937"", ""9945""]",2026-10-01
群益萬華,51,13,6624.4,310.8,"[""1528"", ""1608"", ""1721"", ""2305"", ""2342"", ""2413"", ""2465"", ""2915"", ""3018"", ""3090"", ""3296"", ""3311"", ""3709"", ""3715"", ""4556"", ""4903"", ""5314"", ""5386"", ""6112"", ""6166"", ""6173"", ""6213"", ""6226"", ""6274"", ""6588"", ""6669"", ""6716"", ""6733"", ""6907"", ""6933"", ""8043"", ""8454"", ""9945""]",2026-10-01
群益西松,89,38,8398.0,644.4,"[""1569"", ""1721"", ""1727"", ""2059"", ""2303"", ""2337"", ""2344"", ""2357"", ""2382"", ""2409"", ""2468"", ""2472"", ""2478"", ""2481"", ""2493"", ""2603"", ""2923"", ""3016"", ""3018"", ""3081"", ""3234"", ""3264"", ""3324"", ""3481"", ""3679"", ""3693"", ""4556"", ""4931"", ""4939"", ""4958"", ""4971"", ""4976"", ""4991"", ""5285"", ""5386"", ""5443"", ""5483"", ""6187"", ""6188"", ""6209"", ""6213"", ""6214"", ""6227"", ""6259"", ""6274"", ""6416"", ""6488"", ""6515"", ""6533"", ""6643"", ""6683"", ""6691"", ""6715"", ""6770"", ""6861"", ""6869"", ""6933"", ""7714"", ""7788"", ""7792"", ""7825"", ""8021"", ""8039"", ""8046"", ""8076"", ""8110"", ""8261""]",2026-10-01
群益開元,84,34,3319.7,1064.2,"[""1409"", ""1503"", ""1513"", ""1608"", ""1718"", ""1815"", ""2027"", ""2301"", ""2312"", ""2340"", ""2357"", ""2387"", ""2421"", ""2436"", ""2454"", ""2489"", ""2546"", ""2855"", ""3209"", ""3356"", ""3437"", ""3441"", ""3498"", ""3693"", ""3717"", ""4566"", ""4576"", ""4735"", ""4973"", ""5291"", ""5386"", ""5443"", ""5450"", ""5483"", ""5498"", ""5608"", ""6005"", ""6023"", ""6152"", ""6187"", ""6190"", ""6209"", ""6291"", ""6426"", ""6442"", ""6488"", ""6533"", ""6617"", ""6640"", ""6668"", ""6727"", ""6861"", ""6907"", ""7730"", ""7788"", ""8028"", ""8038"", ""8050"", ""8064"", ""8085"", ""8937""]",2026-10-01
群益館前,239,117,28245.2,15142.9,"[""1307"", ""1312"", ""1423"", ""1569"", ""1605"", ""1815"", ""2020"", ""2031"", ""2221"", ""2254"", ""2301"", ""2305"", ""2313"", ""2327"", ""2337"", ""2338"", ""2344"", ""2351"", ""2352"", ""2375"", ""2409"", ""2425"", ""2426"", ""2434"", ""2449"", ""2455"", ""2464"", ""2478"", ""2481"", ""2489"", ""2492"", ""2882"", ""2884"", ""2886"", ""3006"", ""3018"", ""3026"", ""3090"", ""3094"", ""3141"", ""3167"", ""3234"", ""3264"", ""3296"", ""3297"", ""3441"", ""3443"", ""3450"", ""3532"", ""3605"", ""3624"", ""3675"", ""3711"", ""3716"", ""4169"", ""4542"", ""4556"", ""4707"", ""4908"", ""4939"", ""4956"", ""4958"", ""4971"", ""4979"", ""4989"", ""4991"", ""5225"", ""5251"", ""5314"", ""5328"", ""5347"", ""5386"", ""5475"", ""5483"", ""5498"", ""6116"", ""6141"", ""6168"", ""6173"", ""6179"", ""6182"", ""6207"", ""6213"", ""6217"", ""6218"", ""6226"", ""6259"", ""6278"", ""6282"", ""6442"", ""6488"", ""6533"", ""6538"", ""6640"", ""6691"", ""6706"", ""6770"", ""6830"", ""6869"", ""6924"", ""6933"", ""6969"", ""7711"", ""7730"", ""7795"", ""7799"", ""8021"", ""8039"", ""8043"", ""8046"", ""8110"", ""8111"", ""8227"", ""8261"", ""8358"", ""8431"", ""8996""]",2026-10-01
群益高盛,48,13,2015.4,165.5,"[""1301"", ""1326"", ""1423"", ""1785"", ""2070"", ""2409"", ""2454"", ""2468"", ""2489"", ""2816"", ""3019"", ""3147"", ""3219"", ""3229"", ""3296"", ""3437"", ""3508"", ""3564"", ""3577"", ""3679"", ""3708"", ""3717"", ""4956"", ""5289"", ""5314"", ""5351"", ""5519"", ""5608"", ""5706"", ""6005"", ""6204"", ""6409"", ""6442"", ""6712"", ""6739"", ""8096"", ""8111"", ""8227"", ""9945""]",2026-10-01
群益高雄,64,27,3365.6,349.3,"[""1569"", ""1810"", ""2030"", ""2069"", ""2332"", ""2360"", ""2434"", ""2468"", ""2491"", ""2883"", ""2915"", ""3042"", ""3141"", ""3229"", ""3577"", ""3669"", ""4541"", ""4735"", ""4924"", ""4927"", ""4931"", ""4971"", ""4979"", ""5328"", ""5464"", ""5519"", ""6005"", ""6148"", ""6187"", ""6217"", ""6218"", ""6226"", ""6231"", ""6515"", ""6525"", ""6588"", ""6620"", ""6715"", ""6861"", ""6949"", ""7711"", ""7722"", ""7792"", ""8070"", ""8103"", ""8182""]",2026-10-01
群益鳳山,64,31,1700.5,645.9,"[""1526"", ""1591"", ""1727"", ""1810"", ""2070"", ""2103"", ""2305"", ""2312"", ""2342"", ""2351"", ""2421"", ""2436"", ""2468"", ""2483"", ""2634"", ""2891"", ""3048"", ""3049"", ""3141"", ""3162"", ""3227"", ""3354"", ""3441"", ""3624"", ""3665"", ""3693"", ""4133"", ""4736"", ""4772"", ""4931"", ""4956"", ""4973"", ""4977"", ""5274"", ""5291"", ""5328"", ""5706"", ""6179"", ""6187"", ""6218"", ""6231"", ""6716"", ""6869"", ""6933"", ""7717"", ""7730"", ""7751"", ""7772"", ""7788"", ""7792"", ""8043"", ""8070"", ""8076"", ""8110"", ""8261""]",2026-10-01
聯邦,55,26,5160.5,740.4,"[""1303"", ""1608"", ""1718"", ""2103"", ""2351"", ""2360"", ""2368"", ""2404"", ""2406"", ""2426"", ""2449"", ""2481"", ""2546"", ""3006"", ""3036"", ""3189"", ""3406"", ""3450"", ""3532"", ""3605"", ""3653"", ""3702"", ""3714"", ""4566"", ""4764"", ""4958"", ""4977"", ""5515"", ""6139"", ""6278"", ""6589"", ""8028"", ""8046"", ""8112"", ""8454"", ""9904""]",2026-10-01
聯邦三重,15,5,586.2,133.8,"[""1303"", ""1514"", ""2449"", ""2454"", ""2481"", ""2634"", ""3048"", ""3229"", ""3356"", ""4133"", ""4764"", ""5515"", ""6166"", ""6668"", ""6919""]",2026-10-01
聯邦台南,8,4,1063.3,84.0,"[""1303"", ""2059"", ""2884"", ""2887"", ""3041"", ""3481"", ""3661"", ""4967""]",2026-10-01
聯邦嘉義,6,2,335.0,11.0,"[""2010"", ""2301"", ""5292""]",2026-10-01
聯邦大業,27,9,2964.2,1225.4,"[""1303"", ""1326"", ""1713"", ""2305"", ""2359"", ""2723"", ""3006"", ""3049"", ""3406"", ""3450"", ""3481"", ""4566"", ""5484"", ""5519"", ""6116"", ""6209"", ""6226"", ""6533"", ""6770"", ""7730"", ""9914""]",2026-10-01
聯邦忠孝,7,3,2472.8,117.2,"[""2337"", ""2344"", ""2409"", ""2455"", ""2484"", ""3406"", ""6426""]",2026-10-01
聯邦興中,17,7,1166.8,250.5,"[""1303"", ""1314"", ""1526"", ""2351"", ""2425"", ""2436"", ""2601"", ""3006"", ""3008"", ""3231"", ""3443"", ""3532"", ""3605"", ""6442"", ""6706""]",2026-10-01
聯邦證券,15,4,612.4,8.0,"[""1815"", ""3141"", ""3162"", ""3264"", ""3529"", ""4416"", ""4577"", ""4971"", ""4979"", ""5425"", ""6488"", ""7772""]",2026-10-01
聯邦證券三重,5,2,128.0,25.0,"[""5202"", ""5289"", ""6207"", ""8076""]",2026-10-01
聯邦證券台南,10,2,312.1,38.0,"[""2070"", ""3141"", ""3211"", ""6148"", ""6199"", ""6231"", ""7714""]",2026-10-01
聯邦證券嘉義,4,1,153.0,3.3,"[""6182"", ""6620""]",2026-10-01
聯邦證券大業,15,3,460.3,60.2,"[""3357"", ""3594"", ""4973"", ""5314"", ""5450"", ""5464"", ""5483"", ""6148"", ""6207"", ""6218"", ""6279"", ""7772""]",2026-10-01
聯邦證券忠孝,14,7,1098.5,60.9,"[""3441"", ""3498"", ""4971"", ""5328"", ""5371"", ""6026"", ""6207"", ""7828"", ""8042"", ""8076""]",2026-10-01
聯邦證券興中,8,4,562.7,127.9,"[""3081"", ""3234"", ""3374"", ""4939"", ""5274"", ""5371"", ""6179"", ""8227""]",2026-10-01
聯邦證券雙和,10,3,144.1,3.7,"[""3529"", ""3624"", ""3693"", ""4171"", ""4416"", ""6173"", ""8076""]",2026-10-01
聯邦證券高雄,8,3,305.5,178.3,"[""2221"", ""5314"", ""7717"", ""8064"", ""8227"", ""8358""]",2026-10-01
聯邦雙和,11,3,503.1,21.0,"[""1504"", ""1519"", ""1608"", ""5484"", ""6152"", ""6969"", ""7765"", ""9945""]",2026-10-01
聯邦高雄,16,7,1353.5,198.2,"[""1709"", ""2305"", ""2464"", ""2465"", ""2483"", ""2492"", ""2493"", ""3041"", ""3167"", ""9904""]",2026-10-01
致和,42,15,1925.7,425.1,"[""1312"", ""2049"", ""2382"", ""2426"", ""2816"", ""2883"", ""3016"", ""3041"", ""3219"", ""3264"", ""3297"", ""4416"", ""4707"", ""4908"", ""4956"", ""5519"", ""6026"", ""6204"", ""6226"", ""6244"", ""6442"", ""6620"", ""6643"", ""6945"", ""8033""]",2026-10-01
致和佳里,21,4,493.1,150.0,"[""1560"", ""2010"", ""2031"", ""2363"", ""2426"", ""2464"", ""3019"", ""3037"", ""3055"", ""3356"", ""4973"", ""5225"", ""6166"", ""6620"", ""8150""]",2026-10-01
致和南京,7,1,103.1,4.0,"[""2467"", ""2492"", ""4764"", ""6693"", ""8076""]",2026-10-01
致和台北,18,4,725.0,221.0,"[""2031"", ""2347"", ""2404"", ""3026"", ""3356"", ""3434"", ""3450"", ""3653"", ""4973"", ""4979"", ""6213"", ""6683""]",2026-10-01
致和小北,6,2,295.0,17.0,"[""1528"", ""3504"", ""5202"", ""6547"", ""6830""]",2026-10-01
致和崇德,52,24,3274.2,367.9,"[""1526"", ""1608"", ""2254"", ""2338"", ""2344"", ""2409"", ""2425"", ""2449"", ""2546"", ""2634"", ""3019"", ""3021"", ""3094"", ""3356"", ""3413"", ""3498"", ""3691"", ""4577"", ""4931"", ""4939"", ""4967"", ""4973"", ""4976"", ""5314"", ""5351"", ""5434"", ""6207"", ""6226"", ""6272"", ""6620"", ""6668"", ""6861"", ""6869"", ""7768"", ""8027"", ""8028"", ""8043"", ""8110"", ""8111""]",2026-10-01
致和府前,9,2,618.0,21.7,"[""2020"", ""2025"", ""2399"", ""4931"", ""5309"", ""6218"", ""6272"", ""7788""]",2026-10-01
致和東門,11,2,387.2,8.0,"[""1713"", ""2615"", ""3376"", ""6271"", ""6446"", ""6588"", ""6620"", ""6919"", ""8033""]",2026-10-01
致和金華,20,6,1374.7,519.3,"[""1339"", ""2069"", ""2347"", ""2392"", ""2468"", ""2633"", ""2882"", ""2883"", ""2891"", ""3006"", ""3356"", ""3481"", ""5202"", ""5522"", ""6244"", ""6589"", ""8043""]",2026-10-01
致和高雄,19,3,535.0,5.0,"[""1409"", ""1608"", ""2010"", ""2413"", ""2542"", ""2890"", ""4924"", ""5443"", ""6279"", ""6525"", ""6668"", ""6689"", ""6733"", ""8076""]",2026-10-01
臺企銀埔墘,9,3,79.9,20.0,"[""3529"", ""4768"", ""4973"", ""5289"", ""6925"", ""6945""]",2026-10-01
臺銀,107,43,12556.8,1545.6,"[""1303"", ""1307"", ""1326"", ""1423"", ""1503"", ""1608"", ""1713"", ""1718"", ""2010"", ""2030"", ""2069"", ""2308"", ""2312"", ""2324"", ""2327"", ""2330"", ""2360"", ""2379"", ""2387"", ""2408"", ""2421"", ""2449"", ""2546"", ""2606"", ""2618"", ""2645"", ""2739"", ""2816"", ""2855"", ""2880"", ""2890"", ""2891"", ""3008"", ""3017"", ""3021"", ""3026"", ""3037"", ""3041"", ""3044"", ""3046"", ""3231"", ""3311"", ""3356"", ""3481"", ""3533"", ""3715"", ""4927"", ""4958"", ""4989"", ""5515"", ""5519"", ""5706"", ""6112"", ""6139"", ""6152"", ""6166"", ""6168"", ""6226"", ""6515"", ""6579"", ""6668"", ""6669"", ""6715"", ""6869"", ""7765"", ""7788"", ""8039"", ""8046"", ""8070"", ""8150"", ""8454"", ""8996"", ""9914"", ""9945""]",2026-10-01
臺銀新竹,39,8,583.2,75.0,"[""1307"", ""1423"", ""1608"", ""2025"", ""2434"", ""2467"", ""2468"", ""2816"", ""3055"", ""3066"", ""3219"", ""3234"", ""3297"", ""3354"", ""3504"", ""3679"", ""4551"", ""5291"", ""5519"", ""5706"", ""6005"", ""6026"", ""6221"", ""6226"", ""6510"", ""6620"", ""6706"", ""6716"", ""6811"", ""6861"", ""6902"", ""7772"", ""8937""]",2026-10-01
臺銀民權,80,26,2738.2,582.8,"[""1526"", ""1569"", ""1608"", ""1718"", ""2103"", ""2332"", ""2347"", ""2387"", ""2434"", ""2467"", ""2491"", ""2492"", ""2496"", ""2630"", ""2634"", ""2816"", ""2887"", ""2915"", ""3044"", ""3046"", ""3162"", ""3388"", ""3441"", ""3708"", ""3715"", ""4416"", ""4566"", ""4976"", ""5225"", ""5312"", ""5515"", ""5519"", ""5706"", ""5871"", ""5876"", ""6279"", ""6451"", ""6461"", ""6505"", ""6577"", ""6617"", ""6620"", ""6829"", ""6933"", ""8038"", ""8046"", ""8076"", ""8093"", ""8182""]",2026-10-01
臺銀臺中,122,51,3633.0,551.3,"[""1312"", ""1314"", ""1326"", ""1339"", ""1608"", ""1713"", ""1721"", ""2010"", ""2031"", ""2221"", ""2332"", ""2351"", ""2387"", ""2392"", ""2421"", ""2449"", ""2455"", ""2467"", ""2481"", ""2493"", ""2496"", ""2542"", ""2546"", ""2634"", ""2645"", ""2723"", ""2816"", ""3016"", ""3021"", ""3041"", ""3055"", ""3231"", ""3234"", ""3297"", ""3467"", ""3669"", ""3675"", ""3708"", ""3709"", ""4133"", ""4171"", ""4416"", ""4736"", ""4903"", ""4931"", ""4939"", ""4973"", ""4976"", ""4977"", ""5202"", ""5314"", ""5371"", ""5425"", ""5434"", ""5498"", ""5519"", ""5522"", ""5608"", ""5706"", ""6133"", ""6173"", ""6179"", ""6187"", ""6207"", ""6227"", ""6231"", ""6244"", ""6291"", ""6456"", ""6515"", ""6525"", ""6533"", ""6589"", ""6590"", ""6620"", ""6683"", ""6829"", ""6834"", ""6906"", ""6924"", ""6945"", ""7722"", ""7765"", ""7825"", ""8043"", ""8046"", ""8050"", ""8110"", ""8261"", ""9914""]",2026-10-01
臺銀臺南,82,30,1704.3,446.4,"[""2025"", ""2305"", ""2357"", ""2382"", ""2395"", ""2425"", ""2464"", ""2739"", ""3006"", ""3021"", ""3147"", ""3229"", ""3260"", ""3297"", ""3311"", ""3374"", ""3406"", ""3693"", ""3716"", ""4551"", ""4735"", ""4939"", ""4949"", ""4956"", ""4967"", ""4973"", ""5225"", ""5299"", ""5519"", ""5522"", ""6209"", ""6221"", ""6227"", ""6426"", ""6538"", ""6584"", ""6588"", ""6589"", ""6691"", ""6693"", ""6712"", ""6716"", ""6782"", ""6811"", ""6869"", ""6945"", ""7717"", ""7722"", ""7792"", ""7799"", ""7825"", ""8050"", ""8064"", ""8076"", ""8084"", ""8110"", ""8358""]",2026-10-01
臺銀證券,71,33,2525.3,316.5,"[""3081"", ""3147"", ""3374"", ""3388"", ""3441"", ""3529"", ""3624"", ""3707"", ""4171"", ""4416"", ""4556"", ""4931"", ""4939"", ""4973"", ""4979"", ""5202"", ""5274"", ""5312"", ""5347"", ""5351"", ""5450"", ""5475"", ""5498"", ""6026"", ""6223"", ""6245"", ""6510"", ""6517"", ""6577"", ""6588"", ""6590"", ""6690"", ""6811"", ""6907"", ""6925"", ""6945"", ""7714"", ""8043"", ""8050"", ""8064"", ""8076"", ""8085"", ""8096""]",2026-10-01
臺銀金山,60,23,1526.9,168.7,"[""1526"", ""1608"", ""1612"", ""1810"", ""2305"", ""2312"", ""2338"", ""2404"", ""2426"", ""2496"", ""2548"", ""2630"", ""2915"", ""3041"", ""3141"", ""3296"", ""3354"", ""3374"", ""3529"", ""3543"", ""3624"", ""3679"", ""3716"", ""3717"", ""4169"", ""4541"", ""4566"", ""4770"", ""4939"", ""4967"", ""5202"", ""5484"", ""5515"", ""5522"", ""6121"", ""6227"", ""6416"", ""6426"", ""6446"", ""6515"", ""6620"", ""6693"", ""6716"", ""6753"", ""7765"", ""7772"", ""7792"", ""8937"", ""9914"", ""9933""]",2026-10-01
臺銀高雄,176,72,8819.6,1333.6,"[""1108"", ""1218"", ""1312"", ""1423"", ""1503"", ""1513"", ""1514"", ""1526"", ""1528"", ""1718"", ""2010"", ""2025"", ""2030"", ""2031"", ""2069"", ""2070"", ""2103"", ""2221"", ""2241"", ""2338"", ""2342"", ""2353"", ""2363"", ""2387"", ""2392"", ""2496"", ""2546"", ""2606"", ""2633"", ""2883"", ""3006"", ""3017"", ""3019"", ""3044"", ""3049"", ""3090"", ""3114"", ""3141"", ""3147"", ""3162"", ""3297"", ""3356"", ""3388"", ""3406"", ""3564"", ""3679"", ""3680"", ""3707"", ""3708"", ""3717"", ""4735"", ""4908"", ""4927"", ""4956"", ""4967"", ""4989"", ""5225"", ""5285"", ""5291"", ""5299"", ""5314"", ""5328"", ""5340"", ""5371"", ""5386"", ""5425"", ""5443"", ""5464"", ""5483"", ""5515"", ""5519"", ""5608"", ""5706"", ""6005"", ""6112"", ""6148"", ""6152"", ""6182"", ""6187"", ""6209"", ""6213"", ""6221"", ""6224"", ""6226"", ""6245"", ""6259"", ""6272"", ""6279"", ""6426"", ""6446"", ""6510"", ""6533"", ""6577"", ""6584"", ""6588"", ""6589"", ""6672"", ""6691"", ""6739"", ""6811"", ""6829"", ""6834"", ""6919"", ""7751"", ""7765"", ""7842"", ""8038"", ""8039"", ""8069"", ""8085"", ""8454""]",2026-10-01
花旗環球,1126,424,446907.0,65248.9,"[""1108"", ""1218"", ""1301"", ""1303"", ""1307"", ""1312"", ""1326"", ""1423"", ""1446"", ""1504"", ""1526"", ""1528"", ""1560"", ""1605"", ""1608"", ""1612"", ""1709"", ""1717"", ""1718"", ""1785"", ""1795"", ""1802"", ""1809"", ""1810"", ""1815"", ""2006"", ""2010"", ""2020"", ""2027"", ""2030"", ""2031"", ""2033"", ""2049"", ""2059"", ""2103"", ""2204"", ""2301"", ""2303"", ""2308"", ""2313"", ""2317"", ""2324"", ""2327"", ""2330"", ""2332"", ""2337"", ""2338"", ""2340"", ""2344"", ""2347"", ""2351"", ""2352"", ""2353"", ""2357"", ""2360"", ""2363"", ""2368"", ""2369"", ""2376"", ""2377"", ""2379"", ""2382"", ""2387"", ""2388"", ""2392"", ""2395"", ""2404"", ""2408"", ""2409"", ""2413"", ""2421"", ""2426"", ""2436"", ""2449"", ""2454"", ""2455"", ""2464"", ""2467"", ""2472"", ""2481"", ""2486"", ""2489"", ""2492"", ""2493"", ""2542"", ""2546"", ""2548"", ""2601"", ""2603"", ""2610"", ""2615"", ""2618"", ""2630"", ""2633"", ""2634"", ""2637"", ""2816"", ""2855"", ""2882"", ""2883"", ""2884"", ""2887"", ""2890"", ""2891"", ""2915"", ""2923"", ""3006"", ""3008"", ""3016"", ""3017"", ""3021"", ""3026"", ""3037"", ""3042"", ""3044"", ""3046"", ""3055"", ""3081"", ""3090"", ""3105"", ""3152"", ""3167"", ""3189"", ""3211"", ""3231"", ""3260"", ""3264"", ""3293"", ""3324"", ""3356"", ""3362"", ""3363"", ""3374"", ""3376"", ""3406"", ""3413"", ""3443"", ""3450"", ""3481"", ""3498"", ""3529"", ""3532"", ""3533"", ""3605"", ""3624"", ""3653"", ""3661"", ""3665"", ""3669"", ""3679"", ""3680"", ""3702"", ""3707"", ""3708"", ""3711"", ""3715"", ""3716"", ""4123"", ""4133"", ""4169"", ""4551"", ""4566"", ""4736"", ""4764"", ""4768"", ""4931"", ""4939"", ""4958"", ""4967"", ""4979"", ""4989"", ""5225"", ""5274"", ""5285"", ""5289"", ""5291"", ""5292"", ""5299"", ""5347"", ""5371"", ""5434"", ""5443"", ""5475"", ""5483"", ""5515"", ""5519"", ""5522"", ""5608"", ""5706"", ""5876"", ""6005"", ""6121"", ""6147"", ""6166"", ""6168"", ""6173"", ""6182"", ""6187"", ""6213"", ""6217"", ""6223"", ""6269"", ""6271"", ""6274"", ""6278"", ""6279"", ""6282"", ""6290"", ""6409"", ""6426"", ""6442"", ""6446"", ""6451"", ""6456"", ""6488"", ""6505"", ""6510"", ""6515"", ""6526"", ""6531"", ""6533"", ""6548"", ""6579"", ""6584"", ""6589"", ""6620"", ""6668"", ""6669"", ""6683"", ""6693"", ""6706"", ""6715"", ""6716"", ""6770"", ""6805"", ""6830"", ""6869"", ""6919"", ""6969"", ""7610"", ""7711"", ""7722"", ""7730"", ""7769"", ""7788"", ""8021"", ""8027"", ""8028"", ""8033"", ""8039"", ""8042"", ""8046"", ""8050"", ""8064"", ""8069"", ""8070"", ""8096"", ""8110"", ""8111"", ""8112"", ""8150"", ""8261"", ""8358"", ""8454"", ""8996"", ""9904"", ""9914"", ""9921"", ""9945""]",2026-10-01
華南三重,17,5,602.8,89.0,"[""1612"", ""1721"", ""2010"", ""2020"", ""2332"", ""2413"", ""2633"", ""2645"", ""3018"", ""3041"", ""3661"", ""6525"", ""6672"", ""6689"", ""8103"", ""8110""]",2026-10-01
華南世貿,39,18,11620.9,1797.2,"[""1303"", ""1312"", ""1504"", ""2059"", ""2330"", ""2344"", ""2351"", ""2353"", ""2408"", ""2409"", ""2421"", ""2436"", ""2610"", ""2618"", ""2883"", ""2890"", ""3037"", ""3189"", ""3481"", ""3653"", ""4736"", ""5225"", ""6443"", ""6691"", ""6706"", ""6770"", ""6861"", ""6869"", ""8046""]",2026-10-01
華南中正,92,46,10764.2,1762.3,"[""1301"", ""1303"", ""1326"", ""1612"", ""1709"", ""1727"", ""1802"", ""1810"", ""2020"", ""2031"", ""2103"", ""2303"", ""2324"", ""2330"", ""2338"", ""2357"", ""2377"", ""2382"", ""2404"", ""2408"", ""2409"", ""2421"", ""2438"", ""2454"", ""2455"", ""2464"", ""2478"", ""2481"", ""2492"", ""2493"", ""2615"", ""2883"", ""2891"", ""3008"", ""3016"", ""3026"", ""3037"", ""3041"", ""3046"", ""3090"", ""3189"", ""3376"", ""3443"", ""3481"", ""3504"", ""3532"", ""3665"", ""3715"", ""4764"", ""4927"", ""4958"", ""5225"", ""5285"", ""5434"", ""5519"", ""5876"", ""6213"", ""6226"", ""6456"", ""6533"", ""6589"", ""6669"", ""6689"", ""6770"", ""6805"", ""6933"", ""7769"", ""7795"", ""8454"", ""8996""]",2026-10-01
華南內壢,27,10,1074.9,272.4,"[""1528"", ""2338"", ""2351"", ""2413"", ""2464"", ""2467"", ""2493"", ""2496"", ""2801"", ""3046"", ""3167"", ""3481"", ""3679"", ""4566"", ""4967"", ""5285"", ""5608"", ""6446"", ""6706"", ""7769"", ""7799"", ""8021"", ""8033""]",2026-10-01
華南南京,167,77,19701.7,3380.6,"[""1303"", ""1446"", ""1528"", ""1608"", ""1717"", ""1809"", ""1810"", ""2025"", ""2103"", ""2301"", ""2305"", ""2313"", ""2324"", ""2327"", ""2368"", ""2369"", ""2392"", ""2395"", ""2406"", ""2408"", ""2421"", ""2426"", ""2455"", ""2464"", ""2465"", ""2468"", ""2481"", ""2483"", ""2492"", ""2546"", ""2816"", ""2887"", ""3006"", ""3008"", ""3017"", ""3021"", ""3026"", ""3041"", ""3042"", ""3055"", ""3090"", ""3094"", ""3167"", ""3229"", ""3231"", ""3356"", ""3406"", ""3443"", ""3450"", ""3481"", ""3605"", ""3653"", ""3665"", ""4169"", ""4566"", ""4764"", ""4927"", ""5285"", ""5515"", ""6152"", ""6213"", ""6226"", ""6278"", ""6426"", ""6451"", ""6533"", ""6672"", ""6689"", ""6691"", ""6753"", ""6805"", ""6834"", ""6869"", ""6885"", ""6969"", ""7765"", ""7795"", ""8021"", ""8028"", ""8033"", ""8039"", ""8103"", ""8110"", ""8112"", ""8150"", ""8261"", ""8996"", ""9904""]",2026-10-01
華南古亭,66,26,4999.5,1242.2,"[""1560"", ""2010"", ""2031"", ""2049"", ""2204"", ""2241"", ""2330"", ""2351"", ""2409"", ""2425"", ""2426"", ""2454"", ""2455"", ""2464"", ""2478"", ""2481"", ""2489"", ""2493"", ""2618"", ""2645"", ""3008"", ""3017"", ""3055"", ""3167"", ""3189"", ""3406"", ""3450"", ""3532"", ""4764"", ""4976"", ""4989"", ""6213"", ""6451"", ""6533"", ""8021"", ""8039"", ""8046"", ""8261"", ""8454"", ""8996""]",2026-10-01
華南台中,91,39,3708.0,826.5,"[""1446"", ""1503"", ""1504"", ""1519"", ""1528"", ""1608"", ""2030"", ""2059"", ""2241"", ""2305"", ""2308"", ""2312"", ""2327"", ""2332"", ""2342"", ""2351"", ""2363"", ""2454"", ""2455"", ""2464"", ""2489"", ""2493"", ""2610"", ""2633"", ""2816"", ""3016"", ""3018"", ""3021"", ""3037"", ""3042"", ""3167"", ""3209"", ""3356"", ""3413"", ""3533"", ""3605"", ""3708"", ""4736"", ""4927"", ""4956"", ""4967"", ""5225"", ""5706"", ""5876"", ""6141"", ""6213"", ""6226"", ""6272"", ""6426"", ""6442"", ""6451"", ""6533"", ""6579"", ""6672"", ""6691"", ""6753"", ""6909"", ""6933"", ""7711"", ""7730"", ""7768"", ""7788"", ""7795"", ""7799"", ""8028"", ""8033"", ""8261""]",2026-10-01
華南台南,39,5,2298.8,17.9,"[""1727"", ""2010"", ""2025"", ""2049"", ""2387"", ""2395"", ""2484"", ""2601"", ""2645"", ""2816"", ""2915"", ""3016"", ""3041"", ""3356"", ""5519"", ""6152"", ""6669"", ""6753"", ""7765"", ""7795"", ""8070"", ""8110""]",2026-10-01
華南嘉義,30,19,1665.1,430.3,"[""1526"", ""2031"", ""2387"", ""2444"", ""2468"", ""2855"", ""3021"", ""3042"", ""3090"", ""3094"", ""4967"", ""4977"", ""5519"", ""5522"", ""5608"", ""5706"", ""6226"", ""6278"", ""6668"", ""6689"", ""6715"", ""6770"", ""8033"", ""8103"", ""9904"", ""9914""]",2026-10-01
華南基隆,41,19,1605.8,145.8,"[""1339"", ""1504"", ""1608"", ""1612"", ""2317"", ""2351"", ""2368"", ""2387"", ""2413"", ""2434"", ""2444"", ""2484"", ""2493"", ""2630"", ""2923"", ""3021"", ""3041"", ""3296"", ""3533"", ""3605"", ""5706"", ""5876"", ""6005"", ""6213"", ""6579"", ""6753"", ""6770"", ""6805"", ""6861"", ""6933"", ""8021"", ""8454"", ""9904"", ""9914""]",2026-10-01
華南大安,51,25,7229.7,1410.4,"[""1301"", ""1303"", ""1513"", ""1608"", ""1721"", ""1727"", ""2010"", ""2305"", ""2313"", ""2327"", ""2344"", ""2351"", ""2481"", ""2492"", ""2493"", ""2855"", ""2891"", ""3016"", ""3055"", ""3209"", ""3481"", ""3653"", ""3708"", ""4770"", ""5706"", ""5876"", ""6139"", ""6278"", ""6426"", ""6589"", ""6770"", ""6933"", ""7730"", ""7788"", ""8033"", ""8039"", ""9904""]",2026-10-01
華南大甲,24,7,3796.5,331.5,"[""1303"", ""1307"", ""1608"", ""2317"", ""2344"", ""2357"", ""2413"", ""2801"", ""2887"", ""3006"", ""3229"", ""3231"", ""3543"", ""3661"", ""5225"", ""6116"", ""6505"", ""8150""]",2026-10-01
華南小港,24,9,1356.9,60.9,"[""1713"", ""2027"", ""2030"", ""2031"", ""2313"", ""2332"", ""2387"", ""2454"", ""2455"", ""2891"", ""3008"", ""3021"", ""4722"", ""4956"", ""6152"", ""6166"", ""6446"", ""6533"", ""6589""]",2026-10-01
華南岡山,31,8,1054.8,134.5,"[""1514"", ""1608"", ""1721"", ""1810"", ""2025"", ""2031"", ""2379"", ""2387"", ""2413"", ""2634"", ""2816"", ""2882"", ""2890"", ""3016"", ""3019"", ""3041"", ""3413"", ""3504"", ""4736"", ""4949"", ""6005"", ""6226"", ""6691"", ""6834"", ""6885"", ""8033"", ""8996""]",2026-10-01
華南彰化,40,13,1629.9,65.9,"[""1312"", ""1409"", ""1423"", ""1514"", ""1528"", ""1612"", ""1721"", ""2010"", ""2204"", ""2254"", ""2312"", ""2351"", ""2489"", ""3041"", ""3046"", ""3356"", ""3481"", ""3543"", ""3661"", ""3715"", ""5519"", ""5871"", ""6005"", ""6166"", ""6226"", ""6446"", ""6668"", ""9914""]",2026-10-01
華南忠孝,42,27,2858.9,1449.2,"[""1312"", ""1503"", ""1727"", ""1810"", ""2010"", ""2059"", ""2353"", ""2426"", ""2454"", ""2468"", ""2478"", ""2481"", ""2483"", ""2492"", ""2493"", ""3008"", ""3017"", ""3026"", ""3041"", ""3055"", ""3443"", ""4770"", ""4927"", ""4949"", ""6226"", ""6456"", ""6533"", ""6715"", ""6753"", ""6770"", ""7795"", ""8261"", ""8996""]",2026-10-01
華南敦南,33,13,6750.9,921.2,"[""1108"", ""1303"", ""1312"", ""1513"", ""1709"", ""2010"", ""2305"", ""2342"", ""2467"", ""2546"", ""2548"", ""2634"", ""2882"", ""2883"", ""2887"", ""2915"", ""3017"", ""3055"", ""3669"", ""3717"", ""4956"", ""4967"", ""5225"", ""6579"", ""7730""]",2026-10-01
華南斗六,33,16,5257.8,1451.4,"[""1314"", ""1514"", ""1560"", ""1727"", ""1810"", ""2069"", ""2303"", ""2375"", ""2377"", ""2434"", ""2483"", ""2739"", ""2890"", ""3046"", ""3049"", ""3356"", ""3481"", ""3605"", ""4764"", ""5515"", ""6152"", ""6226"", ""6278"", ""6456"", ""6770"", ""6906"", ""8021""]",2026-10-01
華南新莊,15,8,306.1,125.9,"[""1519"", ""1526"", ""1608"", ""1713"", ""3708"", ""3717"", ""4770"", ""6226"", ""6668"", ""6672"", ""6933"", ""7799"", ""8150"", ""8261"", ""8996""]",2026-10-01
華南朴子,30,5,2406.8,35.6,"[""1312"", ""1326"", ""1513"", ""1528"", ""1709"", ""2103"", ""2645"", ""3021"", ""3296"", ""3679"", ""5519"", ""5522"", ""5706"", ""6224"", ""6426"", ""6668"", ""6933"", ""6969"", ""7730"", ""8110""]",2026-10-01
華南東勢,13,3,288.5,61.0,"[""1718"", ""2241"", ""2903"", ""3021"", ""3026"", ""3652"", ""5285"", ""6533"", ""6715"", ""6949"", ""8454"", ""9914""]",2026-10-01
華南東昇,29,6,971.0,38.5,"[""1301"", ""1526"", ""2010"", ""2025"", ""2305"", ""2468"", ""2496"", ""2542"", ""2634"", ""2816"", ""2915"", ""3016"", ""3046"", ""3305"", ""3661"", ""5225"", ""5434"", ""6005"", ""6112"", ""6152"", ""6213"", ""6715"", ""6885""]",2026-10-01
華南板橋,47,16,1997.7,240.2,"[""1326"", ""1560"", ""1605"", ""1612"", ""2010"", ""2027"", ""2069"", ""2305"", ""2338"", ""2340"", ""2359"", ""2408"", ""2426"", ""2434"", ""2468"", ""2493"", ""2546"", ""2547"", ""3016"", ""3037"", ""3055"", ""3189"", ""3229"", ""3356"", ""3605"", ""4958"", ""5706"", ""6533"", ""6668"", ""6689"", ""6706"", ""6909"", ""7788"", ""7795"", ""8046"", ""8103""]",2026-10-01
華南林口,41,20,1664.0,245.8,"[""1326"", ""1513"", ""1526"", ""2069"", ""2375"", ""2379"", ""2387"", ""2413"", ""2421"", ""2434"", ""2489"", ""2603"", ""2739"", ""3018"", ""3041"", ""3055"", ""3229"", ""3376"", ""3504"", ""3661"", ""4956"", ""4976"", ""6141"", ""6168"", ""6213"", ""6226"", ""6243"", ""6515"", ""6668"", ""6919"", ""8039"", ""8150"", ""8454"", ""9914""]",2026-10-01
華南桃園,39,15,1930.9,614.8,"[""1446"", ""2031"", ""2338"", ""2413"", ""2444"", ""2455"", ""2478"", ""2484"", ""2496"", ""2542"", ""2634"", ""3008"", ""3018"", ""3042"", ""3090"", ""3229"", ""3450"", ""3679"", ""4956"", ""5285"", ""5706"", ""6214"", ""6271"", ""6442"", ""6672"", ""6909"", ""7722"", ""8039"", ""8046"", ""8110"", ""8261""]",2026-10-01
華南楠梓,33,16,4243.9,881.0,"[""1108"", ""1409"", ""1526"", ""1605"", ""1718"", ""1721"", ""2338"", ""2409"", ""2426"", ""2478"", ""2496"", ""2634"", ""2645"", ""2915"", ""3018"", ""3019"", ""3311"", ""3450"", ""3481"", ""3543"", ""3708"", ""4133"", ""5519"", ""6005"", ""6116"", ""6152"", ""6226"", ""6668"", ""9914"", ""9945""]",2026-10-01
華南民權,13,8,368.9,174.1,"[""1612"", ""1802"", ""2347"", ""2413"", ""2890"", ""3006"", ""3413"", ""4133"", ""4736"", ""6226"", ""6933"", ""8039"", ""9914""]",2026-10-01
華南永昌,910,397,154622.2,23007.2,"[""1218"", ""1301"", ""1303"", ""1307"", ""1312"", ""1326"", ""1423"", ""1504"", ""1513"", ""1519"", ""1560"", ""1569"", ""1608"", ""1612"", ""1709"", ""1714"", ""1717"", ""1727"", ""1785"", ""1802"", ""1809"", ""1810"", ""1815"", ""2027"", ""2030"", ""2031"", ""2049"", ""2059"", ""2061"", ""2069"", ""2070"", ""2103"", ""2221"", ""2301"", ""2303"", ""2305"", ""2308"", ""2312"", ""2313"", ""2317"", ""2327"", ""2330"", ""2332"", ""2337"", ""2338"", ""2344"", ""2351"", ""2352"", ""2357"", ""2359"", ""2360"", ""2368"", ""2375"", ""2376"", ""2379"", ""2382"", ""2387"", ""2392"", ""2395"", ""2406"", ""2408"", ""2409"", ""2425"", ""2426"", ""2434"", ""2436"", ""2438"", ""2449"", ""2454"", ""2455"", ""2464"", ""2467"", ""2468"", ""2472"", ""2481"", ""2484"", ""2489"", ""2491"", ""2492"", ""2493"", ""2542"", ""2546"", ""2601"", ""2603"", ""2618"", ""2633"", ""2645"", ""2816"", ""2855"", ""2883"", ""2886"", ""2887"", ""2890"", ""2891"", ""3006"", ""3008"", ""3016"", ""3017"", ""3021"", ""3026"", ""3037"", ""3042"", ""3044"", ""3055"", ""3081"", ""3094"", ""3105"", ""3135"", ""3162"", ""3167"", ""3189"", ""3211"", ""3219"", ""3227"", ""3229"", ""3231"", ""3234"", ""3264"", ""3296"", ""3297"", ""3324"", ""3356"", ""3357"", ""3362"", ""3374"", ""3388"", ""3406"", ""3413"", ""3441"", ""3443"", ""3444"", ""3450"", ""3455"", ""3467"", ""3481"", ""3498"", ""3518"", ""3529"", ""3532"", ""3533"", ""3605"", ""3624"", ""3653"", ""3661"", ""3665"", ""3675"", ""3679"", ""3693"", ""3708"", ""3709"", ""4171"", ""4416"", ""4541"", ""4542"", ""4556"", ""4566"", ""4735"", ""4736"", ""4764"", ""4770"", ""4772"", ""4807"", ""4908"", ""4924"", ""4931"", ""4939"", ""4958"", ""4967"", ""4973"", ""4976"", ""4977"", ""4979"", ""4991"", ""5202"", ""5225"", ""5251"", ""5274"", ""5285"", ""5289"", ""5291"", ""5309"", ""5314"", ""5328"", ""5347"", ""5351"", ""5371"", ""5386"", ""5434"", ""5464"", ""5475"", ""5483"", ""5515"", ""5519"", ""5522"", ""5876"", ""5904"", ""6026"", ""6112"", ""6116"", ""6141"", ""6147"", ""6148"", ""6152"", ""6166"", ""6173"", ""6175"", ""6179"", ""6182"", ""6187"", ""6204"", ""6206"", ""6207"", ""6213"", ""6218"", ""6221"", ""6223"", ""6225"", ""6226"", ""6231"", ""6243"", ""6244"", ""6245"", ""6259"", ""6272"", ""6274"", ""6278"", ""6279"", ""6290"", ""6409"", ""6426"", ""6442"", ""6446"", ""6451"", ""6456"", ""6472"", ""6488"", ""6505"", ""6510"", ""6515"", ""6531"", ""6533"", ""6538"", ""6584"", ""6588"", ""6590"", ""6617"", ""6620"", ""6640"", ""6669"", ""6683"", ""6691"", ""6693"", ""6706"", ""6712"", ""6715"", ""6727"", ""6739"", ""6742"", ""6770"", ""6805"", ""6811"", ""6829"", ""6830"", ""6831"", ""6861"", ""6869"", ""6907"", ""6925"", ""6933"", ""6945"", ""6949"", ""6969"", ""7610"", ""7711"", ""7714"", ""7717"", ""7722"", ""7730"", ""7749"", ""7750"", ""7751"", ""7765"", ""7769"", ""7788"", ""7792"", ""7795"", ""7825"", ""7842"", ""8021"", ""8027"", ""8028"", ""8033"", ""8039"", ""8042"", ""8043"", ""8046"", ""8054"", ""8064"", ""8070"", ""8084"", ""8085"", ""8096"", ""8103"", ""8110"", ""8111"", ""8150"", ""8227"", ""8261"", ""8358"", ""8431"", ""8454"", ""8996"", ""9904"", ""9914"", ""9933""]",2026-10-01
華南淡水,19,8,605.8,92.1,"[""1409"", ""1605"", ""2312"", ""2342"", ""2392"", ""2434"", ""2493"", ""2546"", ""3016"", ""3679"", ""4956"", ""6213"", ""6409"", ""8103"", ""8150""]",2026-10-01
華南潮州,21,10,1028.1,135.0,"[""1301"", ""1303"", ""1314"", ""1528"", ""1608"", ""1802"", ""2010"", ""2496"", ""2923"", ""3008"", ""3055"", ""3094"", ""4807"", ""4956"", ""6426"", ""9945""]",2026-10-01
華南竹北,84,33,3953.0,657.8,"[""1303"", ""1423"", ""1709"", ""1713"", ""2305"", ""2313"", ""2327"", ""2340"", ""2351"", ""2376"", ""2425"", ""2449"", ""2455"", ""2465"", ""2483"", ""2491"", ""2492"", ""2493"", ""2855"", ""2891"", ""3037"", ""3044"", ""3046"", ""3189"", ""3311"", ""3450"", ""3532"", ""4958"", ""4967"", ""4976"", ""5225"", ""6116"", ""6139"", ""6213"", ""6426"", ""6451"", ""6456"", ""6715"", ""6861"", ""6924"", ""7730"", ""7765"", ""8021"", ""8046"", ""8150""]",2026-10-01
華南苗栗,23,8,1386.4,216.9,"[""1326"", ""1339"", ""1714"", ""1810"", ""2359"", ""2492"", ""2882"", ""3021"", ""3406"", ""4133"", ""4956"", ""5285"", ""5519"", ""6116"", ""6209"", ""6226"", ""6278"", ""6442"", ""6861"", ""7722""]",2026-10-01
華南虎尾,51,19,1964.3,342.9,"[""1301"", ""1608"", ""1612"", ""1809"", ""2020"", ""2241"", ""2327"", ""2542"", ""2915"", ""3021"", ""3041"", ""3049"", ""3094"", ""3167"", ""3234"", ""3260"", ""3564"", ""3675"", ""4736"", ""4973"", ""5202"", ""5251"", ""5328"", ""6148"", ""6152"", ""6225"", ""6279"", ""6456"", ""6515"", ""6584"", ""6588"", ""7768"", ""7828"", ""8033"", ""8038"", ""8064"", ""8085"", ""8103"", ""8112"", ""8261"", ""8358"", ""8454""]",2026-10-01
華南豐原,57,23,8001.3,1731.9,"[""1108"", ""1301"", ""1303"", ""1326"", ""1409"", ""1513"", ""1802"", ""1809"", ""1810"", ""2301"", ""2332"", ""2337"", ""2344"", ""2387"", ""2388"", ""2409"", ""2481"", ""2484"", ""2491"", ""3041"", ""3046"", ""3048"", ""3356"", ""3450"", ""3481"", ""3679"", ""3702"", ""3708"", ""4736"", ""6168"", ""6213"", ""6672"", ""6770"", ""6933"", ""8028"", ""8033"", ""9945""]",2026-10-01
華南長虹,42,16,1568.4,739.5,"[""1108"", ""1709"", ""1795"", ""2030"", ""2204"", ""2301"", ""2313"", ""2342"", ""2387"", ""2413"", ""2489"", ""2645"", ""2739"", ""2816"", ""2891"", ""3016"", ""3311"", ""3679"", ""3708"", ""3716"", ""4764"", ""5608"", ""6515"", ""6525"", ""6715"", ""7730"", ""9914"", ""9945""]",2026-10-01
華南頭份,17,5,695.5,18.0,"[""1608"", ""2010"", ""2312"", ""2369"", ""2413"", ""2449"", ""2496"", ""2739"", ""3504"", ""6426"", ""6672"", ""6691"", ""7795"", ""7799"", ""8033"", ""9945""]",2026-10-01
華南高雄,90,51,6352.7,3737.2,"[""1301"", ""1326"", ""1809"", ""2049"", ""2254"", ""2305"", ""2327"", ""2330"", ""2344"", ""2357"", ""2363"", ""2382"", ""2387"", ""2395"", ""2409"", ""2413"", ""2449"", ""2451"", ""2455"", ""2468"", ""2484"", ""2855"", ""2883"", ""3018"", ""3037"", ""3042"", ""3090"", ""3229"", ""3296"", ""3311"", ""3356"", ""3406"", ""3450"", ""3532"", ""3661"", ""3679"", ""3716"", ""4566"", ""4956"", ""4958"", ""5519"", ""5706"", ""6005"", ""6166"", ""6213"", ""6226"", ""6426"", ""6442"", ""6451"", ""6505"", ""6533"", ""6753"", ""6830"", ""6933"", ""8039"", ""8103"", ""8150"", ""8454""]",2026-10-01
華南鳳山,57,27,3692.2,1060.9,"[""1307"", ""1526"", ""1612"", ""1721"", ""1809"", ""2031"", ""2059"", ""2301"", ""2347"", ""2363"", ""2369"", ""2387"", ""2409"", ""2455"", ""2465"", ""2484"", ""2493"", ""2496"", ""2633"", ""2634"", ""3041"", ""3046"", ""3049"", ""3296"", ""3605"", ""3665"", ""3669"", ""3702"", ""3717"", ""4566"", ""4956"", ""5225"", ""5519"", ""5608"", ""6209"", ""6225"", ""6226"", ""6243"", ""6715"", ""6869"", ""6909"", ""6933"", ""8039"", ""8150""]",2026-10-01
華南鶯歌,28,12,932.2,183.9,"[""1802"", ""2010"", ""2204"", ""2305"", ""2340"", ""2369"", ""2406"", ""2413"", ""2464"", ""2478"", ""2723"", ""2816"", ""2891"", ""3016"", ""3055"", ""3653"", ""4133"", ""4736"", ""5522"", ""5706"", ""6112"", ""6271"", ""6869"", ""8028"", ""8110"", ""9904""]",2026-10-01
華南麻豆,40,14,5489.3,896.8,"[""1307"", ""1514"", ""1810"", ""2025"", ""2031"", ""2059"", ""2103"", ""2369"", ""2409"", ""2455"", ""2496"", ""2603"", ""2630"", ""2883"", ""3008"", ""3042"", ""3046"", ""3231"", ""3296"", ""3311"", ""3413"", ""3481"", ""5225"", ""5292"", ""5515"", ""6213"", ""6282"", ""6426"", ""6689"", ""6691"", ""6770"", ""6909"", ""8033"", ""8261""]",2026-10-01
陽信,22,10,1335.1,370.0,"[""1301"", ""1503"", ""1514"", ""2382"", ""2413"", ""2426"", ""2455"", ""2481"", ""2618"", ""3019"", ""6226"", ""6271"", ""6272"", ""6278"", ""6282"", ""7799"", ""8261""]",2026-10-01
陽信台中,4,2,181.0,105.0,"[""2883"", ""3081"", ""4556"", ""8110""]",2026-10-01
陽信台南,6,3,500.0,463.0,"[""2884"", ""3211"", ""3675"", ""3693"", ""5386""]",2026-10-01
陽信石牌,56,24,3179.5,576.6,"[""1528"", ""1810"", ""2070"", ""2312"", ""2327"", ""2330"", ""2332"", ""2492"", ""2542"", ""3016"", ""3021"", ""3041"", ""3105"", ""3211"", ""3234"", ""3296"", ""3356"", ""3450"", ""3455"", ""3543"", ""4542"", ""4556"", ""4770"", ""4908"", ""4939"", ""4967"", ""4976"", ""5292"", ""5328"", ""6182"", ""6213"", ""6225"", ""6226"", ""6231"", ""6279"", ""6515"", ""6584"", ""6691"", ""6834"", ""6907"", ""8084"", ""8085""]",2026-10-01
陽信證券,24,9,274.0,35.0,"[""3066"", ""3081"", ""3147"", ""3162"", ""3297"", ""3362"", ""3498"", ""3685"", ""3707"", ""4971"", ""5299"", ""5475"", ""6199"", ""6231"", ""6590"", ""6640"", ""6945"", ""7828"", ""8050"", ""8076"", ""8937""]",2026-10-01
陽信高雄,15,4,299.0,20.0,"[""1709"", ""2025"", ""2070"", ""3066"", ""3211"", ""3624"", ""4556"", ""4973"", ""5285"", ""6204"", ""6271"", ""6279"", ""8937""]",2026-10-01
高橋,92,41,2740.8,524.3,"[""1528"", ""1608"", ""1721"", ""2010"", ""2031"", ""2338"", ""2340"", ""2351"", ""2359"", ""2368"", ""2387"", ""2388"", ""2395"", ""2413"", ""2434"", ""2438"", ""2546"", ""2816"", ""3046"", ""3105"", ""3229"", ""3441"", ""3564"", ""3661"", ""3680"", ""4566"", ""4577"", ""4736"", ""4919"", ""4931"", ""4939"", ""4949"", ""4971"", ""4973"", ""4977"", ""5225"", ""5299"", ""5328"", ""5484"", ""5515"", ""5706"", ""6026"", ""6141"", ""6152"", ""6168"", ""6173"", ""6259"", ""6279"", ""6617"", ""6683"", ""6693"", ""6770"", ""6811"", ""6829"", ""6906"", ""7751"", ""7795"", ""7828"", ""8042"", ""8054"", ""8064"", ""8084"", ""8111"", ""8182"", ""8374"", ""9904"", ""9914""]",2026-10-01
高橋中壢,11,4,356.9,84.0,"[""1815"", ""3021"", ""4540"", ""4931"", ""4956"", ""6152"", ""6209""]",2026-10-01
高橋內壢,27,9,3014.7,332.9,"[""1301"", ""1303"", ""1314"", ""1608"", ""1718"", ""2340"", ""2344"", ""2436"", ""2546"", ""3162"", ""3189"", ""3362"", ""3529"", ""3708"", ""4171"", ""4931"", ""4958"", ""4973"", ""6152"", ""6182"", ""6207"", ""8261""]",2026-10-01
高橋龍潭,37,10,923.3,44.7,"[""1802"", ""2010"", ""2020"", ""2025"", ""2031"", ""2376"", ""2388"", ""2413"", ""2542"", ""2546"", ""2606"", ""2630"", ""3413"", ""3467"", ""4133"", ""4540"", ""4967"", ""4973"", ""5292"", ""5483"", ""5706"", ""6409"", ""6589"", ""6690"", ""6693"", ""6907"", ""6933"", ""7788"", ""8070"", ""8150"", ""8454"", ""9904""]",2026-10-01
